INSERT INTO Users (username, password) VALUES ('Kimberley', 'gyDQYYqpga');
INSERT INTO Users (username, password) VALUES ('Giovanni', 'nwSLxvsbsv');
INSERT INTO Users (username, password) VALUES ('Tamela', 'UOgUBlcEHh');
INSERT INTO Users (username, password) VALUES ('Ofelia', 'ABDrTDcCkw');
INSERT INTO Users (username, password) VALUES ('Tena', 'ieHGZlAIaC');
INSERT INTO Users (username, password) VALUES ('Genoveva', 'epKAghiVOl');
INSERT INTO Users (username, password) VALUES ('Reena', 'VerJzPOpTk');
INSERT INTO Users (username, password) VALUES ('Ken', 'FOixEsfZBN');
INSERT INTO Users (username, password) VALUES ('Modesto', 'bOtSKfDPiT');
INSERT INTO Users (username, password) VALUES ('Aurea', 'ntJJhFilqo');
INSERT INTO Users (username, password) VALUES ('Connie', 'wNSruIbBNP');
INSERT INTO Users (username, password) VALUES ('Susanne', 'GliUEouDoc');
INSERT INTO Users (username, password) VALUES ('Althea', 'HKzJthqWqk');
INSERT INTO Users (username, password) VALUES ('Denyse', 'vDySfJXiTS');
INSERT INTO Users (username, password) VALUES ('Madge', 'XDoaxURaFI');
INSERT INTO Users (username, password) VALUES ('Rozanne', 'ocQEtsjFdx');
INSERT INTO Users (username, password) VALUES ('Adriane', 'ILXEImgwvF');
INSERT INTO Users (username, password) VALUES ('Carman', 'ejJpJKUppd');
INSERT INTO Users (username, password) VALUES ('Lakeesha', 'oJNuQrpVRb');
INSERT INTO Users (username, password) VALUES ('Stephane', 'QJlRkwGkkf');
INSERT INTO Users (username, password) VALUES ('Raven', 'ECFycdCzOW');
INSERT INTO Users (username, password) VALUES ('Devon', 'ogEPwHEDHn');
INSERT INTO Users (username, password) VALUES ('Zenia', 'OCrNYHwoIG');
INSERT INTO Users (username, password) VALUES ('Deandrea', 'gdNMBmvbgJ');
INSERT INTO Users (username, password) VALUES ('Deetta', 'mnLqcNowqE');
INSERT INTO Users (username, password) VALUES ('Carlotta', 'PqgxmwUGnl');
INSERT INTO Users (username, password) VALUES ('Gregg', 'gfEBHTxyra');
INSERT INTO Users (username, password) VALUES ('Brigid', 'WbtJdTvKmV');
INSERT INTO Users (username, password) VALUES ('Fausto', 'MxkVDxSzCC');
INSERT INTO Users (username, password) VALUES ('Veola', 'fWTheCMZgB');
INSERT INTO Users (username, password) VALUES ('Argelia', 'vvmEaJaudJ');
INSERT INTO Users (username, password) VALUES ('Aisha', 'CgJRUZpkGD');
INSERT INTO Users (username, password) VALUES ('Elanor', 'pxwBhsnsZu');
INSERT INTO Users (username, password) VALUES ('Staci', 'JyyPKoTYlB');
INSERT INTO Users (username, password) VALUES ('Krystle', 'sSQpmcWsXL');
INSERT INTO Users (username, password) VALUES ('Laurena', 'fBtkkNosNi');
INSERT INTO Users (username, password) VALUES ('Cory', 'TfOKEZLoNN');
INSERT INTO Users (username, password) VALUES ('Karina', 'ERiDzasXHC');
INSERT INTO Users (username, password) VALUES ('Sherryl', 'uoEGjjZUpN');
INSERT INTO Users (username, password) VALUES ('Artie', 'WZSPoAuqnY');
INSERT INTO Users (username, password) VALUES ('Jay', 'ZQZmWDutyo');
INSERT INTO Users (username, password) VALUES ('Joana', 'ByHeHrPdCM');
INSERT INTO Users (username, password) VALUES ('Karon', 'jWEDMLgEnz');
INSERT INTO Users (username, password) VALUES ('Cindie', 'vVIWRyeYUw');
INSERT INTO Users (username, password) VALUES ('Stewart', 'lGWxPUrAHA');
INSERT INTO Users (username, password) VALUES ('Jed', 'olBJNXCcPg');
INSERT INTO Users (username, password) VALUES ('Oma', 'nEyScsVxOU');
INSERT INTO Users (username, password) VALUES ('Savanna', 'PrrCBtDiQQ');
INSERT INTO Users (username, password) VALUES ('Everett', 'odHEuHkrUP');
INSERT INTO Users (username, password) VALUES ('Trevor', 'GsVNvogIYx');
INSERT INTO Users (username, password) VALUES ('Mika', 'FDmmwRvCxz');
INSERT INTO Users (username, password) VALUES ('Byron', 'dzLpGShcOA');
INSERT INTO Users (username, password) VALUES ('Florentino', 'BrZoMjXGVN');
INSERT INTO Users (username, password) VALUES ('Maria', 'hwtUVgkaPy');
INSERT INTO Users (username, password) VALUES ('Kathy', 'UisbWBswqH');
INSERT INTO Users (username, password) VALUES ('Bernarda', 'YqRrUiJwSJ');
INSERT INTO Users (username, password) VALUES ('Michaela', 'HAvvapYUEM');
INSERT INTO Users (username, password) VALUES ('Kimber', 'hYXfrYObhK');
INSERT INTO Users (username, password) VALUES ('Isabell', 'uoNbQTEshn');
INSERT INTO Users (username, password) VALUES ('Toni', 'ApKhpzJrGf');
INSERT INTO Users (username, password) VALUES ('Luisa', 'IvDPbzRnek');
INSERT INTO Users (username, password) VALUES ('Raphael', 'zPauldkgOB');
INSERT INTO Users (username, password) VALUES ('Magdalena', 'qbvmmWOUPo');
INSERT INTO Users (username, password) VALUES ('Azzie', 'mqqoGwLFIP');
INSERT INTO Users (username, password) VALUES ('Charolette', 'ydRppyVlsO');
INSERT INTO Users (username, password) VALUES ('Karima', 'mpDALPGlxD');
INSERT INTO Users (username, password) VALUES ('Janine', 'DUTzrQvoNT');
INSERT INTO Users (username, password) VALUES ('Rosalee', 'NpuuXXYWOL');
INSERT INTO Users (username, password) VALUES ('Eleanora', 'rqhZPdxMYp');
INSERT INTO Users (username, password) VALUES ('Stephani', 'AMeNeuEggD');
INSERT INTO Users (username, password) VALUES ('Tammie', 'fqqXwlcokL');
INSERT INTO Users (username, password) VALUES ('Flo', 'onBaqXbjfe');
INSERT INTO Users (username, password) VALUES ('Verna', 'qIUzKxqSya');
INSERT INTO Users (username, password) VALUES ('Sunni', 'GnbpqAcJLa');
INSERT INTO Users (username, password) VALUES ('Rodrigo', 'RjCGzzNVuy');
INSERT INTO Users (username, password) VALUES ('Janetta', 'swKwouXgze');
INSERT INTO Users (username, password) VALUES ('Scotty', 'OFEgdInWzt');
INSERT INTO Users (username, password) VALUES ('Mayme', 'aXyMxInLIa');
INSERT INTO Users (username, password) VALUES ('Madelaine', 'IqsSwoUHhp');
INSERT INTO Users (username, password) VALUES ('Daisey', 'rfSuVkOtkG');
INSERT INTO Users (username, password) VALUES ('Marya', 'LHKKzwdvVh');
INSERT INTO Users (username, password) VALUES ('Gwen', 'nwhcWnQajN');
INSERT INTO Users (username, password) VALUES ('Debby', 'yLVLLOhozu');
INSERT INTO Users (username, password) VALUES ('Ricki', 'vmkjhZkWxZ');
INSERT INTO Users (username, password) VALUES ('Barney', 'HBxFjtAkWq');
INSERT INTO Users (username, password) VALUES ('Donya', 'pGbWlcqTpg');
INSERT INTO Users (username, password) VALUES ('Faith', 'VVErkgtZAn');
INSERT INTO Users (username, password) VALUES ('Kallie', 'qVFslWuuQO');
INSERT INTO Users (username, password) VALUES ('Bradly', 'wfZDXlwWXF');
INSERT INTO Users (username, password) VALUES ('Christiana', 'jEuTSNYNGw');
INSERT INTO Users (username, password) VALUES ('Penny', 'MtIegAuHWK');
INSERT INTO Users (username, password) VALUES ('Alton', 'xFyLFxzxDI');
INSERT INTO Users (username, password) VALUES ('Tashia', 'JVcOmboiVj');
INSERT INTO Users (username, password) VALUES ('Madlyn', 'NpJAtnyQYg');
INSERT INTO Users (username, password) VALUES ('Conception', 'JwUAcGvNAg');
INSERT INTO Users (username, password) VALUES ('Rodger', 'DsBbyTzLuq');
INSERT INTO Users (username, password) VALUES ('Merna', 'wysIGWmpaW');
INSERT INTO Users (username, password) VALUES ('Blair', 'AAITgFTfZJ');
INSERT INTO Users (username, password) VALUES ('Fredda', 'nqCQQDyacf');
INSERT INTO Users (username, password) VALUES ('Kenny', 'CWtUVKUYbT');
INSERT INTO Cuisines (cname) VALUES ('Italian');
INSERT INTO Cuisines (cname) VALUES ('Mexican');
INSERT INTO Cuisines (cname) VALUES ('Chinese');
INSERT INTO Cuisines (cname) VALUES ('Indian');
INSERT INTO Cuisines (cname) VALUES ('Japanese');
INSERT INTO Cuisines (cname) VALUES ('Greek');
INSERT INTO Cuisines (cname) VALUES ('Spanish');
INSERT INTO Cuisines (cname) VALUES ('French');
INSERT INTO Cuisines (cname) VALUES ('Thai');
INSERT INTO Cuisines (cname) VALUES ('Vietnamese');
INSERT INTO Cuisines (cname) VALUES ('Korean');
INSERT INTO Cuisines (cname) VALUES ('Vegetarian');
INSERT INTO Cuisines (cname) VALUES ('American');
INSERT INTO Cuisines (cname) VALUES ('German');
INSERT INTO Cuisines (cname) VALUES ('Fusion');
INSERT INTO Cuisines (cname) VALUES ('Russian');
INSERT INTO Cuisines (cname) VALUES ('Desert');
INSERT INTO Cuisines (cname) VALUES ('Singaporean');
INSERT INTO Cuisines (cname) VALUES ('Indonesian');
INSERT INTO Cuisines (cname) VALUES ('Filipino');
INSERT INTO Restaurants (rname, cname) VALUES ('Peace Meal', 'Indonesian');
INSERT INTO Restaurants (rname, cname) VALUES ('Waffle Stomper', 'Indian');
INSERT INTO Restaurants (rname, cname) VALUES ('Zuke', 'Fusion');
INSERT INTO Restaurants (rname, cname) VALUES ('Bob Mutton', 'Vegetarian');
INSERT INTO Restaurants (rname, cname) VALUES ('Food Frolic', 'Desert');
INSERT INTO Restaurants (rname, cname) VALUES ('Minga', 'Italian');
INSERT INTO Restaurants (rname, cname) VALUES ('The Raspy Magpie', 'Thai');
INSERT INTO Restaurants (rname, cname) VALUES ('Unit Socrates', 'Chinese');
INSERT INTO Restaurants (rname, cname) VALUES ('Ozean', 'Indian');
INSERT INTO Restaurants (rname, cname) VALUES ('The Crazy Crawfish', 'Filipino');
INSERT INTO Restaurants (rname, cname) VALUES ('Cornpone Castle', 'Japanese');
INSERT INTO Restaurants (rname, cname) VALUES ('Lyricalia', 'Spanish');
INSERT INTO Restaurants (rname, cname) VALUES ('Quickie Lickie', 'Fusion');
INSERT INTO Restaurants (rname, cname) VALUES ('Prawn Phreak', 'American');
INSERT INTO Restaurants (rname, cname) VALUES ('Rockyard', 'Filipino');
INSERT INTO Restaurants (rname, cname) VALUES ('Flambo', 'Italian');
INSERT INTO Restaurants (rname, cname) VALUES ('Bennies Fishery', 'Japanese');
INSERT INTO Restaurants (rname, cname) VALUES ('Shakedown', 'Mexican');
INSERT INTO Restaurants (rname, cname) VALUES ('Gorganic', 'Spanish');
INSERT INTO Restaurants (rname, cname) VALUES ('AstroCoffee', 'Indian');
INSERT INTO Restaurants (rname, cname) VALUES ('Pizza Experience', 'Desert');
INSERT INTO Restaurants (rname, cname) VALUES ('Banjo Pancake', 'Korean');
INSERT INTO Restaurants (rname, cname) VALUES ('Atomic Coffee', 'Vietnamese');
INSERT INTO Restaurants (rname, cname) VALUES ('Coffee Lodge', 'Vietnamese');
INSERT INTO Restaurants (rname, cname) VALUES ('Friendly Fire', 'Thai');
INSERT INTO Restaurants (rname, cname) VALUES ('Tandoori Vittles', 'Singaporean');
INSERT INTO Restaurants (rname, cname) VALUES ('Sasskatchy!', 'Vegetarian');
INSERT INTO Restaurants (rname, cname) VALUES ('Tarmac', 'Greek');
INSERT INTO Restaurants (rname, cname) VALUES ('Slow & Pulpy', 'Indian');
INSERT INTO Restaurants (rname, cname) VALUES ('Lambastica', 'Italian');
INSERT INTO Restaurants (rname, cname) VALUES ('The Lunchroom', 'Russian');
INSERT INTO Restaurants (rname, cname) VALUES ('Jackie Diamonds', 'Greek');
INSERT INTO Restaurants (rname, cname) VALUES ('Phat Kettle O Prawns', 'Greek');
INSERT INTO Restaurants (rname, cname) VALUES ('ExoPlanet', 'Mexican');
INSERT INTO Restaurants (rname, cname) VALUES ('Food Haus', 'Indonesian');
INSERT INTO Restaurants (rname, cname) VALUES ('Snark Bite', 'German');
INSERT INTO Restaurants (rname, cname) VALUES ('Que', 'Mexican');
INSERT INTO Restaurants (rname, cname) VALUES ('Meow Meow', 'Vietnamese');
INSERT INTO Restaurants (rname, cname) VALUES ('Plastique', 'Korean');
INSERT INTO Restaurants (rname, cname) VALUES ('Lotus Boogie', 'Korean');
INSERT INTO Restaurants (rname, cname) VALUES ('Taste Tease', 'Chinese');
INSERT INTO Restaurants (rname, cname) VALUES ('Aroma Borealis', 'German');
INSERT INTO Restaurants (rname, cname) VALUES ('Tersanki', 'Indian');
INSERT INTO Restaurants (rname, cname) VALUES ('Coffee Cat', 'Filipino');
INSERT INTO Restaurants (rname, cname) VALUES ('Quick Licks', 'Japanese');
INSERT INTO Restaurants (rname, cname) VALUES ('Crustatia', 'Indian');
INSERT INTO Restaurants (rname, cname) VALUES ('The Running Monk', 'Greek');
INSERT INTO Restaurants (rname, cname) VALUES ('The Glassy Eye', 'Japanese');
INSERT INTO Restaurants (rname, cname) VALUES ('The Spigot', 'Korean');
INSERT INTO Restaurants (rname, cname) VALUES ('Passion Pork', 'Mexican');
INSERT INTO Owners (username, rname) VALUES ('Kimberley', 'Peace Meal');
INSERT INTO Owners (username, rname) VALUES ('Giovanni', 'Waffle Stomper');
INSERT INTO Owners (username, rname) VALUES ('Tamela', 'Zuke');
INSERT INTO Owners (username, rname) VALUES ('Ofelia', 'Bob Mutton');
INSERT INTO Owners (username, rname) VALUES ('Tena', 'Food Frolic');
INSERT INTO Owners (username, rname) VALUES ('Genoveva', 'Minga');
INSERT INTO Owners (username, rname) VALUES ('Reena', 'The Raspy Magpie');
INSERT INTO Owners (username, rname) VALUES ('Ken', 'Unit Socrates');
INSERT INTO Owners (username, rname) VALUES ('Modesto', 'Ozean');
INSERT INTO Owners (username, rname) VALUES ('Aurea', 'The Crazy Crawfish');
INSERT INTO Owners (username, rname) VALUES ('Connie', 'Cornpone Castle');
INSERT INTO Owners (username, rname) VALUES ('Susanne', 'Lyricalia');
INSERT INTO Owners (username, rname) VALUES ('Althea', 'Quickie Lickie');
INSERT INTO Owners (username, rname) VALUES ('Denyse', 'Prawn Phreak');
INSERT INTO Owners (username, rname) VALUES ('Madge', 'Rockyard');
INSERT INTO Owners (username, rname) VALUES ('Rozanne', 'Flambo');
INSERT INTO Owners (username, rname) VALUES ('Adriane', 'Bennies Fishery');
INSERT INTO Owners (username, rname) VALUES ('Carman', 'Shakedown');
INSERT INTO Owners (username, rname) VALUES ('Lakeesha', 'Gorganic');
INSERT INTO Owners (username, rname) VALUES ('Stephane', 'AstroCoffee');
INSERT INTO Owners (username, rname) VALUES ('Raven', 'Pizza Experience');
INSERT INTO Owners (username, rname) VALUES ('Devon', 'Banjo Pancake');
INSERT INTO Owners (username, rname) VALUES ('Zenia', 'Atomic Coffee');
INSERT INTO Owners (username, rname) VALUES ('Deandrea', 'Coffee Lodge');
INSERT INTO Owners (username, rname) VALUES ('Deetta', 'Friendly Fire');
INSERT INTO Owners (username, rname) VALUES ('Carlotta', 'Tandoori Vittles');
INSERT INTO Owners (username, rname) VALUES ('Gregg', 'Sasskatchy!');
INSERT INTO Owners (username, rname) VALUES ('Brigid', 'Tarmac');
INSERT INTO Owners (username, rname) VALUES ('Fausto', 'Slow & Pulpy');
INSERT INTO Owners (username, rname) VALUES ('Veola', 'Lambastica');
INSERT INTO Owners (username, rname) VALUES ('Argelia', 'The Lunchroom');
INSERT INTO Owners (username, rname) VALUES ('Aisha', 'Jackie Diamonds');
INSERT INTO Owners (username, rname) VALUES ('Elanor', 'Phat Kettle O Prawns');
INSERT INTO Owners (username, rname) VALUES ('Staci', 'ExoPlanet');
INSERT INTO Owners (username, rname) VALUES ('Krystle', 'Food Haus');
INSERT INTO Owners (username, rname) VALUES ('Laurena', 'Snark Bite');
INSERT INTO Owners (username, rname) VALUES ('Cory', 'Que');
INSERT INTO Owners (username, rname) VALUES ('Karina', 'Meow Meow');
INSERT INTO Owners (username, rname) VALUES ('Sherryl', 'Plastique');
INSERT INTO Owners (username, rname) VALUES ('Artie', 'Lotus Boogie');
INSERT INTO Owners (username, rname) VALUES ('Jay', 'Taste Tease');
INSERT INTO Owners (username, rname) VALUES ('Joana', 'Aroma Borealis');
INSERT INTO Owners (username, rname) VALUES ('Karon', 'Tersanki');
INSERT INTO Owners (username, rname) VALUES ('Cindie', 'Coffee Cat');
INSERT INTO Owners (username, rname) VALUES ('Stewart', 'Quick Licks');
INSERT INTO Owners (username, rname) VALUES ('Jed', 'Crustatia');
INSERT INTO Owners (username, rname) VALUES ('Oma', 'The Running Monk');
INSERT INTO Owners (username, rname) VALUES ('Savanna', 'The Glassy Eye');
INSERT INTO Owners (username, rname) VALUES ('Everett', 'The Spigot');
INSERT INTO Owners (username, rname) VALUES ('Trevor', 'Passion Pork');
INSERT INTO Diners (username) VALUES ('Mika');
INSERT INTO Diners (username) VALUES ('Byron');
INSERT INTO Diners (username) VALUES ('Florentino');
INSERT INTO Diners (username) VALUES ('Maria');
INSERT INTO Diners (username) VALUES ('Kathy');
INSERT INTO Diners (username) VALUES ('Bernarda');
INSERT INTO Diners (username) VALUES ('Michaela');
INSERT INTO Diners (username) VALUES ('Kimber');
INSERT INTO Diners (username) VALUES ('Isabell');
INSERT INTO Diners (username) VALUES ('Toni');
INSERT INTO Diners (username) VALUES ('Luisa');
INSERT INTO Diners (username) VALUES ('Raphael');
INSERT INTO Diners (username) VALUES ('Magdalena');
INSERT INTO Diners (username) VALUES ('Azzie');
INSERT INTO Diners (username) VALUES ('Charolette');
INSERT INTO Diners (username) VALUES ('Karima');
INSERT INTO Diners (username) VALUES ('Janine');
INSERT INTO Diners (username) VALUES ('Rosalee');
INSERT INTO Diners (username) VALUES ('Eleanora');
INSERT INTO Diners (username) VALUES ('Stephani');
INSERT INTO Diners (username) VALUES ('Tammie');
INSERT INTO Diners (username) VALUES ('Flo');
INSERT INTO Diners (username) VALUES ('Verna');
INSERT INTO Diners (username) VALUES ('Sunni');
INSERT INTO Diners (username) VALUES ('Rodrigo');
INSERT INTO Diners (username) VALUES ('Janetta');
INSERT INTO Diners (username) VALUES ('Scotty');
INSERT INTO Diners (username) VALUES ('Mayme');
INSERT INTO Diners (username) VALUES ('Madelaine');
INSERT INTO Diners (username) VALUES ('Daisey');
INSERT INTO Diners (username) VALUES ('Marya');
INSERT INTO Diners (username) VALUES ('Gwen');
INSERT INTO Diners (username) VALUES ('Debby');
INSERT INTO Diners (username) VALUES ('Ricki');
INSERT INTO Diners (username) VALUES ('Barney');
INSERT INTO Diners (username) VALUES ('Donya');
INSERT INTO Diners (username) VALUES ('Faith');
INSERT INTO Diners (username) VALUES ('Kallie');
INSERT INTO Diners (username) VALUES ('Bradly');
INSERT INTO Diners (username) VALUES ('Christiana');
INSERT INTO Diners (username) VALUES ('Penny');
INSERT INTO Diners (username) VALUES ('Alton');
INSERT INTO Diners (username) VALUES ('Tashia');
INSERT INTO Diners (username) VALUES ('Madlyn');
INSERT INTO Diners (username) VALUES ('Conception');
INSERT INTO Diners (username) VALUES ('Rodger');
INSERT INTO Diners (username) VALUES ('Merna');
INSERT INTO Diners (username) VALUES ('Blair');
INSERT INTO Diners (username) VALUES ('Fredda');
INSERT INTO Diners (username) VALUES ('Kenny');
INSERT INTO RestaurantAreas (rname, aname, address, startTime, endTime) VALUES ('Peace Meal', 'Lim Chu Kang', '303 Kimberley Road Singapore 558678', '9:00', '19:00');
INSERT INTO RestaurantAreas (rname, aname, address, startTime, endTime) VALUES ('Peace Meal', 'Clementi', '403 Deetta Road Singapore 962109', '9:00', '23:00');
INSERT INTO RestaurantAreas (rname, aname, address, startTime, endTime) VALUES ('Peace Meal', 'Marina South', '44 Gwen Road Singapore 296385', '6:00', '23:00');
INSERT INTO RestaurantAreas (rname, aname, address, startTime, endTime) VALUES ('Peace Meal', 'Bukit Batok', '499 Gregg Road Singapore 187508', '11:00', '22:00');
INSERT INTO RestaurantAreas (rname, aname, address, startTime, endTime) VALUES ('Peace Meal', 'Sungei Kadut', '603 Connie Road Singapore 106802', '10:00', '21:00');
INSERT INTO RestaurantAreas (rname, aname, address, startTime, endTime) VALUES ('Waffle Stomper', 'Outram', '891 Madelaine Road Singapore 675953', '11:00', '21:00');
INSERT INTO RestaurantAreas (rname, aname, address, startTime, endTime) VALUES ('Waffle Stomper', 'North-Eastern Islands', '505 Karima Road Singapore 594570', '9:00', '23:00');
INSERT INTO RestaurantAreas (rname, aname, address, startTime, endTime) VALUES ('Waffle Stomper', 'Hougang', '402 Maria Road Singapore 344186', '11:00', '18:00');
INSERT INTO RestaurantAreas (rname, aname, address, startTime, endTime) VALUES ('Waffle Stomper', 'Kallang', '94 Everett Road Singapore 689178', '11:00', '20:00');
INSERT INTO RestaurantAreas (rname, aname, address, startTime, endTime) VALUES ('Waffle Stomper', 'Toa Payoh', '532 Ofelia Road Singapore 358138', '6:00', '23:00');
INSERT INTO RestaurantAreas (rname, aname, address, startTime, endTime) VALUES ('Zuke', 'Geylang', '947 Ricki Road Singapore 790329', '10:00', '23:00');
INSERT INTO RestaurantAreas (rname, aname, address, startTime, endTime) VALUES ('Zuke', 'Tengah', '173 Karina Road Singapore 637810', '11:00', '19:00');
INSERT INTO RestaurantAreas (rname, aname, address, startTime, endTime) VALUES ('Zuke', 'Woodlands', '121 Aurea Road Singapore 505489', '6:00', '21:00');
INSERT INTO RestaurantAreas (rname, aname, address, startTime, endTime) VALUES ('Zuke', 'Orchard', '916 Susanne Road Singapore 147278', '6:00', '22:00');
INSERT INTO RestaurantAreas (rname, aname, address, startTime, endTime) VALUES ('Zuke', 'North-Eastern Islands', '960 Janine Road Singapore 471261', '6:00', '23:00');
INSERT INTO RestaurantAreas (rname, aname, address, startTime, endTime) VALUES ('Bob Mutton', 'Tengah', '104 Susanne Road Singapore 867780', '6:00', '20:00');
INSERT INTO RestaurantAreas (rname, aname, address, startTime, endTime) VALUES ('Bob Mutton', 'Tampines', '208 Karima Road Singapore 399537', '7:00', '23:00');
INSERT INTO RestaurantAreas (rname, aname, address, startTime, endTime) VALUES ('Bob Mutton', 'Tampines', '959 Faith Road Singapore 246842', '11:00', '23:00');
INSERT INTO RestaurantAreas (rname, aname, address, startTime, endTime) VALUES ('Bob Mutton', 'Bukit Panjang', '977 Modesto Road Singapore 504264', '10:00', '20:00');
INSERT INTO RestaurantAreas (rname, aname, address, startTime, endTime) VALUES ('Bob Mutton', 'Choa Chu Kang', '171 Tamela Road Singapore 482433', '8:00', '22:00');
INSERT INTO RestaurantAreas (rname, aname, address, startTime, endTime) VALUES ('Food Frolic', 'Marina East', '410 Krystle Road Singapore 133857', '11:00', '21:00');
INSERT INTO RestaurantAreas (rname, aname, address, startTime, endTime) VALUES ('Food Frolic', 'Tengah', '821 Madlyn Road Singapore 840545', '9:00', '22:00');
INSERT INTO RestaurantAreas (rname, aname, address, startTime, endTime) VALUES ('Food Frolic', 'Bukit Panjang', '994 Mayme Road Singapore 525619', '9:00', '21:00');
INSERT INTO RestaurantAreas (rname, aname, address, startTime, endTime) VALUES ('Food Frolic', 'Geylang', '845 Michaela Road Singapore 474862', '8:00', '20:00');
INSERT INTO RestaurantAreas (rname, aname, address, startTime, endTime) VALUES ('Food Frolic', 'Lim Chu Kang', '744 Alton Road Singapore 609295', '10:00', '19:00');
INSERT INTO RestaurantAreas (rname, aname, address, startTime, endTime) VALUES ('Minga', 'Singapore River', '794 Savanna Road Singapore 598213', '11:00', '18:00');
INSERT INTO RestaurantAreas (rname, aname, address, startTime, endTime) VALUES ('Minga', 'Boon Lay', '980 Madlyn Road Singapore 347385', '6:00', '21:00');
INSERT INTO RestaurantAreas (rname, aname, address, startTime, endTime) VALUES ('Minga', 'Sungei Kadut', '341 Mayme Road Singapore 930470', '9:00', '18:00');
INSERT INTO RestaurantAreas (rname, aname, address, startTime, endTime) VALUES ('Minga', 'Sungei Kadut', '858 Tashia Road Singapore 499444', '6:00', '20:00');
INSERT INTO RestaurantAreas (rname, aname, address, startTime, endTime) VALUES ('Minga', 'Downtown Core', '393 Byron Road Singapore 851429', '10:00', '23:00');
INSERT INTO RestaurantAreas (rname, aname, address, startTime, endTime) VALUES ('The Raspy Magpie', 'Simpang', '712 Aisha Road Singapore 942045', '9:00', '19:00');
INSERT INTO RestaurantAreas (rname, aname, address, startTime, endTime) VALUES ('The Raspy Magpie', 'Tengah', '370 Susanne Road Singapore 333694', '10:00', '19:00');
INSERT INTO RestaurantAreas (rname, aname, address, startTime, endTime) VALUES ('The Raspy Magpie', 'Kallang', '378 Giovanni Road Singapore 285913', '9:00', '19:00');
INSERT INTO RestaurantAreas (rname, aname, address, startTime, endTime) VALUES ('The Raspy Magpie', 'Marina South', '122 Mayme Road Singapore 198321', '11:00', '22:00');
INSERT INTO RestaurantAreas (rname, aname, address, startTime, endTime) VALUES ('The Raspy Magpie', 'Bukit Timah', '292 Deandrea Road Singapore 375209', '7:00', '18:00');
INSERT INTO RestaurantAreas (rname, aname, address, startTime, endTime) VALUES ('Unit Socrates', 'Southern Islands', '221 Althea Road Singapore 328116', '11:00', '18:00');
INSERT INTO RestaurantAreas (rname, aname, address, startTime, endTime) VALUES ('Unit Socrates', 'Hougang', '379 Ofelia Road Singapore 350579', '8:00', '19:00');
INSERT INTO RestaurantAreas (rname, aname, address, startTime, endTime) VALUES ('Unit Socrates', 'River Valley', '496 Connie Road Singapore 164142', '10:00', '20:00');
INSERT INTO RestaurantAreas (rname, aname, address, startTime, endTime) VALUES ('Unit Socrates', 'Hougang', '924 Raven Road Singapore 512446', '9:00', '21:00');
INSERT INTO RestaurantAreas (rname, aname, address, startTime, endTime) VALUES ('Unit Socrates', 'Yishun', '647 Cory Road Singapore 877448', '9:00', '23:00');
INSERT INTO RestaurantAreas (rname, aname, address, startTime, endTime) VALUES ('Ozean', 'Ang Mo Kio', '833 Conception Road Singapore 988704', '9:00', '21:00');
INSERT INTO RestaurantAreas (rname, aname, address, startTime, endTime) VALUES ('Ozean', 'Jurong West', '6 Rodger Road Singapore 241682', '11:00', '21:00');
INSERT INTO RestaurantAreas (rname, aname, address, startTime, endTime) VALUES ('Ozean', 'Western Islands', '815 Sunni Road Singapore 658858', '11:00', '18:00');
INSERT INTO RestaurantAreas (rname, aname, address, startTime, endTime) VALUES ('Ozean', 'Paya Lebar', '840 Adriane Road Singapore 129147', '6:00', '20:00');
INSERT INTO RestaurantAreas (rname, aname, address, startTime, endTime) VALUES ('Ozean', 'Museum', '529 Ricki Road Singapore 143899', '6:00', '20:00');
INSERT INTO RestaurantAreas (rname, aname, address, startTime, endTime) VALUES ('The Crazy Crawfish', 'Tuas', '58 Donya Road Singapore 171628', '9:00', '23:00');
INSERT INTO RestaurantAreas (rname, aname, address, startTime, endTime) VALUES ('The Crazy Crawfish', 'Bukit Merah', '572 Madlyn Road Singapore 675020', '9:00', '21:00');
INSERT INTO RestaurantAreas (rname, aname, address, startTime, endTime) VALUES ('The Crazy Crawfish', 'Bedok', '613 Cory Road Singapore 545948', '9:00', '18:00');
INSERT INTO RestaurantAreas (rname, aname, address, startTime, endTime) VALUES ('The Crazy Crawfish', 'Changi', '909 Gregg Road Singapore 195231', '11:00', '19:00');
INSERT INTO RestaurantAreas (rname, aname, address, startTime, endTime) VALUES ('The Crazy Crawfish', 'Singapore River', '973 Bernarda Road Singapore 436574', '6:00', '20:00');
INSERT INTO RestaurantAreas (rname, aname, address, startTime, endTime) VALUES ('Cornpone Castle', 'Simpang', '79 Raphael Road Singapore 527525', '10:00', '19:00');
INSERT INTO RestaurantAreas (rname, aname, address, startTime, endTime) VALUES ('Cornpone Castle', 'Bishan', '810 Carman Road Singapore 141245', '8:00', '22:00');
INSERT INTO RestaurantAreas (rname, aname, address, startTime, endTime) VALUES ('Cornpone Castle', 'Novena', '66 Bernarda Road Singapore 849270', '7:00', '20:00');
INSERT INTO RestaurantAreas (rname, aname, address, startTime, endTime) VALUES ('Cornpone Castle', 'Changi', '921 Christiana Road Singapore 695846', '11:00', '23:00');
INSERT INTO RestaurantAreas (rname, aname, address, startTime, endTime) VALUES ('Cornpone Castle', 'North-Eastern Islands', '147 Tena Road Singapore 745477', '9:00', '23:00');
INSERT INTO RestaurantAreas (rname, aname, address, startTime, endTime) VALUES ('Lyricalia', 'Museum', '296 Karina Road Singapore 172409', '9:00', '20:00');
INSERT INTO RestaurantAreas (rname, aname, address, startTime, endTime) VALUES ('Lyricalia', 'Museum', '383 Joana Road Singapore 227656', '6:00', '20:00');
INSERT INTO RestaurantAreas (rname, aname, address, startTime, endTime) VALUES ('Lyricalia', 'Tampines', '439 Brigid Road Singapore 851434', '8:00', '18:00');
INSERT INTO RestaurantAreas (rname, aname, address, startTime, endTime) VALUES ('Lyricalia', 'Marine Parade', '264 Everett Road Singapore 956855', '8:00', '19:00');
INSERT INTO RestaurantAreas (rname, aname, address, startTime, endTime) VALUES ('Lyricalia', 'Yishun', '310 Deandrea Road Singapore 882081', '7:00', '21:00');
INSERT INTO RestaurantAreas (rname, aname, address, startTime, endTime) VALUES ('Quickie Lickie', 'Pioneer', '260 Tashia Road Singapore 421909', '11:00', '20:00');
INSERT INTO RestaurantAreas (rname, aname, address, startTime, endTime) VALUES ('Quickie Lickie', 'Central Water Catchment', '626 Trevor Road Singapore 223377', '10:00', '22:00');
INSERT INTO RestaurantAreas (rname, aname, address, startTime, endTime) VALUES ('Quickie Lickie', 'Straits View', '169 Rosalee Road Singapore 189109', '9:00', '21:00');
INSERT INTO RestaurantAreas (rname, aname, address, startTime, endTime) VALUES ('Quickie Lickie', 'Tengah', '462 Verna Road Singapore 890365', '7:00', '23:00');
INSERT INTO RestaurantAreas (rname, aname, address, startTime, endTime) VALUES ('Quickie Lickie', 'Tuas', '325 Fredda Road Singapore 606111', '11:00', '21:00');
INSERT INTO RestaurantAreas (rname, aname, address, startTime, endTime) VALUES ('Prawn Phreak', 'Bukit Batok', '338 Ken Road Singapore 608866', '6:00', '22:00');
INSERT INTO RestaurantAreas (rname, aname, address, startTime, endTime) VALUES ('Prawn Phreak', 'Clementi', '405 Michaela Road Singapore 279348', '10:00', '23:00');
INSERT INTO RestaurantAreas (rname, aname, address, startTime, endTime) VALUES ('Prawn Phreak', 'Central Water Catchment', '421 Oma Road Singapore 221454', '9:00', '23:00');
INSERT INTO RestaurantAreas (rname, aname, address, startTime, endTime) VALUES ('Prawn Phreak', 'Choa Chu Kang', '796 Deetta Road Singapore 885227', '11:00', '21:00');
INSERT INTO RestaurantAreas (rname, aname, address, startTime, endTime) VALUES ('Prawn Phreak', 'Bukit Batok', '733 Rodrigo Road Singapore 381936', '11:00', '19:00');
INSERT INTO RestaurantAreas (rname, aname, address, startTime, endTime) VALUES ('Rockyard', 'Lim Chu Kang', '615 Savanna Road Singapore 717032', '10:00', '19:00');
INSERT INTO RestaurantAreas (rname, aname, address, startTime, endTime) VALUES ('Rockyard', 'Tuas', '125 Aurea Road Singapore 257256', '8:00', '19:00');
INSERT INTO RestaurantAreas (rname, aname, address, startTime, endTime) VALUES ('Rockyard', 'Boon Lay', '353 Daisey Road Singapore 978423', '7:00', '22:00');
INSERT INTO RestaurantAreas (rname, aname, address, startTime, endTime) VALUES ('Rockyard', 'Marina South', '475 Lakeesha Road Singapore 259271', '11:00', '20:00');
INSERT INTO RestaurantAreas (rname, aname, address, startTime, endTime) VALUES ('Rockyard', 'Marina East', '133 Jed Road Singapore 693454', '10:00', '19:00');
INSERT INTO RestaurantAreas (rname, aname, address, startTime, endTime) VALUES ('Flambo', 'Straits View', '86 Gwen Road Singapore 361255', '6:00', '18:00');
INSERT INTO RestaurantAreas (rname, aname, address, startTime, endTime) VALUES ('Flambo', 'Changi Bay', '485 Stephani Road Singapore 225917', '6:00', '19:00');
INSERT INTO RestaurantAreas (rname, aname, address, startTime, endTime) VALUES ('Flambo', 'North-Eastern Islands', '938 Deetta Road Singapore 463046', '8:00', '19:00');
INSERT INTO RestaurantAreas (rname, aname, address, startTime, endTime) VALUES ('Flambo', 'Changi', '399 Reena Road Singapore 734273', '7:00', '18:00');
INSERT INTO RestaurantAreas (rname, aname, address, startTime, endTime) VALUES ('Flambo', 'Sungei Kadut', '660 Janetta Road Singapore 554495', '10:00', '21:00');
INSERT INTO RestaurantAreas (rname, aname, address, startTime, endTime) VALUES ('Bennies Fishery', 'Downtown Core', '952 Carman Road Singapore 124921', '10:00', '18:00');
INSERT INTO RestaurantAreas (rname, aname, address, startTime, endTime) VALUES ('Bennies Fishery', 'Simpang', '340 Kathy Road Singapore 506743', '7:00', '21:00');
INSERT INTO RestaurantAreas (rname, aname, address, startTime, endTime) VALUES ('Bennies Fishery', 'Pasir Ris', '581 Raven Road Singapore 422380', '7:00', '19:00');
INSERT INTO RestaurantAreas (rname, aname, address, startTime, endTime) VALUES ('Bennies Fishery', 'Outram', '897 Althea Road Singapore 455089', '6:00', '19:00');
INSERT INTO RestaurantAreas (rname, aname, address, startTime, endTime) VALUES ('Bennies Fishery', 'Marina East', '822 Mayme Road Singapore 720462', '8:00', '18:00');
INSERT INTO RestaurantAreas (rname, aname, address, startTime, endTime) VALUES ('Shakedown', 'Pioneer', '278 Byron Road Singapore 970573', '9:00', '18:00');
INSERT INTO RestaurantAreas (rname, aname, address, startTime, endTime) VALUES ('Shakedown', 'Queenstown', '758 Zenia Road Singapore 992865', '9:00', '19:00');
INSERT INTO RestaurantAreas (rname, aname, address, startTime, endTime) VALUES ('Shakedown', 'Hougang', '442 Genoveva Road Singapore 193790', '8:00', '21:00');
INSERT INTO RestaurantAreas (rname, aname, address, startTime, endTime) VALUES ('Shakedown', 'Straits View', '384 Tammie Road Singapore 823513', '9:00', '23:00');
INSERT INTO RestaurantAreas (rname, aname, address, startTime, endTime) VALUES ('Shakedown', 'Tengah', '551 Florentino Road Singapore 830526', '6:00', '23:00');
INSERT INTO RestaurantAreas (rname, aname, address, startTime, endTime) VALUES ('Gorganic', 'Novena', '775 Ricki Road Singapore 360644', '8:00', '20:00');
INSERT INTO RestaurantAreas (rname, aname, address, startTime, endTime) VALUES ('Gorganic', 'Punggol', '779 Gwen Road Singapore 346758', '11:00', '21:00');
INSERT INTO RestaurantAreas (rname, aname, address, startTime, endTime) VALUES ('Gorganic', 'Novena', '390 Staci Road Singapore 594659', '7:00', '23:00');
INSERT INTO RestaurantAreas (rname, aname, address, startTime, endTime) VALUES ('Gorganic', 'River Valley', '307 Veola Road Singapore 653980', '6:00', '19:00');
INSERT INTO RestaurantAreas (rname, aname, address, startTime, endTime) VALUES ('Gorganic', 'Western Islands', '191 Stephani Road Singapore 399548', '11:00', '23:00');
INSERT INTO RestaurantAreas (rname, aname, address, startTime, endTime) VALUES ('AstroCoffee', 'Bukit Panjang', '69 Kenny Road Singapore 810656', '11:00', '22:00');
INSERT INTO RestaurantAreas (rname, aname, address, startTime, endTime) VALUES ('AstroCoffee', 'Newton', '779 Fausto Road Singapore 923922', '7:00', '22:00');
INSERT INTO RestaurantAreas (rname, aname, address, startTime, endTime) VALUES ('AstroCoffee', 'Mandai', '653 Susanne Road Singapore 664641', '8:00', '18:00');
INSERT INTO RestaurantAreas (rname, aname, address, startTime, endTime) VALUES ('AstroCoffee', 'Jurong East', '901 Debby Road Singapore 512608', '10:00', '22:00');
INSERT INTO RestaurantAreas (rname, aname, address, startTime, endTime) VALUES ('AstroCoffee', 'Novena', '364 Florentino Road Singapore 376691', '10:00', '20:00');
INSERT INTO RestaurantAreas (rname, aname, address, startTime, endTime) VALUES ('Pizza Experience', 'Bedok', '429 Bernarda Road Singapore 228943', '10:00', '19:00');
INSERT INTO RestaurantAreas (rname, aname, address, startTime, endTime) VALUES ('Pizza Experience', 'Pioneer', '206 Faith Road Singapore 826306', '9:00', '19:00');
INSERT INTO RestaurantAreas (rname, aname, address, startTime, endTime) VALUES ('Pizza Experience', 'Singapore River', '287 Everett Road Singapore 241411', '6:00', '18:00');
INSERT INTO RestaurantAreas (rname, aname, address, startTime, endTime) VALUES ('Pizza Experience', 'Seletar', '744 Toni Road Singapore 217237', '6:00', '18:00');
INSERT INTO RestaurantAreas (rname, aname, address, startTime, endTime) VALUES ('Pizza Experience', 'Pioneer', '806 Janetta Road Singapore 159652', '9:00', '23:00');
INSERT INTO RestaurantAreas (rname, aname, address, startTime, endTime) VALUES ('Banjo Pancake', 'Museum', '625 Magdalena Road Singapore 905529', '10:00', '22:00');
INSERT INTO RestaurantAreas (rname, aname, address, startTime, endTime) VALUES ('Banjo Pancake', 'Geylang', '298 Gregg Road Singapore 787980', '9:00', '22:00');
INSERT INTO RestaurantAreas (rname, aname, address, startTime, endTime) VALUES ('Banjo Pancake', 'Toa Payoh', '955 Bernarda Road Singapore 993587', '8:00', '22:00');
INSERT INTO RestaurantAreas (rname, aname, address, startTime, endTime) VALUES ('Banjo Pancake', 'Serangoon', '619 Maria Road Singapore 993577', '9:00', '20:00');
INSERT INTO RestaurantAreas (rname, aname, address, startTime, endTime) VALUES ('Banjo Pancake', 'Newton', '785 Luisa Road Singapore 980943', '6:00', '18:00');
INSERT INTO RestaurantAreas (rname, aname, address, startTime, endTime) VALUES ('Atomic Coffee', 'Toa Payoh', '862 Krystle Road Singapore 507662', '11:00', '22:00');
INSERT INTO RestaurantAreas (rname, aname, address, startTime, endTime) VALUES ('Atomic Coffee', 'Tengah', '74 Cindie Road Singapore 751221', '11:00', '18:00');
INSERT INTO RestaurantAreas (rname, aname, address, startTime, endTime) VALUES ('Atomic Coffee', 'Jurong West', '296 Cory Road Singapore 650839', '8:00', '18:00');
INSERT INTO RestaurantAreas (rname, aname, address, startTime, endTime) VALUES ('Atomic Coffee', 'Mandai', '984 Kenny Road Singapore 869917', '7:00', '19:00');
INSERT INTO RestaurantAreas (rname, aname, address, startTime, endTime) VALUES ('Atomic Coffee', 'Toa Payoh', '7 Ofelia Road Singapore 905266', '9:00', '21:00');
INSERT INTO RestaurantAreas (rname, aname, address, startTime, endTime) VALUES ('Coffee Lodge', 'Changi', '990 Connie Road Singapore 198899', '11:00', '22:00');
INSERT INTO RestaurantAreas (rname, aname, address, startTime, endTime) VALUES ('Coffee Lodge', 'North-Eastern Islands', '302 Ken Road Singapore 355972', '8:00', '23:00');
INSERT INTO RestaurantAreas (rname, aname, address, startTime, endTime) VALUES ('Coffee Lodge', 'Tanglin', '359 Joana Road Singapore 529505', '10:00', '23:00');
INSERT INTO RestaurantAreas (rname, aname, address, startTime, endTime) VALUES ('Coffee Lodge', 'Kallang', '150 Flo Road Singapore 866019', '10:00', '21:00');
INSERT INTO RestaurantAreas (rname, aname, address, startTime, endTime) VALUES ('Coffee Lodge', 'Bishan', '205 Charolette Road Singapore 769207', '8:00', '22:00');
INSERT INTO RestaurantAreas (rname, aname, address, startTime, endTime) VALUES ('Friendly Fire', 'Yishun', '705 Sherryl Road Singapore 428808', '11:00', '19:00');
INSERT INTO RestaurantAreas (rname, aname, address, startTime, endTime) VALUES ('Friendly Fire', 'Outram', '870 Lakeesha Road Singapore 245809', '9:00', '22:00');
INSERT INTO RestaurantAreas (rname, aname, address, startTime, endTime) VALUES ('Friendly Fire', 'Serangoon', '576 Eleanora Road Singapore 430923', '6:00', '21:00');
INSERT INTO RestaurantAreas (rname, aname, address, startTime, endTime) VALUES ('Friendly Fire', 'Mandai', '451 Lakeesha Road Singapore 779673', '6:00', '19:00');
INSERT INTO RestaurantAreas (rname, aname, address, startTime, endTime) VALUES ('Friendly Fire', 'Novena', '606 Conception Road Singapore 873544', '8:00', '18:00');
INSERT INTO RestaurantAreas (rname, aname, address, startTime, endTime) VALUES ('Tandoori Vittles', 'Pasir Ris', '918 Madge Road Singapore 183006', '10:00', '20:00');
INSERT INTO RestaurantAreas (rname, aname, address, startTime, endTime) VALUES ('Tandoori Vittles', 'Paya Lebar', '572 Kenny Road Singapore 288940', '8:00', '23:00');
INSERT INTO RestaurantAreas (rname, aname, address, startTime, endTime) VALUES ('Tandoori Vittles', 'Marina South', '647 Deetta Road Singapore 247270', '8:00', '21:00');
INSERT INTO RestaurantAreas (rname, aname, address, startTime, endTime) VALUES ('Tandoori Vittles', 'Tanglin', '395 Genoveva Road Singapore 741157', '11:00', '19:00');
INSERT INTO RestaurantAreas (rname, aname, address, startTime, endTime) VALUES ('Tandoori Vittles', 'Western Water Catchment', '757 Donya Road Singapore 319979', '9:00', '20:00');
INSERT INTO RestaurantAreas (rname, aname, address, startTime, endTime) VALUES ('Sasskatchy!', 'Novena', '266 Conception Road Singapore 694243', '10:00', '18:00');
INSERT INTO RestaurantAreas (rname, aname, address, startTime, endTime) VALUES ('Sasskatchy!', 'Bukit Panjang', '507 Stewart Road Singapore 158764', '11:00', '18:00');
INSERT INTO RestaurantAreas (rname, aname, address, startTime, endTime) VALUES ('Sasskatchy!', 'Jurong East', '598 Cindie Road Singapore 934232', '9:00', '18:00');
INSERT INTO RestaurantAreas (rname, aname, address, startTime, endTime) VALUES ('Sasskatchy!', 'Kallang', '568 Cory Road Singapore 193443', '9:00', '22:00');
INSERT INTO RestaurantAreas (rname, aname, address, startTime, endTime) VALUES ('Sasskatchy!', 'Straits View', '543 Brigid Road Singapore 249277', '7:00', '19:00');
INSERT INTO RestaurantAreas (rname, aname, address, startTime, endTime) VALUES ('Tarmac', 'Hougang', '261 Ofelia Road Singapore 279473', '9:00', '21:00');
INSERT INTO RestaurantAreas (rname, aname, address, startTime, endTime) VALUES ('Tarmac', 'Newton', '34 Michaela Road Singapore 933623', '11:00', '21:00');
INSERT INTO RestaurantAreas (rname, aname, address, startTime, endTime) VALUES ('Tarmac', 'Toa Payoh', '112 Penny Road Singapore 159129', '11:00', '21:00');
INSERT INTO RestaurantAreas (rname, aname, address, startTime, endTime) VALUES ('Tarmac', 'Marina South', '582 Rosalee Road Singapore 575119', '9:00', '23:00');
INSERT INTO RestaurantAreas (rname, aname, address, startTime, endTime) VALUES ('Tarmac', 'Tanglin', '982 Madelaine Road Singapore 920765', '8:00', '20:00');
INSERT INTO RestaurantAreas (rname, aname, address, startTime, endTime) VALUES ('Slow & Pulpy', 'Tengah', '597 Sunni Road Singapore 606303', '10:00', '22:00');
INSERT INTO RestaurantAreas (rname, aname, address, startTime, endTime) VALUES ('Slow & Pulpy', 'Lim Chu Kang', '505 Giovanni Road Singapore 392417', '7:00', '22:00');
INSERT INTO RestaurantAreas (rname, aname, address, startTime, endTime) VALUES ('Slow & Pulpy', 'Outram', '621 Cory Road Singapore 944046', '11:00', '22:00');
INSERT INTO RestaurantAreas (rname, aname, address, startTime, endTime) VALUES ('Slow & Pulpy', 'Downtown Core', '202 Trevor Road Singapore 119294', '10:00', '22:00');
INSERT INTO RestaurantAreas (rname, aname, address, startTime, endTime) VALUES ('Slow & Pulpy', 'Orchard', '66 Gregg Road Singapore 636420', '8:00', '18:00');
INSERT INTO RestaurantAreas (rname, aname, address, startTime, endTime) VALUES ('Lambastica', 'Jurong East', '285 Magdalena Road Singapore 695161', '8:00', '20:00');
INSERT INTO RestaurantAreas (rname, aname, address, startTime, endTime) VALUES ('Lambastica', 'Bishan', '948 Christiana Road Singapore 170760', '9:00', '23:00');
INSERT INTO RestaurantAreas (rname, aname, address, startTime, endTime) VALUES ('Lambastica', 'Queenstown', '163 Byron Road Singapore 602384', '8:00', '22:00');
INSERT INTO RestaurantAreas (rname, aname, address, startTime, endTime) VALUES ('Lambastica', 'Changi', '212 Laurena Road Singapore 160298', '9:00', '19:00');
INSERT INTO RestaurantAreas (rname, aname, address, startTime, endTime) VALUES ('Lambastica', 'Jurong East', '302 Joana Road Singapore 532626', '10:00', '22:00');
INSERT INTO RestaurantAreas (rname, aname, address, startTime, endTime) VALUES ('The Lunchroom', 'Changi', '727 Kimber Road Singapore 483919', '6:00', '23:00');
INSERT INTO RestaurantAreas (rname, aname, address, startTime, endTime) VALUES ('The Lunchroom', 'Paya Lebar', '479 Krystle Road Singapore 281730', '9:00', '20:00');
INSERT INTO RestaurantAreas (rname, aname, address, startTime, endTime) VALUES ('The Lunchroom', 'Bukit Batok', '491 Devon Road Singapore 213377', '7:00', '19:00');
INSERT INTO RestaurantAreas (rname, aname, address, startTime, endTime) VALUES ('The Lunchroom', 'Newton', '501 Oma Road Singapore 650043', '11:00', '20:00');
INSERT INTO RestaurantAreas (rname, aname, address, startTime, endTime) VALUES ('The Lunchroom', 'Tuas', '118 Janine Road Singapore 233716', '7:00', '21:00');
INSERT INTO RestaurantAreas (rname, aname, address, startTime, endTime) VALUES ('Jackie Diamonds', 'Bukit Batok', '995 Ken Road Singapore 251000', '8:00', '18:00');
INSERT INTO RestaurantAreas (rname, aname, address, startTime, endTime) VALUES ('Jackie Diamonds', 'Central Water Catchment', '154 Tammie Road Singapore 399196', '8:00', '23:00');
INSERT INTO RestaurantAreas (rname, aname, address, startTime, endTime) VALUES ('Jackie Diamonds', 'Boon Lay', '24 Rodger Road Singapore 789345', '6:00', '23:00');
INSERT INTO RestaurantAreas (rname, aname, address, startTime, endTime) VALUES ('Jackie Diamonds', 'Jurong West', '930 Brigid Road Singapore 392680', '6:00', '19:00');
INSERT INTO RestaurantAreas (rname, aname, address, startTime, endTime) VALUES ('Jackie Diamonds', 'Marina East', '620 Alton Road Singapore 446984', '10:00', '19:00');
INSERT INTO RestaurantAreas (rname, aname, address, startTime, endTime) VALUES ('Phat Kettle O Prawns', 'Boon Lay', '252 Reena Road Singapore 954241', '7:00', '18:00');
INSERT INTO RestaurantAreas (rname, aname, address, startTime, endTime) VALUES ('Phat Kettle O Prawns', 'Novena', '13 Michaela Road Singapore 125653', '8:00', '19:00');
INSERT INTO RestaurantAreas (rname, aname, address, startTime, endTime) VALUES ('Phat Kettle O Prawns', 'Bedok', '849 Scotty Road Singapore 124892', '7:00', '20:00');
INSERT INTO RestaurantAreas (rname, aname, address, startTime, endTime) VALUES ('Phat Kettle O Prawns', 'Pasir Ris', '684 Rosalee Road Singapore 721271', '8:00', '21:00');
INSERT INTO RestaurantAreas (rname, aname, address, startTime, endTime) VALUES ('Phat Kettle O Prawns', 'Tengah', '911 Madelaine Road Singapore 344776', '11:00', '22:00');
INSERT INTO RestaurantAreas (rname, aname, address, startTime, endTime) VALUES ('ExoPlanet', 'Bukit Batok', '19 Raven Road Singapore 984304', '8:00', '19:00');
INSERT INTO RestaurantAreas (rname, aname, address, startTime, endTime) VALUES ('ExoPlanet', 'Bukit Panjang', '832 Stephani Road Singapore 424588', '8:00', '20:00');
INSERT INTO RestaurantAreas (rname, aname, address, startTime, endTime) VALUES ('ExoPlanet', 'Jurong East', '488 Ofelia Road Singapore 891327', '9:00', '21:00');
INSERT INTO RestaurantAreas (rname, aname, address, startTime, endTime) VALUES ('ExoPlanet', 'Bukit Panjang', '915 Magdalena Road Singapore 304829', '8:00', '20:00');
INSERT INTO RestaurantAreas (rname, aname, address, startTime, endTime) VALUES ('ExoPlanet', 'Sembawang', '368 Carman Road Singapore 407905', '6:00', '21:00');
INSERT INTO RestaurantAreas (rname, aname, address, startTime, endTime) VALUES ('Food Haus', 'Jurong East', '183 Donya Road Singapore 960261', '8:00', '23:00');
INSERT INTO RestaurantAreas (rname, aname, address, startTime, endTime) VALUES ('Food Haus', 'Southern Islands', '85 Adriane Road Singapore 134233', '10:00', '23:00');
INSERT INTO RestaurantAreas (rname, aname, address, startTime, endTime) VALUES ('Food Haus', 'Geylang', '796 Florentino Road Singapore 961063', '9:00', '18:00');
INSERT INTO RestaurantAreas (rname, aname, address, startTime, endTime) VALUES ('Food Haus', 'River Valley', '728 Elanor Road Singapore 166022', '10:00', '19:00');
INSERT INTO RestaurantAreas (rname, aname, address, startTime, endTime) VALUES ('Food Haus', 'Central Water Catchment', '286 Althea Road Singapore 981468', '6:00', '23:00');
INSERT INTO RestaurantAreas (rname, aname, address, startTime, endTime) VALUES ('Snark Bite', 'Jurong East', '908 Luisa Road Singapore 377461', '6:00', '23:00');
INSERT INTO RestaurantAreas (rname, aname, address, startTime, endTime) VALUES ('Snark Bite', 'Marina East', '518 Stephani Road Singapore 172163', '10:00', '20:00');
INSERT INTO RestaurantAreas (rname, aname, address, startTime, endTime) VALUES ('Snark Bite', 'Outram', '503 Connie Road Singapore 682371', '10:00', '23:00');
INSERT INTO RestaurantAreas (rname, aname, address, startTime, endTime) VALUES ('Snark Bite', 'Marina East', '375 Raven Road Singapore 301907', '8:00', '19:00');
INSERT INTO RestaurantAreas (rname, aname, address, startTime, endTime) VALUES ('Snark Bite', 'Singapore River', '145 Lakeesha Road Singapore 909884', '7:00', '20:00');
INSERT INTO RestaurantAreas (rname, aname, address, startTime, endTime) VALUES ('Que', 'Woodlands', '605 Blair Road Singapore 182612', '11:00', '23:00');
INSERT INTO RestaurantAreas (rname, aname, address, startTime, endTime) VALUES ('Que', 'North-Eastern Islands', '600 Brigid Road Singapore 121541', '11:00', '23:00');
INSERT INTO RestaurantAreas (rname, aname, address, startTime, endTime) VALUES ('Que', 'Western Islands', '381 Veola Road Singapore 806143', '9:00', '22:00');
INSERT INTO RestaurantAreas (rname, aname, address, startTime, endTime) VALUES ('Que', 'Bukit Merah', '92 Carlotta Road Singapore 136422', '7:00', '22:00');
INSERT INTO RestaurantAreas (rname, aname, address, startTime, endTime) VALUES ('Que', 'Seletar', '264 Kallie Road Singapore 675668', '10:00', '22:00');
INSERT INTO RestaurantAreas (rname, aname, address, startTime, endTime) VALUES ('Meow Meow', 'Pasir Ris', '785 Carman Road Singapore 706467', '11:00', '21:00');
INSERT INTO RestaurantAreas (rname, aname, address, startTime, endTime) VALUES ('Meow Meow', 'River Valley', '160 Argelia Road Singapore 907616', '7:00', '18:00');
INSERT INTO RestaurantAreas (rname, aname, address, startTime, endTime) VALUES ('Meow Meow', 'Choa Chu Kang', '624 Aisha Road Singapore 477765', '11:00', '19:00');
INSERT INTO RestaurantAreas (rname, aname, address, startTime, endTime) VALUES ('Meow Meow', 'Central Water Catchment', '157 Eleanora Road Singapore 835581', '9:00', '20:00');
INSERT INTO RestaurantAreas (rname, aname, address, startTime, endTime) VALUES ('Meow Meow', 'Outram', '282 Penny Road Singapore 976312', '8:00', '21:00');
INSERT INTO RestaurantAreas (rname, aname, address, startTime, endTime) VALUES ('Plastique', 'Bukit Merah', '794 Artie Road Singapore 646946', '7:00', '19:00');
INSERT INTO RestaurantAreas (rname, aname, address, startTime, endTime) VALUES ('Plastique', 'Bishan', '996 Connie Road Singapore 640290', '10:00', '23:00');
INSERT INTO RestaurantAreas (rname, aname, address, startTime, endTime) VALUES ('Plastique', 'Jurong West', '109 Kallie Road Singapore 698133', '6:00', '19:00');
INSERT INTO RestaurantAreas (rname, aname, address, startTime, endTime) VALUES ('Plastique', 'Bishan', '255 Kathy Road Singapore 775424', '9:00', '18:00');
INSERT INTO RestaurantAreas (rname, aname, address, startTime, endTime) VALUES ('Plastique', 'Changi Bay', '364 Verna Road Singapore 305492', '11:00', '18:00');
INSERT INTO RestaurantAreas (rname, aname, address, startTime, endTime) VALUES ('Lotus Boogie', 'Clementi', '119 Kimber Road Singapore 673448', '7:00', '21:00');
INSERT INTO RestaurantAreas (rname, aname, address, startTime, endTime) VALUES ('Lotus Boogie', 'Hougang', '379 Jay Road Singapore 658347', '10:00', '20:00');
INSERT INTO RestaurantAreas (rname, aname, address, startTime, endTime) VALUES ('Lotus Boogie', 'Queenstown', '408 Kathy Road Singapore 752277', '10:00', '18:00');
INSERT INTO RestaurantAreas (rname, aname, address, startTime, endTime) VALUES ('Lotus Boogie', 'Bukit Panjang', '315 Ricki Road Singapore 255010', '6:00', '20:00');
INSERT INTO RestaurantAreas (rname, aname, address, startTime, endTime) VALUES ('Lotus Boogie', 'Novena', '295 Fredda Road Singapore 971599', '9:00', '22:00');
INSERT INTO RestaurantAreas (rname, aname, address, startTime, endTime) VALUES ('Taste Tease', 'Toa Payoh', '7 Karima Road Singapore 547146', '10:00', '18:00');
INSERT INTO RestaurantAreas (rname, aname, address, startTime, endTime) VALUES ('Taste Tease', 'Serangoon', '108 Brigid Road Singapore 546416', '10:00', '18:00');
INSERT INTO RestaurantAreas (rname, aname, address, startTime, endTime) VALUES ('Taste Tease', 'Western Water Catchment', '3 Aisha Road Singapore 499635', '8:00', '18:00');
INSERT INTO RestaurantAreas (rname, aname, address, startTime, endTime) VALUES ('Taste Tease', 'Tampines', '405 Barney Road Singapore 328921', '8:00', '19:00');
INSERT INTO RestaurantAreas (rname, aname, address, startTime, endTime) VALUES ('Taste Tease', 'Museum', '284 Janetta Road Singapore 773510', '6:00', '19:00');
INSERT INTO RestaurantAreas (rname, aname, address, startTime, endTime) VALUES ('Aroma Borealis', 'Punggol', '890 Kallie Road Singapore 144301', '10:00', '20:00');
INSERT INTO RestaurantAreas (rname, aname, address, startTime, endTime) VALUES ('Aroma Borealis', 'Woodlands', '850 Alton Road Singapore 923368', '7:00', '18:00');
INSERT INTO RestaurantAreas (rname, aname, address, startTime, endTime) VALUES ('Aroma Borealis', 'Changi Bay', '596 Maria Road Singapore 726856', '11:00', '22:00');
INSERT INTO RestaurantAreas (rname, aname, address, startTime, endTime) VALUES ('Aroma Borealis', 'Newton', '243 Scotty Road Singapore 212834', '6:00', '20:00');
INSERT INTO RestaurantAreas (rname, aname, address, startTime, endTime) VALUES ('Aroma Borealis', 'Western Islands', '437 Eleanora Road Singapore 815239', '8:00', '23:00');
INSERT INTO RestaurantAreas (rname, aname, address, startTime, endTime) VALUES ('Tersanki', 'Central Water Catchment', '938 Magdalena Road Singapore 426969', '10:00', '23:00');
INSERT INTO RestaurantAreas (rname, aname, address, startTime, endTime) VALUES ('Tersanki', 'Jurong East', '937 Rodger Road Singapore 404847', '8:00', '23:00');
INSERT INTO RestaurantAreas (rname, aname, address, startTime, endTime) VALUES ('Tersanki', 'Mandai', '767 Tamela Road Singapore 850104', '8:00', '22:00');
INSERT INTO RestaurantAreas (rname, aname, address, startTime, endTime) VALUES ('Tersanki', 'Pasir Ris', '245 Connie Road Singapore 861567', '6:00', '20:00');
INSERT INTO RestaurantAreas (rname, aname, address, startTime, endTime) VALUES ('Tersanki', 'Bishan', '303 Cindie Road Singapore 251899', '8:00', '22:00');
INSERT INTO RestaurantAreas (rname, aname, address, startTime, endTime) VALUES ('Coffee Cat', 'Straits View', '528 Jed Road Singapore 588414', '11:00', '21:00');
INSERT INTO RestaurantAreas (rname, aname, address, startTime, endTime) VALUES ('Coffee Cat', 'Punggol', '2 Magdalena Road Singapore 799720', '11:00', '18:00');
INSERT INTO RestaurantAreas (rname, aname, address, startTime, endTime) VALUES ('Coffee Cat', 'Kallang', '560 Barney Road Singapore 131056', '10:00', '19:00');
INSERT INTO RestaurantAreas (rname, aname, address, startTime, endTime) VALUES ('Coffee Cat', 'Simpang', '314 Christiana Road Singapore 417249', '10:00', '23:00');
INSERT INTO RestaurantAreas (rname, aname, address, startTime, endTime) VALUES ('Coffee Cat', 'Central Water Catchment', '821 Zenia Road Singapore 225725', '10:00', '23:00');
INSERT INTO RestaurantAreas (rname, aname, address, startTime, endTime) VALUES ('Quick Licks', 'Marina South', '707 Stephane Road Singapore 790777', '11:00', '23:00');
INSERT INTO RestaurantAreas (rname, aname, address, startTime, endTime) VALUES ('Quick Licks', 'Geylang', '88 Byron Road Singapore 873384', '6:00', '19:00');
INSERT INTO RestaurantAreas (rname, aname, address, startTime, endTime) VALUES ('Quick Licks', 'Outram', '714 Stephani Road Singapore 602008', '8:00', '20:00');
INSERT INTO RestaurantAreas (rname, aname, address, startTime, endTime) VALUES ('Quick Licks', 'Queenstown', '953 Cory Road Singapore 574411', '9:00', '20:00');
INSERT INTO RestaurantAreas (rname, aname, address, startTime, endTime) VALUES ('Quick Licks', 'Marina South', '464 Janine Road Singapore 641733', '6:00', '20:00');
INSERT INTO RestaurantAreas (rname, aname, address, startTime, endTime) VALUES ('Crustatia', 'Mandai', '535 Karon Road Singapore 777408', '6:00', '23:00');
INSERT INTO RestaurantAreas (rname, aname, address, startTime, endTime) VALUES ('Crustatia', 'Changi Bay', '643 Deetta Road Singapore 747466', '10:00', '23:00');
INSERT INTO RestaurantAreas (rname, aname, address, startTime, endTime) VALUES ('Crustatia', 'Southern Islands', '597 Janetta Road Singapore 966094', '11:00', '22:00');
INSERT INTO RestaurantAreas (rname, aname, address, startTime, endTime) VALUES ('Crustatia', 'Tuas', '411 Penny Road Singapore 629948', '6:00', '18:00');
INSERT INTO RestaurantAreas (rname, aname, address, startTime, endTime) VALUES ('Crustatia', 'Seletar', '236 Sherryl Road Singapore 870182', '9:00', '18:00');
INSERT INTO RestaurantAreas (rname, aname, address, startTime, endTime) VALUES ('The Running Monk', 'Bukit Timah', '49 Gwen Road Singapore 190717', '8:00', '19:00');
INSERT INTO RestaurantAreas (rname, aname, address, startTime, endTime) VALUES ('The Running Monk', 'Central Water Catchment', '803 Bradly Road Singapore 526562', '8:00', '22:00');
INSERT INTO RestaurantAreas (rname, aname, address, startTime, endTime) VALUES ('The Running Monk', 'Clementi', '74 Trevor Road Singapore 900097', '10:00', '23:00');
INSERT INTO RestaurantAreas (rname, aname, address, startTime, endTime) VALUES ('The Running Monk', 'Geylang', '700 Staci Road Singapore 427837', '11:00', '18:00');
INSERT INTO RestaurantAreas (rname, aname, address, startTime, endTime) VALUES ('The Running Monk', 'Woodlands', '461 Ken Road Singapore 522267', '11:00', '22:00');
INSERT INTO RestaurantAreas (rname, aname, address, startTime, endTime) VALUES ('The Glassy Eye', 'Pasir Ris', '328 Cindie Road Singapore 550080', '7:00', '18:00');
INSERT INTO RestaurantAreas (rname, aname, address, startTime, endTime) VALUES ('The Glassy Eye', 'Jurong West', '37 Janine Road Singapore 472399', '8:00', '22:00');
INSERT INTO RestaurantAreas (rname, aname, address, startTime, endTime) VALUES ('The Glassy Eye', 'Tuas', '353 Staci Road Singapore 683475', '11:00', '19:00');
INSERT INTO RestaurantAreas (rname, aname, address, startTime, endTime) VALUES ('The Glassy Eye', 'Pasir Ris', '331 Daisey Road Singapore 888198', '6:00', '22:00');
INSERT INTO RestaurantAreas (rname, aname, address, startTime, endTime) VALUES ('The Glassy Eye', 'Paya Lebar', '665 Barney Road Singapore 119481', '10:00', '21:00');
INSERT INTO RestaurantAreas (rname, aname, address, startTime, endTime) VALUES ('The Spigot', 'Bukit Batok', '149 Conception Road Singapore 434596', '6:00', '20:00');
INSERT INTO RestaurantAreas (rname, aname, address, startTime, endTime) VALUES ('The Spigot', 'Marine Parade', '238 Devon Road Singapore 631144', '9:00', '23:00');
INSERT INTO RestaurantAreas (rname, aname, address, startTime, endTime) VALUES ('The Spigot', 'Geylang', '724 Stewart Road Singapore 740724', '7:00', '22:00');
INSERT INTO RestaurantAreas (rname, aname, address, startTime, endTime) VALUES ('The Spigot', 'Mandai', '503 Zenia Road Singapore 919476', '11:00', '20:00');
INSERT INTO RestaurantAreas (rname, aname, address, startTime, endTime) VALUES ('The Spigot', 'Changi Bay', '554 Kallie Road Singapore 748701', '8:00', '20:00');
INSERT INTO RestaurantAreas (rname, aname, address, startTime, endTime) VALUES ('Passion Pork', 'Rochor', '15 Devon Road Singapore 199490', '11:00', '20:00');
INSERT INTO RestaurantAreas (rname, aname, address, startTime, endTime) VALUES ('Passion Pork', 'Bishan', '833 Verna Road Singapore 424929', '7:00', '23:00');
INSERT INTO RestaurantAreas (rname, aname, address, startTime, endTime) VALUES ('Passion Pork', 'Central Water Catchment', '291 Toni Road Singapore 846443', '11:00', '22:00');
INSERT INTO RestaurantAreas (rname, aname, address, startTime, endTime) VALUES ('Passion Pork', 'Changi Bay', '438 Susanne Road Singapore 229244', '7:00', '23:00');
INSERT INTO RestaurantAreas (rname, aname, address, startTime, endTime) VALUES ('Passion Pork', 'Hougang', '733 Marya Road Singapore 768700', '7:00', '19:00');
INSERT INTO Food (fname, cname) VALUES ('Pizza', 'Italian');
INSERT INTO Food (fname, cname) VALUES ('Pasta', 'Italian');
INSERT INTO Food (fname, cname) VALUES ('Penne', 'Italian');
INSERT INTO Food (fname, cname) VALUES ('Carne', 'Italian');
INSERT INTO Food (fname, cname) VALUES ('Verdura', 'Italian');
INSERT INTO Food (fname, cname) VALUES ('Formaggi', 'Italian');
INSERT INTO Food (fname, cname) VALUES ('Biscotti', 'Italian');
INSERT INTO Food (fname, cname) VALUES ('Ravioli', 'Italian');
INSERT INTO Food (fname, cname) VALUES ('Lasagne', 'Italian');
INSERT INTO Food (fname, cname) VALUES ('Tortellini', 'Italian');
INSERT INTO Food (fname, cname) VALUES ('Burrito', 'Mexican');
INSERT INTO Food (fname, cname) VALUES ('Chalupa', 'Mexican');
INSERT INTO Food (fname, cname) VALUES ('Enchilada', 'Mexican');
INSERT INTO Food (fname, cname) VALUES ('Fajitas', 'Mexican');
INSERT INTO Food (fname, cname) VALUES ('Quesadillas', 'Mexican');
INSERT INTO Food (fname, cname) VALUES ('Salsa', 'Mexican');
INSERT INTO Food (fname, cname) VALUES ('Barbacoa', 'Mexican');
INSERT INTO Food (fname, cname) VALUES ('Frijoles', 'Mexican');
INSERT INTO Food (fname, cname) VALUES ('Churros', 'Mexican');
INSERT INTO Food (fname, cname) VALUES ('Taco', 'Mexican');
INSERT INTO Food (fname, cname) VALUES ('Fried noodles', 'Chinese');
INSERT INTO Food (fname, cname) VALUES ('Fried rice', 'Chinese');
INSERT INTO Food (fname, cname) VALUES ('Braised pork', 'Chinese');
INSERT INTO Food (fname, cname) VALUES ('Char siu', 'Chinese');
INSERT INTO Food (fname, cname) VALUES ('Peking duck', 'Chinese');
INSERT INTO Food (fname, cname) VALUES ('Mongolian lamb', 'Chinese');
INSERT INTO Food (fname, cname) VALUES ('Dim sum', 'Chinese');
INSERT INTO Food (fname, cname) VALUES ('Wonton', 'Chinese');
INSERT INTO Food (fname, cname) VALUES ('Mooncake', 'Chinese');
INSERT INTO Food (fname, cname) VALUES ('Congee', 'Chinese');
INSERT INTO Food (fname, cname) VALUES ('Biryani', 'Indian');
INSERT INTO Food (fname, cname) VALUES ('Chapati', 'Indian');
INSERT INTO Food (fname, cname) VALUES ('Chicken tikka', 'Indian');
INSERT INTO Food (fname, cname) VALUES ('Dal', 'Indian');
INSERT INTO Food (fname, cname) VALUES ('Appam', 'Indian');
INSERT INTO Food (fname, cname) VALUES ('Disa', 'Indian');
INSERT INTO Food (fname, cname) VALUES ('Puttu', 'Indian');
INSERT INTO Food (fname, cname) VALUES ('Chaat', 'Indian');
INSERT INTO Food (fname, cname) VALUES ('Prata', 'Indian');
INSERT INTO Food (fname, cname) VALUES ('Butter chicken', 'Indian');
INSERT INTO Food (fname, cname) VALUES ('Sushi', 'Japanese');
INSERT INTO Food (fname, cname) VALUES ('Sashimi', 'Japanese');
INSERT INTO Food (fname, cname) VALUES ('Miso soup', 'Japanese');
INSERT INTO Food (fname, cname) VALUES ('Mochi', 'Japanese');
INSERT INTO Food (fname, cname) VALUES ('Onigiri', 'Japanese');
INSERT INTO Food (fname, cname) VALUES ('Oyakodon', 'Japanese');
INSERT INTO Food (fname, cname) VALUES ('Ramen', 'Japanese');
INSERT INTO Food (fname, cname) VALUES ('Udon', 'Japanese');
INSERT INTO Food (fname, cname) VALUES ('Soba', 'Japanese');
INSERT INTO Food (fname, cname) VALUES ('Gyoza', 'Japanese');
INSERT INTO Food (fname, cname) VALUES ('Greek salad', 'Greek');
INSERT INTO Food (fname, cname) VALUES ('Dakos', 'Greek');
INSERT INTO Food (fname, cname) VALUES ('Pita', 'Greek');
INSERT INTO Food (fname, cname) VALUES ('GGyros', 'Greek');
INSERT INTO Food (fname, cname) VALUES ('Mydia', 'Greek');
INSERT INTO Food (fname, cname) VALUES ('Pastitsio', 'Greek');
INSERT INTO Food (fname, cname) VALUES ('Bougatsa', 'Greek');
INSERT INTO Food (fname, cname) VALUES ('Diples', 'Greek');
INSERT INTO Food (fname, cname) VALUES ('Finikia', 'Greek');
INSERT INTO Food (fname, cname) VALUES ('Lazarakia', 'Greek');
INSERT INTO Food (fname, cname) VALUES ('Paella', 'Spanish');
INSERT INTO Food (fname, cname) VALUES ('Coca', 'Spanish');
INSERT INTO Food (fname, cname) VALUES ('Pincho', 'Spanish');
INSERT INTO Food (fname, cname) VALUES ('Polvoron', 'Spanish');
INSERT INTO Food (fname, cname) VALUES ('Cocido', 'Spanish');
INSERT INTO Food (fname, cname) VALUES ('Escudella', 'Spanish');
INSERT INTO Food (fname, cname) VALUES ('Gazpacho', 'Spanish');
INSERT INTO Food (fname, cname) VALUES ('Pisto', 'Spanish');
INSERT INTO Food (fname, cname) VALUES ('Paprika', 'Spanish');
INSERT INTO Food (fname, cname) VALUES ('Churrosi', 'Spanish');
INSERT INTO Food (fname, cname) VALUES ('Baguette', 'French');
INSERT INTO Food (fname, cname) VALUES ('Croissant', 'French');
INSERT INTO Food (fname, cname) VALUES ('Eclair', 'French');
INSERT INTO Food (fname, cname) VALUES ('Macarons', 'French');
INSERT INTO Food (fname, cname) VALUES ('Souffle', 'French');
INSERT INTO Food (fname, cname) VALUES ('Escargot', 'French');
INSERT INTO Food (fname, cname) VALUES ('Tripoux', 'French');
INSERT INTO Food (fname, cname) VALUES ('Brandade', 'French');
INSERT INTO Food (fname, cname) VALUES ('Callisson', 'French');
INSERT INTO Food (fname, cname) VALUES ('Panisses', 'French');
INSERT INTO Food (fname, cname) VALUES ('Khao kha mu', 'Thai');
INSERT INTO Food (fname, cname) VALUES ('Khao man gai', 'Thai');
INSERT INTO Food (fname, cname) VALUES ('Bami haeng pet', 'Thai');
INSERT INTO Food (fname, cname) VALUES ('Khanom jeen nam yaa', 'Thai');
INSERT INTO Food (fname, cname) VALUES ('Khao soi Mae Sai', 'Thai');
INSERT INTO Food (fname, cname) VALUES ('Kuaichap', 'Thai');
INSERT INTO Food (fname, cname) VALUES ('Mi krop', 'Thai');
INSERT INTO Food (fname, cname) VALUES ('Tom yam boran', 'Thai');
INSERT INTO Food (fname, cname) VALUES ('Chim chum', 'Thai');
INSERT INTO Food (fname, cname) VALUES ('Chin hum', 'Thai');
INSERT INTO Food (fname, cname) VALUES ('Banh canh', 'Vietnamese');
INSERT INTO Food (fname, cname) VALUES ('Pho', 'Vietnamese');
INSERT INTO Food (fname, cname) VALUES ('Cao lau', 'Vietnamese');
INSERT INTO Food (fname, cname) VALUES ('Mi Quang', 'Vietnamese');
INSERT INTO Food (fname, cname) VALUES ('Banh bao', 'Vietnamese');
INSERT INTO Food (fname, cname) VALUES ('Banh phu the', 'Vietnamese');
INSERT INTO Food (fname, cname) VALUES ('Banh beo', 'Vietnamese');
INSERT INTO Food (fname, cname) VALUES ('Goi cuon', 'Vietnamese');
INSERT INTO Food (fname, cname) VALUES ('Thit Kho Tau', 'Vietnamese');
INSERT INTO Food (fname, cname) VALUES ('Gio lua', 'Vietnamese');
INSERT INTO Food (fname, cname) VALUES ('Bulgogi', 'Korean');
INSERT INTO Food (fname, cname) VALUES ('Dak galbi', 'Korean');
INSERT INTO Food (fname, cname) VALUES ('Bossam', 'Korean');
INSERT INTO Food (fname, cname) VALUES ('Makchang', 'Korean');
INSERT INTO Food (fname, cname) VALUES ('Namul', 'Korean');
INSERT INTO Food (fname, cname) VALUES ('Kimchi', 'Korean');
INSERT INTO Food (fname, cname) VALUES ('Jjigae', 'Korean');
INSERT INTO Food (fname, cname) VALUES ('Bibimbap', 'Korean');
INSERT INTO Food (fname, cname) VALUES ('Burungji', 'Korean');
INSERT INTO Food (fname, cname) VALUES ('Samgyeopsal', 'Korean');
INSERT INTO Food (fname, cname) VALUES ('Arab salad', 'Vegetarian');
INSERT INTO Food (fname, cname) VALUES ('Caesar salad', 'Vegetarian');
INSERT INTO Food (fname, cname) VALUES ('Carrot salad', 'Vegetarian');
INSERT INTO Food (fname, cname) VALUES ('Cucumber soup', 'Vegetarian');
INSERT INTO Food (fname, cname) VALUES ('Spinach salad', 'Vegetarian');
INSERT INTO Food (fname, cname) VALUES ('Potato salad', 'Vegetarian');
INSERT INTO Food (fname, cname) VALUES ('Israeli salad', 'Vegetarian');
INSERT INTO Food (fname, cname) VALUES ('Vegetable chips', 'Vegetarian');
INSERT INTO Food (fname, cname) VALUES ('Vegetable soup', 'Vegetarian');
INSERT INTO Food (fname, cname) VALUES ('Vegetable sandwich', 'Vegetarian');
INSERT INTO Food (fname, cname) VALUES ('Burger', 'American');
INSERT INTO Food (fname, cname) VALUES ('Fries', 'American');
INSERT INTO Food (fname, cname) VALUES ('Fried chicken', 'American');
INSERT INTO Food (fname, cname) VALUES ('Waffles', 'American');
INSERT INTO Food (fname, cname) VALUES ('Steak', 'American');
INSERT INTO Food (fname, cname) VALUES ('Fried ice cream', 'American');
INSERT INTO Food (fname, cname) VALUES ('Peanut butter and jelly sandwiches', 'American');
INSERT INTO Food (fname, cname) VALUES ('Cola', 'American');
INSERT INTO Food (fname, cname) VALUES ('Cereal', 'American');
INSERT INTO Food (fname, cname) VALUES ('Pancakes', 'American');
INSERT INTO Food (fname, cname) VALUES ('Apfelkuchen', 'German');
INSERT INTO Food (fname, cname) VALUES ('Bratwurst', 'German');
INSERT INTO Food (fname, cname) VALUES ('Hasenpfeffer', 'German');
INSERT INTO Food (fname, cname) VALUES ('Kohlroulade', 'German');
INSERT INTO Food (fname, cname) VALUES ('Sauerkraut', 'German');
INSERT INTO Food (fname, cname) VALUES ('Maultaschen', 'German');
INSERT INTO Food (fname, cname) VALUES ('Schupfnudel', 'German');
INSERT INTO Food (fname, cname) VALUES ('Wibele', 'German');
INSERT INTO Food (fname, cname) VALUES ('Bierwurst', 'German');
INSERT INTO Food (fname, cname) VALUES ('Bayrisch Kraut', 'German');
INSERT INTO Food (fname, cname) VALUES ('Sushi buritto', 'Fusion');
INSERT INTO Food (fname, cname) VALUES ('Sushi pizza', 'Fusion');
INSERT INTO Food (fname, cname) VALUES ('Pineapple pizza', 'Fusion');
INSERT INTO Food (fname, cname) VALUES ('Noodle samosa', 'Fusion');
INSERT INTO Food (fname, cname) VALUES ('Chocolate Nachos', 'Fusion');
INSERT INTO Food (fname, cname) VALUES ('Salsa cheese doughnuts', 'Fusion');
INSERT INTO Food (fname, cname) VALUES ('Caviar burger', 'Fusion');
INSERT INTO Food (fname, cname) VALUES ('Chinese pizza', 'Fusion');
INSERT INTO Food (fname, cname) VALUES ('Ras malai cake', 'Fusion');
INSERT INTO Food (fname, cname) VALUES ('Avocado kalakkand', 'Fusion');
INSERT INTO Food (fname, cname) VALUES ('Beef Stroganoff', 'Russian');
INSERT INTO Food (fname, cname) VALUES ('Chicken Kiev', 'Russian');
INSERT INTO Food (fname, cname) VALUES ('Caviar', 'Russian');
INSERT INTO Food (fname, cname) VALUES ('Dressed herring', 'Russian');
INSERT INTO Food (fname, cname) VALUES ('Guriev porridge', 'Russian');
INSERT INTO Food (fname, cname) VALUES ('Kholodets', 'Russian');
INSERT INTO Food (fname, cname) VALUES ('Pelmeni', 'Russian');
INSERT INTO Food (fname, cname) VALUES ('Pozharsky cutlet', 'Russian');
INSERT INTO Food (fname, cname) VALUES ('Solyanka', 'Russian');
INSERT INTO Food (fname, cname) VALUES ('Vatrushka', 'Russian');
INSERT INTO Food (fname, cname) VALUES ('Brownies', 'Desert');
INSERT INTO Food (fname, cname) VALUES ('Cake', 'Desert');
INSERT INTO Food (fname, cname) VALUES ('Cheesecake', 'Desert');
INSERT INTO Food (fname, cname) VALUES ('Chocolate', 'Desert');
INSERT INTO Food (fname, cname) VALUES ('Doughnuts', 'Desert');
INSERT INTO Food (fname, cname) VALUES ('Cookies', 'Desert');
INSERT INTO Food (fname, cname) VALUES ('Biscuits', 'Desert');
INSERT INTO Food (fname, cname) VALUES ('Muffin', 'Desert');
INSERT INTO Food (fname, cname) VALUES ('Cupcake', 'Desert');
INSERT INTO Food (fname, cname) VALUES ('Apple pie', 'Desert');
INSERT INTO Food (fname, cname) VALUES ('Chicken rice', 'Singaporean');
INSERT INTO Food (fname, cname) VALUES ('Bak chor mee', 'Singaporean');
INSERT INTO Food (fname, cname) VALUES ('Mee pok', 'Singaporean');
INSERT INTO Food (fname, cname) VALUES ('Mee siam', 'Singaporean');
INSERT INTO Food (fname, cname) VALUES ('Ban mian', 'Singaporean');
INSERT INTO Food (fname, cname) VALUES ('Bak kut teh', 'Singaporean');
INSERT INTO Food (fname, cname) VALUES ('Satay', 'Singaporean');
INSERT INTO Food (fname, cname) VALUES ('Fish head curry', 'Singaporean');
INSERT INTO Food (fname, cname) VALUES ('Chilli crab', 'Singaporean');
INSERT INTO Food (fname, cname) VALUES ('Kaya toast', 'Singaporean');
INSERT INTO Food (fname, cname) VALUES ('Ayam bakar', 'Indonesian');
INSERT INTO Food (fname, cname) VALUES ('Ayam Penyet', 'Indonesian');
INSERT INTO Food (fname, cname) VALUES ('Babi panggang', 'Indonesian');
INSERT INTO Food (fname, cname) VALUES ('Bubur ayam', 'Indonesian');
INSERT INTO Food (fname, cname) VALUES ('Gado-gado', 'Indonesian');
INSERT INTO Food (fname, cname) VALUES ('Gulai', 'Indonesian');
INSERT INTO Food (fname, cname) VALUES ('Ikan goreng', 'Indonesian');
INSERT INTO Food (fname, cname) VALUES ('Ketupat', 'Indonesian');
INSERT INTO Food (fname, cname) VALUES ('Lontong', 'Indonesian');
INSERT INTO Food (fname, cname) VALUES ('Rendang', 'Indonesian');
INSERT INTO Food (fname, cname) VALUES ('Sinigang', 'Filipino');
INSERT INTO Food (fname, cname) VALUES ('Humba', 'Filipino');
INSERT INTO Food (fname, cname) VALUES ('Inun-unan', 'Filipino');
INSERT INTO Food (fname, cname) VALUES ('Limpia', 'Filipino');
INSERT INTO Food (fname, cname) VALUES ('Morcon', 'Filipino');
INSERT INTO Food (fname, cname) VALUES ('Pinangat', 'Filipino');
INSERT INTO Food (fname, cname) VALUES ('Sisig', 'Filipino');
INSERT INTO Food (fname, cname) VALUES ('Torta', 'Filipino');
INSERT INTO Food (fname, cname) VALUES ('Balut', 'Filipino');
INSERT INTO Food (fname, cname) VALUES ('Pancit palabok', 'Filipino');
INSERT INTO Sells (rname, fname, price) VALUES ('Peace Meal', 'Ikan goreng', '0.01');
INSERT INTO Sells (rname, fname, price) VALUES ('Peace Meal', 'Bubur ayam', '33.13');
INSERT INTO Sells (rname, fname, price) VALUES ('Peace Meal', 'Ayam bakar', '37.24');
INSERT INTO Sells (rname, fname, price) VALUES ('Peace Meal', 'Rendang', '21.47');
INSERT INTO Sells (rname, fname, price) VALUES ('Peace Meal', 'Ketupat', '0.22');
INSERT INTO Sells (rname, fname, price) VALUES ('Peace Meal', 'Gado-gado', '23.48');
INSERT INTO Sells (rname, fname, price) VALUES ('Peace Meal', 'Ayam Penyet', '18.39');
INSERT INTO Sells (rname, fname, price) VALUES ('Waffle Stomper', 'Disa', '4.06');
INSERT INTO Sells (rname, fname, price) VALUES ('Waffle Stomper', 'Chaat', '46.73');
INSERT INTO Sells (rname, fname, price) VALUES ('Waffle Stomper', 'Appam', '11.23');
INSERT INTO Sells (rname, fname, price) VALUES ('Waffle Stomper', 'Biryani', '39.27');
INSERT INTO Sells (rname, fname, price) VALUES ('Waffle Stomper', 'Puttu', '44.81');
INSERT INTO Sells (rname, fname, price) VALUES ('Waffle Stomper', 'Dal', '39.71');
INSERT INTO Sells (rname, fname, price) VALUES ('Waffle Stomper', 'Chapati', '36.46');
INSERT INTO Sells (rname, fname, price) VALUES ('Zuke', 'Chocolate Nachos', '45.4');
INSERT INTO Sells (rname, fname, price) VALUES ('Zuke', 'Caviar burger', '17.19');
INSERT INTO Sells (rname, fname, price) VALUES ('Zuke', 'Chinese pizza', '20.75');
INSERT INTO Sells (rname, fname, price) VALUES ('Zuke', 'Noodle samosa', '0.44');
INSERT INTO Sells (rname, fname, price) VALUES ('Zuke', 'Salsa cheese doughnuts', '11.46');
INSERT INTO Sells (rname, fname, price) VALUES ('Zuke', 'Sushi pizza', '41.65');
INSERT INTO Sells (rname, fname, price) VALUES ('Zuke', 'Avocado kalakkand', '3.62');
INSERT INTO Sells (rname, fname, price) VALUES ('Bob Mutton', 'Vegetable sandwich', '6.55');
INSERT INTO Sells (rname, fname, price) VALUES ('Bob Mutton', 'Vegetable soup', '5.92');
INSERT INTO Sells (rname, fname, price) VALUES ('Bob Mutton', 'Cucumber soup', '32.82');
INSERT INTO Sells (rname, fname, price) VALUES ('Bob Mutton', 'Vegetable chips', '7.19');
INSERT INTO Sells (rname, fname, price) VALUES ('Bob Mutton', 'Arab salad', '29.0');
INSERT INTO Sells (rname, fname, price) VALUES ('Bob Mutton', 'Caesar salad', '8.87');
INSERT INTO Sells (rname, fname, price) VALUES ('Bob Mutton', 'Spinach salad', '41.95');
INSERT INTO Sells (rname, fname, price) VALUES ('Food Frolic', 'Cake', '45.78');
INSERT INTO Sells (rname, fname, price) VALUES ('Food Frolic', 'Cheesecake', '22.01');
INSERT INTO Sells (rname, fname, price) VALUES ('Food Frolic', 'Cupcake', '27.79');
INSERT INTO Sells (rname, fname, price) VALUES ('Food Frolic', 'Brownies', '23.63');
INSERT INTO Sells (rname, fname, price) VALUES ('Food Frolic', 'Apple pie', '6.97');
INSERT INTO Sells (rname, fname, price) VALUES ('Food Frolic', 'Doughnuts', '4.38');
INSERT INTO Sells (rname, fname, price) VALUES ('Food Frolic', 'Cookies', '18.46');
INSERT INTO Sells (rname, fname, price) VALUES ('Minga', 'Verdura', '10.6');
INSERT INTO Sells (rname, fname, price) VALUES ('Minga', 'Carne', '9.86');
INSERT INTO Sells (rname, fname, price) VALUES ('Minga', 'Tortellini', '7.22');
INSERT INTO Sells (rname, fname, price) VALUES ('Minga', 'Formaggi', '10.49');
INSERT INTO Sells (rname, fname, price) VALUES ('Minga', 'Pizza', '3.39');
INSERT INTO Sells (rname, fname, price) VALUES ('Minga', 'Ravioli', '25.84');
INSERT INTO Sells (rname, fname, price) VALUES ('Minga', 'Penne', '47.06');
INSERT INTO Sells (rname, fname, price) VALUES ('The Raspy Magpie', 'Khanom jeen nam yaa', '11.74');
INSERT INTO Sells (rname, fname, price) VALUES ('The Raspy Magpie', 'Tom yam boran', '4.38');
INSERT INTO Sells (rname, fname, price) VALUES ('The Raspy Magpie', 'Khao kha mu', '19.59');
INSERT INTO Sells (rname, fname, price) VALUES ('The Raspy Magpie', 'Chin hum', '17.5');
INSERT INTO Sells (rname, fname, price) VALUES ('The Raspy Magpie', 'Khao soi Mae Sai', '37.22');
INSERT INTO Sells (rname, fname, price) VALUES ('The Raspy Magpie', 'Bami haeng pet', '38.01');
INSERT INTO Sells (rname, fname, price) VALUES ('The Raspy Magpie', 'Chim chum', '24.18');
INSERT INTO Sells (rname, fname, price) VALUES ('Unit Socrates', 'Fried rice', '20.7');
INSERT INTO Sells (rname, fname, price) VALUES ('Unit Socrates', 'Mooncake', '38.3');
INSERT INTO Sells (rname, fname, price) VALUES ('Unit Socrates', 'Char siu', '40.14');
INSERT INTO Sells (rname, fname, price) VALUES ('Unit Socrates', 'Fried noodles', '38.64');
INSERT INTO Sells (rname, fname, price) VALUES ('Unit Socrates', 'Peking duck', '41.06');
INSERT INTO Sells (rname, fname, price) VALUES ('Unit Socrates', 'Dim sum', '19.76');
INSERT INTO Sells (rname, fname, price) VALUES ('Unit Socrates', 'Wonton', '12.62');
INSERT INTO Sells (rname, fname, price) VALUES ('Ozean', 'Chapati', '32.37');
INSERT INTO Sells (rname, fname, price) VALUES ('Ozean', 'Appam', '44.95');
INSERT INTO Sells (rname, fname, price) VALUES ('Ozean', 'Dal', '25.95');
INSERT INTO Sells (rname, fname, price) VALUES ('Ozean', 'Chaat', '26.85');
INSERT INTO Sells (rname, fname, price) VALUES ('Ozean', 'Chicken tikka', '35.23');
INSERT INTO Sells (rname, fname, price) VALUES ('Ozean', 'Prata', '39.01');
INSERT INTO Sells (rname, fname, price) VALUES ('Ozean', 'Disa', '41.04');
INSERT INTO Sells (rname, fname, price) VALUES ('The Crazy Crawfish', 'Humba', '5.95');
INSERT INTO Sells (rname, fname, price) VALUES ('The Crazy Crawfish', 'Sisig', '2.13');
INSERT INTO Sells (rname, fname, price) VALUES ('The Crazy Crawfish', 'Limpia', '14.15');
INSERT INTO Sells (rname, fname, price) VALUES ('The Crazy Crawfish', 'Inun-unan', '3.08');
INSERT INTO Sells (rname, fname, price) VALUES ('The Crazy Crawfish', 'Balut', '27.89');
INSERT INTO Sells (rname, fname, price) VALUES ('The Crazy Crawfish', 'Pinangat', '12.06');
INSERT INTO Sells (rname, fname, price) VALUES ('The Crazy Crawfish', 'Morcon', '9.01');
INSERT INTO Sells (rname, fname, price) VALUES ('Cornpone Castle', 'Onigiri', '13.03');
INSERT INTO Sells (rname, fname, price) VALUES ('Cornpone Castle', 'Sushi', '47.07');
INSERT INTO Sells (rname, fname, price) VALUES ('Cornpone Castle', 'Ramen', '4.98');
INSERT INTO Sells (rname, fname, price) VALUES ('Cornpone Castle', 'Udon', '39.24');
INSERT INTO Sells (rname, fname, price) VALUES ('Cornpone Castle', 'Sashimi', '49.71');
INSERT INTO Sells (rname, fname, price) VALUES ('Cornpone Castle', 'Gyoza', '11.88');
INSERT INTO Sells (rname, fname, price) VALUES ('Cornpone Castle', 'Miso soup', '25.8');
INSERT INTO Sells (rname, fname, price) VALUES ('Lyricalia', 'Churrosi', '20.35');
INSERT INTO Sells (rname, fname, price) VALUES ('Lyricalia', 'Paprika', '29.03');
INSERT INTO Sells (rname, fname, price) VALUES ('Lyricalia', 'Polvoron', '34.97');
INSERT INTO Sells (rname, fname, price) VALUES ('Lyricalia', 'Pincho', '30.6');
INSERT INTO Sells (rname, fname, price) VALUES ('Lyricalia', 'Coca', '0.57');
INSERT INTO Sells (rname, fname, price) VALUES ('Lyricalia', 'Cocido', '23.7');
INSERT INTO Sells (rname, fname, price) VALUES ('Lyricalia', 'Paella', '17.52');
INSERT INTO Sells (rname, fname, price) VALUES ('Quickie Lickie', 'Caviar burger', '18.78');
INSERT INTO Sells (rname, fname, price) VALUES ('Quickie Lickie', 'Avocado kalakkand', '2.08');
INSERT INTO Sells (rname, fname, price) VALUES ('Quickie Lickie', 'Pineapple pizza', '16.0');
INSERT INTO Sells (rname, fname, price) VALUES ('Quickie Lickie', 'Ras malai cake', '40.83');
INSERT INTO Sells (rname, fname, price) VALUES ('Quickie Lickie', 'Sushi buritto', '25.3');
INSERT INTO Sells (rname, fname, price) VALUES ('Quickie Lickie', 'Salsa cheese doughnuts', '19.02');
INSERT INTO Sells (rname, fname, price) VALUES ('Quickie Lickie', 'Noodle samosa', '25.52');
INSERT INTO Sells (rname, fname, price) VALUES ('Prawn Phreak', 'Cereal', '42.67');
INSERT INTO Sells (rname, fname, price) VALUES ('Prawn Phreak', 'Fried ice cream', '10.57');
INSERT INTO Sells (rname, fname, price) VALUES ('Prawn Phreak', 'Waffles', '34.08');
INSERT INTO Sells (rname, fname, price) VALUES ('Prawn Phreak', 'Fries', '17.33');
INSERT INTO Sells (rname, fname, price) VALUES ('Prawn Phreak', 'Burger', '47.75');
INSERT INTO Sells (rname, fname, price) VALUES ('Prawn Phreak', 'Pancakes', '26.2');
INSERT INTO Sells (rname, fname, price) VALUES ('Prawn Phreak', 'Steak', '27.75');
INSERT INTO Sells (rname, fname, price) VALUES ('Rockyard', 'Inun-unan', '35.21');
INSERT INTO Sells (rname, fname, price) VALUES ('Rockyard', 'Pinangat', '17.74');
INSERT INTO Sells (rname, fname, price) VALUES ('Rockyard', 'Torta', '36.09');
INSERT INTO Sells (rname, fname, price) VALUES ('Rockyard', 'Humba', '48.33');
INSERT INTO Sells (rname, fname, price) VALUES ('Rockyard', 'Pancit palabok', '28.18');
INSERT INTO Sells (rname, fname, price) VALUES ('Rockyard', 'Sisig', '9.67');
INSERT INTO Sells (rname, fname, price) VALUES ('Rockyard', 'Sinigang', '18.42');
INSERT INTO Sells (rname, fname, price) VALUES ('Flambo', 'Pizza', '28.34');
INSERT INTO Sells (rname, fname, price) VALUES ('Flambo', 'Ravioli', '36.95');
INSERT INTO Sells (rname, fname, price) VALUES ('Flambo', 'Formaggi', '4.14');
INSERT INTO Sells (rname, fname, price) VALUES ('Flambo', 'Verdura', '47.06');
INSERT INTO Sells (rname, fname, price) VALUES ('Flambo', 'Carne', '41.79');
INSERT INTO Sells (rname, fname, price) VALUES ('Flambo', 'Penne', '40.04');
INSERT INTO Sells (rname, fname, price) VALUES ('Flambo', 'Pasta', '38.61');
INSERT INTO Sells (rname, fname, price) VALUES ('Bennies Fishery', 'Sushi', '27.94');
INSERT INTO Sells (rname, fname, price) VALUES ('Bennies Fishery', 'Oyakodon', '40.47');
INSERT INTO Sells (rname, fname, price) VALUES ('Bennies Fishery', 'Udon', '37.06');
INSERT INTO Sells (rname, fname, price) VALUES ('Bennies Fishery', 'Ramen', '43.24');
INSERT INTO Sells (rname, fname, price) VALUES ('Bennies Fishery', 'Onigiri', '25.7');
INSERT INTO Sells (rname, fname, price) VALUES ('Bennies Fishery', 'Sashimi', '43.47');
INSERT INTO Sells (rname, fname, price) VALUES ('Bennies Fishery', 'Mochi', '5.18');
INSERT INTO Sells (rname, fname, price) VALUES ('Shakedown', 'Churros', '8.47');
INSERT INTO Sells (rname, fname, price) VALUES ('Shakedown', 'Salsa', '6.01');
INSERT INTO Sells (rname, fname, price) VALUES ('Shakedown', 'Fajitas', '47.3');
INSERT INTO Sells (rname, fname, price) VALUES ('Shakedown', 'Frijoles', '15.15');
INSERT INTO Sells (rname, fname, price) VALUES ('Shakedown', 'Barbacoa', '25.72');
INSERT INTO Sells (rname, fname, price) VALUES ('Shakedown', 'Quesadillas', '27.79');
INSERT INTO Sells (rname, fname, price) VALUES ('Shakedown', 'Taco', '9.81');
INSERT INTO Sells (rname, fname, price) VALUES ('Gorganic', 'Cocido', '49.43');
INSERT INTO Sells (rname, fname, price) VALUES ('Gorganic', 'Paprika', '6.22');
INSERT INTO Sells (rname, fname, price) VALUES ('Gorganic', 'Pincho', '10.58');
INSERT INTO Sells (rname, fname, price) VALUES ('Gorganic', 'Pisto', '11.55');
INSERT INTO Sells (rname, fname, price) VALUES ('Gorganic', 'Gazpacho', '23.92');
INSERT INTO Sells (rname, fname, price) VALUES ('Gorganic', 'Coca', '32.22');
INSERT INTO Sells (rname, fname, price) VALUES ('Gorganic', 'Polvoron', '32.67');
INSERT INTO Sells (rname, fname, price) VALUES ('AstroCoffee', 'Puttu', '30.05');
INSERT INTO Sells (rname, fname, price) VALUES ('AstroCoffee', 'Butter chicken', '45.14');
INSERT INTO Sells (rname, fname, price) VALUES ('AstroCoffee', 'Disa', '40.08');
INSERT INTO Sells (rname, fname, price) VALUES ('AstroCoffee', 'Appam', '27.84');
INSERT INTO Sells (rname, fname, price) VALUES ('AstroCoffee', 'Chapati', '4.56');
INSERT INTO Sells (rname, fname, price) VALUES ('AstroCoffee', 'Chaat', '38.93');
INSERT INTO Sells (rname, fname, price) VALUES ('AstroCoffee', 'Prata', '23.53');
INSERT INTO Sells (rname, fname, price) VALUES ('Pizza Experience', 'Muffin', '21.84');
INSERT INTO Sells (rname, fname, price) VALUES ('Pizza Experience', 'Chocolate', '28.91');
INSERT INTO Sells (rname, fname, price) VALUES ('Pizza Experience', 'Brownies', '43.55');
INSERT INTO Sells (rname, fname, price) VALUES ('Pizza Experience', 'Cupcake', '5.28');
INSERT INTO Sells (rname, fname, price) VALUES ('Pizza Experience', 'Doughnuts', '49.96');
INSERT INTO Sells (rname, fname, price) VALUES ('Pizza Experience', 'Apple pie', '6.93');
INSERT INTO Sells (rname, fname, price) VALUES ('Pizza Experience', 'Cookies', '10.62');
INSERT INTO Sells (rname, fname, price) VALUES ('Banjo Pancake', 'Bossam', '0.26');
INSERT INTO Sells (rname, fname, price) VALUES ('Banjo Pancake', 'Namul', '23.26');
INSERT INTO Sells (rname, fname, price) VALUES ('Banjo Pancake', 'Dak galbi', '27.76');
INSERT INTO Sells (rname, fname, price) VALUES ('Banjo Pancake', 'Makchang', '36.23');
INSERT INTO Sells (rname, fname, price) VALUES ('Banjo Pancake', 'Kimchi', '6.09');
INSERT INTO Sells (rname, fname, price) VALUES ('Banjo Pancake', 'Samgyeopsal', '48.8');
INSERT INTO Sells (rname, fname, price) VALUES ('Banjo Pancake', 'Burungji', '38.83');
INSERT INTO Sells (rname, fname, price) VALUES ('Atomic Coffee', 'Banh beo', '27.84');
INSERT INTO Sells (rname, fname, price) VALUES ('Atomic Coffee', 'Pho', '41.75');
INSERT INTO Sells (rname, fname, price) VALUES ('Atomic Coffee', 'Goi cuon', '2.64');
INSERT INTO Sells (rname, fname, price) VALUES ('Atomic Coffee', 'Gio lua', '22.52');
INSERT INTO Sells (rname, fname, price) VALUES ('Atomic Coffee', 'Banh phu the', '6.09');
INSERT INTO Sells (rname, fname, price) VALUES ('Atomic Coffee', 'Cao lau', '28.63');
INSERT INTO Sells (rname, fname, price) VALUES ('Atomic Coffee', 'Banh canh', '31.91');
INSERT INTO Sells (rname, fname, price) VALUES ('Coffee Lodge', 'Pho', '25.96');
INSERT INTO Sells (rname, fname, price) VALUES ('Coffee Lodge', 'Banh bao', '10.01');
INSERT INTO Sells (rname, fname, price) VALUES ('Coffee Lodge', 'Gio lua', '38.79');
INSERT INTO Sells (rname, fname, price) VALUES ('Coffee Lodge', 'Banh canh', '35.38');
INSERT INTO Sells (rname, fname, price) VALUES ('Coffee Lodge', 'Banh beo', '41.16');
INSERT INTO Sells (rname, fname, price) VALUES ('Coffee Lodge', 'Thit Kho Tau', '24.65');
INSERT INTO Sells (rname, fname, price) VALUES ('Coffee Lodge', 'Cao lau', '12.63');
INSERT INTO Sells (rname, fname, price) VALUES ('Friendly Fire', 'Khao kha mu', '3.07');
INSERT INTO Sells (rname, fname, price) VALUES ('Friendly Fire', 'Chin hum', '20.32');
INSERT INTO Sells (rname, fname, price) VALUES ('Friendly Fire', 'Khao man gai', '37.14');
INSERT INTO Sells (rname, fname, price) VALUES ('Friendly Fire', 'Chim chum', '25.79');
INSERT INTO Sells (rname, fname, price) VALUES ('Friendly Fire', 'Tom yam boran', '19.41');
INSERT INTO Sells (rname, fname, price) VALUES ('Friendly Fire', 'Bami haeng pet', '36.33');
INSERT INTO Sells (rname, fname, price) VALUES ('Friendly Fire', 'Kuaichap', '42.38');
INSERT INTO Sells (rname, fname, price) VALUES ('Tandoori Vittles', 'Mee siam', '45.45');
INSERT INTO Sells (rname, fname, price) VALUES ('Tandoori Vittles', 'Kaya toast', '3.32');
INSERT INTO Sells (rname, fname, price) VALUES ('Tandoori Vittles', 'Bak chor mee', '4.31');
INSERT INTO Sells (rname, fname, price) VALUES ('Tandoori Vittles', 'Chilli crab', '33.62');
INSERT INTO Sells (rname, fname, price) VALUES ('Tandoori Vittles', 'Ban mian', '10.87');
INSERT INTO Sells (rname, fname, price) VALUES ('Tandoori Vittles', 'Bak kut teh', '21.79');
INSERT INTO Sells (rname, fname, price) VALUES ('Tandoori Vittles', 'Mee pok', '34.21');
INSERT INTO Sells (rname, fname, price) VALUES ('Sasskatchy!', 'Arab salad', '41.99');
INSERT INTO Sells (rname, fname, price) VALUES ('Sasskatchy!', 'Vegetable chips', '21.79');
INSERT INTO Sells (rname, fname, price) VALUES ('Sasskatchy!', 'Carrot salad', '7.58');
INSERT INTO Sells (rname, fname, price) VALUES ('Sasskatchy!', 'Vegetable sandwich', '3.35');
INSERT INTO Sells (rname, fname, price) VALUES ('Sasskatchy!', 'Vegetable soup', '19.44');
INSERT INTO Sells (rname, fname, price) VALUES ('Sasskatchy!', 'Potato salad', '45.61');
INSERT INTO Sells (rname, fname, price) VALUES ('Sasskatchy!', 'Israeli salad', '32.76');
INSERT INTO Sells (rname, fname, price) VALUES ('Tarmac', 'GGyros', '22.83');
INSERT INTO Sells (rname, fname, price) VALUES ('Tarmac', 'Bougatsa', '48.44');
INSERT INTO Sells (rname, fname, price) VALUES ('Tarmac', 'Mydia', '9.2');
INSERT INTO Sells (rname, fname, price) VALUES ('Tarmac', 'Greek salad', '16.4');
INSERT INTO Sells (rname, fname, price) VALUES ('Tarmac', 'Pastitsio', '6.36');
INSERT INTO Sells (rname, fname, price) VALUES ('Tarmac', 'Diples', '8.6');
INSERT INTO Sells (rname, fname, price) VALUES ('Tarmac', 'Lazarakia', '2.79');
INSERT INTO Sells (rname, fname, price) VALUES ('Slow & Pulpy', 'Puttu', '44.01');
INSERT INTO Sells (rname, fname, price) VALUES ('Slow & Pulpy', 'Chaat', '29.67');
INSERT INTO Sells (rname, fname, price) VALUES ('Slow & Pulpy', 'Biryani', '23.33');
INSERT INTO Sells (rname, fname, price) VALUES ('Slow & Pulpy', 'Disa', '34.38');
INSERT INTO Sells (rname, fname, price) VALUES ('Slow & Pulpy', 'Butter chicken', '42.13');
INSERT INTO Sells (rname, fname, price) VALUES ('Slow & Pulpy', 'Chapati', '9.86');
INSERT INTO Sells (rname, fname, price) VALUES ('Slow & Pulpy', 'Appam', '37.75');
INSERT INTO Sells (rname, fname, price) VALUES ('Lambastica', 'Penne', '28.3');
INSERT INTO Sells (rname, fname, price) VALUES ('Lambastica', 'Tortellini', '2.27');
INSERT INTO Sells (rname, fname, price) VALUES ('Lambastica', 'Pizza', '44.21');
INSERT INTO Sells (rname, fname, price) VALUES ('Lambastica', 'Carne', '3.22');
INSERT INTO Sells (rname, fname, price) VALUES ('Lambastica', 'Pasta', '49.47');
INSERT INTO Sells (rname, fname, price) VALUES ('Lambastica', 'Formaggi', '21.45');
INSERT INTO Sells (rname, fname, price) VALUES ('Lambastica', 'Biscotti', '24.77');
INSERT INTO Sells (rname, fname, price) VALUES ('The Lunchroom', 'Caviar', '42.41');
INSERT INTO Sells (rname, fname, price) VALUES ('The Lunchroom', 'Chicken Kiev', '26.99');
INSERT INTO Sells (rname, fname, price) VALUES ('The Lunchroom', 'Pozharsky cutlet', '47.3');
INSERT INTO Sells (rname, fname, price) VALUES ('The Lunchroom', 'Vatrushka', '29.68');
INSERT INTO Sells (rname, fname, price) VALUES ('The Lunchroom', 'Guriev porridge', '2.62');
INSERT INTO Sells (rname, fname, price) VALUES ('The Lunchroom', 'Beef Stroganoff', '39.65');
INSERT INTO Sells (rname, fname, price) VALUES ('The Lunchroom', 'Dressed herring', '46.82');
INSERT INTO Sells (rname, fname, price) VALUES ('Jackie Diamonds', 'Diples', '9.13');
INSERT INTO Sells (rname, fname, price) VALUES ('Jackie Diamonds', 'Finikia', '23.6');
INSERT INTO Sells (rname, fname, price) VALUES ('Jackie Diamonds', 'Pita', '14.09');
INSERT INTO Sells (rname, fname, price) VALUES ('Jackie Diamonds', 'Mydia', '9.28');
INSERT INTO Sells (rname, fname, price) VALUES ('Jackie Diamonds', 'Pastitsio', '7.73');
INSERT INTO Sells (rname, fname, price) VALUES ('Jackie Diamonds', 'GGyros', '35.81');
INSERT INTO Sells (rname, fname, price) VALUES ('Jackie Diamonds', 'Lazarakia', '10.4');
INSERT INTO Sells (rname, fname, price) VALUES ('Phat Kettle O Prawns', 'Mydia', '47.9');
INSERT INTO Sells (rname, fname, price) VALUES ('Phat Kettle O Prawns', 'Pastitsio', '43.15');
INSERT INTO Sells (rname, fname, price) VALUES ('Phat Kettle O Prawns', 'Lazarakia', '10.94');
INSERT INTO Sells (rname, fname, price) VALUES ('Phat Kettle O Prawns', 'Finikia', '24.23');
INSERT INTO Sells (rname, fname, price) VALUES ('Phat Kettle O Prawns', 'Diples', '19.96');
INSERT INTO Sells (rname, fname, price) VALUES ('Phat Kettle O Prawns', 'Dakos', '22.75');
INSERT INTO Sells (rname, fname, price) VALUES ('Phat Kettle O Prawns', 'GGyros', '21.92');
INSERT INTO Sells (rname, fname, price) VALUES ('ExoPlanet', 'Quesadillas', '0.99');
INSERT INTO Sells (rname, fname, price) VALUES ('ExoPlanet', 'Chalupa', '12.49');
INSERT INTO Sells (rname, fname, price) VALUES ('ExoPlanet', 'Fajitas', '42.53');
INSERT INTO Sells (rname, fname, price) VALUES ('ExoPlanet', 'Barbacoa', '11.34');
INSERT INTO Sells (rname, fname, price) VALUES ('ExoPlanet', 'Frijoles', '30.29');
INSERT INTO Sells (rname, fname, price) VALUES ('ExoPlanet', 'Enchilada', '31.63');
INSERT INTO Sells (rname, fname, price) VALUES ('ExoPlanet', 'Taco', '40.08');
INSERT INTO Sells (rname, fname, price) VALUES ('Food Haus', 'Ikan goreng', '20.86');
INSERT INTO Sells (rname, fname, price) VALUES ('Food Haus', 'Babi panggang', '45.09');
INSERT INTO Sells (rname, fname, price) VALUES ('Food Haus', 'Gulai', '14.14');
INSERT INTO Sells (rname, fname, price) VALUES ('Food Haus', 'Gado-gado', '31.63');
INSERT INTO Sells (rname, fname, price) VALUES ('Food Haus', 'Bubur ayam', '44.75');
INSERT INTO Sells (rname, fname, price) VALUES ('Food Haus', 'Ayam bakar', '28.05');
INSERT INTO Sells (rname, fname, price) VALUES ('Food Haus', 'Lontong', '9.82');
INSERT INTO Sells (rname, fname, price) VALUES ('Snark Bite', 'Schupfnudel', '49.83');
INSERT INTO Sells (rname, fname, price) VALUES ('Snark Bite', 'Bierwurst', '13.24');
INSERT INTO Sells (rname, fname, price) VALUES ('Snark Bite', 'Sauerkraut', '41.78');
INSERT INTO Sells (rname, fname, price) VALUES ('Snark Bite', 'Bratwurst', '22.99');
INSERT INTO Sells (rname, fname, price) VALUES ('Snark Bite', 'Wibele', '26.45');
INSERT INTO Sells (rname, fname, price) VALUES ('Snark Bite', 'Apfelkuchen', '6.34');
INSERT INTO Sells (rname, fname, price) VALUES ('Snark Bite', 'Maultaschen', '3.22');
INSERT INTO Sells (rname, fname, price) VALUES ('Que', 'Barbacoa', '46.27');
INSERT INTO Sells (rname, fname, price) VALUES ('Que', 'Frijoles', '13.69');
INSERT INTO Sells (rname, fname, price) VALUES ('Que', 'Quesadillas', '15.99');
INSERT INTO Sells (rname, fname, price) VALUES ('Que', 'Salsa', '32.27');
INSERT INTO Sells (rname, fname, price) VALUES ('Que', 'Burrito', '8.79');
INSERT INTO Sells (rname, fname, price) VALUES ('Que', 'Taco', '42.5');
INSERT INTO Sells (rname, fname, price) VALUES ('Que', 'Chalupa', '9.77');
INSERT INTO Sells (rname, fname, price) VALUES ('Meow Meow', 'Thit Kho Tau', '21.81');
INSERT INTO Sells (rname, fname, price) VALUES ('Meow Meow', 'Banh beo', '43.62');
INSERT INTO Sells (rname, fname, price) VALUES ('Meow Meow', 'Cao lau', '42.21');
INSERT INTO Sells (rname, fname, price) VALUES ('Meow Meow', 'Banh phu the', '23.7');
INSERT INTO Sells (rname, fname, price) VALUES ('Meow Meow', 'Gio lua', '14.73');
INSERT INTO Sells (rname, fname, price) VALUES ('Meow Meow', 'Banh canh', '26.78');
INSERT INTO Sells (rname, fname, price) VALUES ('Meow Meow', 'Pho', '42.86');
INSERT INTO Sells (rname, fname, price) VALUES ('Plastique', 'Namul', '31.98');
INSERT INTO Sells (rname, fname, price) VALUES ('Plastique', 'Burungji', '28.96');
INSERT INTO Sells (rname, fname, price) VALUES ('Plastique', 'Jjigae', '31.2');
INSERT INTO Sells (rname, fname, price) VALUES ('Plastique', 'Samgyeopsal', '47.14');
INSERT INTO Sells (rname, fname, price) VALUES ('Plastique', 'Dak galbi', '17.33');
INSERT INTO Sells (rname, fname, price) VALUES ('Plastique', 'Kimchi', '39.11');
INSERT INTO Sells (rname, fname, price) VALUES ('Plastique', 'Bibimbap', '36.2');
INSERT INTO Sells (rname, fname, price) VALUES ('Lotus Boogie', 'Dak galbi', '3.11');
INSERT INTO Sells (rname, fname, price) VALUES ('Lotus Boogie', 'Bibimbap', '21.8');
INSERT INTO Sells (rname, fname, price) VALUES ('Lotus Boogie', 'Samgyeopsal', '8.62');
INSERT INTO Sells (rname, fname, price) VALUES ('Lotus Boogie', 'Jjigae', '31.1');
INSERT INTO Sells (rname, fname, price) VALUES ('Lotus Boogie', 'Makchang', '8.06');
INSERT INTO Sells (rname, fname, price) VALUES ('Lotus Boogie', 'Namul', '47.6');
INSERT INTO Sells (rname, fname, price) VALUES ('Lotus Boogie', 'Bossam', '36.33');
INSERT INTO Sells (rname, fname, price) VALUES ('Taste Tease', 'Fried rice', '28.92');
INSERT INTO Sells (rname, fname, price) VALUES ('Taste Tease', 'Congee', '46.38');
INSERT INTO Sells (rname, fname, price) VALUES ('Taste Tease', 'Peking duck', '5.49');
INSERT INTO Sells (rname, fname, price) VALUES ('Taste Tease', 'Mooncake', '1.87');
INSERT INTO Sells (rname, fname, price) VALUES ('Taste Tease', 'Mongolian lamb', '49.25');
INSERT INTO Sells (rname, fname, price) VALUES ('Taste Tease', 'Dim sum', '40.91');
INSERT INTO Sells (rname, fname, price) VALUES ('Taste Tease', 'Wonton', '42.56');
INSERT INTO Sells (rname, fname, price) VALUES ('Aroma Borealis', 'Wibele', '42.12');
INSERT INTO Sells (rname, fname, price) VALUES ('Aroma Borealis', 'Bierwurst', '26.83');
INSERT INTO Sells (rname, fname, price) VALUES ('Aroma Borealis', 'Bratwurst', '44.68');
INSERT INTO Sells (rname, fname, price) VALUES ('Aroma Borealis', 'Kohlroulade', '28.54');
INSERT INTO Sells (rname, fname, price) VALUES ('Aroma Borealis', 'Maultaschen', '37.11');
INSERT INTO Sells (rname, fname, price) VALUES ('Aroma Borealis', 'Schupfnudel', '25.06');
INSERT INTO Sells (rname, fname, price) VALUES ('Aroma Borealis', 'Hasenpfeffer', '44.74');
INSERT INTO Sells (rname, fname, price) VALUES ('Tersanki', 'Puttu', '10.7');
INSERT INTO Sells (rname, fname, price) VALUES ('Tersanki', 'Butter chicken', '5.71');
INSERT INTO Sells (rname, fname, price) VALUES ('Tersanki', 'Dal', '20.8');
INSERT INTO Sells (rname, fname, price) VALUES ('Tersanki', 'Appam', '44.52');
INSERT INTO Sells (rname, fname, price) VALUES ('Tersanki', 'Chapati', '33.01');
INSERT INTO Sells (rname, fname, price) VALUES ('Tersanki', 'Biryani', '38.64');
INSERT INTO Sells (rname, fname, price) VALUES ('Tersanki', 'Chicken tikka', '19.63');
INSERT INTO Sells (rname, fname, price) VALUES ('Coffee Cat', 'Sinigang', '6.91');
INSERT INTO Sells (rname, fname, price) VALUES ('Coffee Cat', 'Humba', '13.68');
INSERT INTO Sells (rname, fname, price) VALUES ('Coffee Cat', 'Morcon', '11.52');
INSERT INTO Sells (rname, fname, price) VALUES ('Coffee Cat', 'Torta', '23.38');
INSERT INTO Sells (rname, fname, price) VALUES ('Coffee Cat', 'Sisig', '26.86');
INSERT INTO Sells (rname, fname, price) VALUES ('Coffee Cat', 'Pancit palabok', '44.77');
INSERT INTO Sells (rname, fname, price) VALUES ('Coffee Cat', 'Balut', '19.37');
INSERT INTO Sells (rname, fname, price) VALUES ('Quick Licks', 'Sashimi', '23.17');
INSERT INTO Sells (rname, fname, price) VALUES ('Quick Licks', 'Udon', '37.3');
INSERT INTO Sells (rname, fname, price) VALUES ('Quick Licks', 'Miso soup', '41.52');
INSERT INTO Sells (rname, fname, price) VALUES ('Quick Licks', 'Ramen', '22.76');
INSERT INTO Sells (rname, fname, price) VALUES ('Quick Licks', 'Sushi', '14.17');
INSERT INTO Sells (rname, fname, price) VALUES ('Quick Licks', 'Soba', '14.08');
INSERT INTO Sells (rname, fname, price) VALUES ('Quick Licks', 'Mochi', '2.79');
INSERT INTO Sells (rname, fname, price) VALUES ('Crustatia', 'Chapati', '6.01');
INSERT INTO Sells (rname, fname, price) VALUES ('Crustatia', 'Biryani', '39.81');
INSERT INTO Sells (rname, fname, price) VALUES ('Crustatia', 'Appam', '46.45');
INSERT INTO Sells (rname, fname, price) VALUES ('Crustatia', 'Dal', '13.77');
INSERT INTO Sells (rname, fname, price) VALUES ('Crustatia', 'Butter chicken', '11.44');
INSERT INTO Sells (rname, fname, price) VALUES ('Crustatia', 'Chicken tikka', '8.86');
INSERT INTO Sells (rname, fname, price) VALUES ('Crustatia', 'Disa', '40.82');
INSERT INTO Sells (rname, fname, price) VALUES ('The Running Monk', 'Diples', '41.78');
INSERT INTO Sells (rname, fname, price) VALUES ('The Running Monk', 'Dakos', '7.27');
INSERT INTO Sells (rname, fname, price) VALUES ('The Running Monk', 'GGyros', '37.67');
INSERT INTO Sells (rname, fname, price) VALUES ('The Running Monk', 'Pastitsio', '27.91');
INSERT INTO Sells (rname, fname, price) VALUES ('The Running Monk', 'Lazarakia', '12.87');
INSERT INTO Sells (rname, fname, price) VALUES ('The Running Monk', 'Pita', '29.1');
INSERT INTO Sells (rname, fname, price) VALUES ('The Running Monk', 'Bougatsa', '21.85');
INSERT INTO Sells (rname, fname, price) VALUES ('The Glassy Eye', 'Gyoza', '35.7');
INSERT INTO Sells (rname, fname, price) VALUES ('The Glassy Eye', 'Udon', '30.12');
INSERT INTO Sells (rname, fname, price) VALUES ('The Glassy Eye', 'Ramen', '9.04');
INSERT INTO Sells (rname, fname, price) VALUES ('The Glassy Eye', 'Soba', '0.53');
INSERT INTO Sells (rname, fname, price) VALUES ('The Glassy Eye', 'Oyakodon', '19.88');
INSERT INTO Sells (rname, fname, price) VALUES ('The Glassy Eye', 'Sushi', '27.92');
INSERT INTO Sells (rname, fname, price) VALUES ('The Glassy Eye', 'Onigiri', '31.61');
INSERT INTO Sells (rname, fname, price) VALUES ('The Spigot', 'Namul', '4.65');
INSERT INTO Sells (rname, fname, price) VALUES ('The Spigot', 'Bossam', '44.99');
INSERT INTO Sells (rname, fname, price) VALUES ('The Spigot', 'Kimchi', '46.84');
INSERT INTO Sells (rname, fname, price) VALUES ('The Spigot', 'Samgyeopsal', '29.77');
INSERT INTO Sells (rname, fname, price) VALUES ('The Spigot', 'Makchang', '27.38');
INSERT INTO Sells (rname, fname, price) VALUES ('The Spigot', 'Jjigae', '14.66');
INSERT INTO Sells (rname, fname, price) VALUES ('The Spigot', 'Burungji', '32.38');
INSERT INTO Sells (rname, fname, price) VALUES ('Passion Pork', 'Salsa', '18.33');
INSERT INTO Sells (rname, fname, price) VALUES ('Passion Pork', 'Enchilada', '28.21');
INSERT INTO Sells (rname, fname, price) VALUES ('Passion Pork', 'Burrito', '25.5');
INSERT INTO Sells (rname, fname, price) VALUES ('Passion Pork', 'Fajitas', '7.73');
INSERT INTO Sells (rname, fname, price) VALUES ('Passion Pork', 'Frijoles', '33.2');
INSERT INTO Sells (rname, fname, price) VALUES ('Passion Pork', 'Taco', '28.81');
INSERT INTO Sells (rname, fname, price) VALUES ('Passion Pork', 'Chalupa', '41.78');
INSERT INTO Reserves (reid, rname, aname, address, username, numPax, confirmed, amount, dateTime) VALUES (100, 'Unit Socrates', 'Southern Islands', '221 Althea Road Singapore 328116', 'Mika', '7', false, 0.00, '2019-04-11 14:32:59');
INSERT INTO Reserves (reid, rname, aname, address, username, numPax, confirmed, amount, dateTime) VALUES (101, 'Plastique', 'Bukit Merah', '794 Artie Road Singapore 646946', 'Byron', '1', false, 0.00, '2019-04-11 6:33:53');
INSERT INTO Reserves (reid, rname, aname, address, username, numPax, confirmed, amount, dateTime) VALUES (102, 'Tarmac', 'Newton', '34 Michaela Road Singapore 933623', 'Florentino', '5', false, 0.00, '2019-04-11 3:17:55');
INSERT INTO Reserves (reid, rname, aname, address, username, numPax, confirmed, amount, dateTime) VALUES (103, 'Aroma Borealis', 'Changi Bay', '596 Maria Road Singapore 726856', 'Maria', '1', false, 0.00, '2019-04-11 7:9:17');
INSERT INTO Reserves (reid, rname, aname, address, username, numPax, confirmed, amount, dateTime) VALUES (104, 'ExoPlanet', 'Jurong East', '488 Ofelia Road Singapore 891327', 'Kathy', '1', false, 0.00, '2019-04-11 7:39:0');
INSERT INTO Reserves (reid, rname, aname, address, username, numPax, confirmed, amount, dateTime) VALUES (105, 'The Spigot', 'Geylang', '724 Stewart Road Singapore 740724', 'Bernarda', '9', false, 0.00, '2019-04-11 4:58:45');
INSERT INTO Reserves (reid, rname, aname, address, username, numPax, confirmed, amount, dateTime) VALUES (106, 'Waffle Stomper', 'North-Eastern Islands', '505 Karima Road Singapore 594570', 'Michaela', '9', false, 0.00, '2019-04-11 14:15:53');
INSERT INTO Reserves (reid, rname, aname, address, username, numPax, confirmed, amount, dateTime) VALUES (107, 'Atomic Coffee', 'Tengah', '74 Cindie Road Singapore 751221', 'Kimber', '0', false, 0.00, '2019-04-11 18:33:33');
INSERT INTO Reserves (reid, rname, aname, address, username, numPax, confirmed, amount, dateTime) VALUES (108, 'Slow & Pulpy', 'Outram', '621 Cory Road Singapore 944046', 'Isabell', '9', false, 0.00, '2019-04-11 16:54:9');
INSERT INTO Reserves (reid, rname, aname, address, username, numPax, confirmed, amount, dateTime) VALUES (109, 'Passion Pork', 'Central Water Catchment', '291 Toni Road Singapore 846443', 'Toni', '1', false, 0.00, '2019-04-11 7:26:44');
INSERT INTO Reserves (reid, rname, aname, address, username, numPax, confirmed, amount, dateTime) VALUES (110, 'Ozean', 'Western Islands', '815 Sunni Road Singapore 658858', 'Luisa', '9', false, 0.00, '2019-04-11 12:9:21');
INSERT INTO Reserves (reid, rname, aname, address, username, numPax, confirmed, amount, dateTime) VALUES (111, 'AstroCoffee', 'Bukit Panjang', '69 Kenny Road Singapore 810656', 'Raphael', '4', false, 0.00, '2019-04-11 19:25:9');
INSERT INTO Reserves (reid, rname, aname, address, username, numPax, confirmed, amount, dateTime) VALUES (112, 'Cornpone Castle', 'North-Eastern Islands', '147 Tena Road Singapore 745477', 'Magdalena', '8', false, 0.00, '2019-04-11 0:25:13');
INSERT INTO Reserves (reid, rname, aname, address, username, numPax, confirmed, amount, dateTime) VALUES (113, 'Jackie Diamonds', 'Jurong West', '930 Brigid Road Singapore 392680', 'Azzie', '7', false, 0.00, '2019-04-11 12:24:9');
INSERT INTO Reserves (reid, rname, aname, address, username, numPax, confirmed, amount, dateTime) VALUES (114, 'Minga', 'Boon Lay', '980 Madlyn Road Singapore 347385', 'Charolette', '1', false, 0.00, '2019-04-11 0:7:40');
INSERT INTO Reserves (reid, rname, aname, address, username, numPax, confirmed, amount, dateTime) VALUES (115, 'Food Frolic', 'Bukit Panjang', '994 Mayme Road Singapore 525619', 'Karima', '2', false, 0.00, '2019-04-11 7:20:44');
INSERT INTO Reserves (reid, rname, aname, address, username, numPax, confirmed, amount, dateTime) VALUES (116, 'Snark Bite', 'Marina East', '375 Raven Road Singapore 301907', 'Janine', '9', false, 0.00, '2019-04-11 16:28:31');
INSERT INTO Reserves (reid, rname, aname, address, username, numPax, confirmed, amount, dateTime) VALUES (117, 'Meow Meow', 'Pasir Ris', '785 Carman Road Singapore 706467', 'Rosalee', '4', false, 0.00, '2019-04-11 9:50:39');
INSERT INTO Reserves (reid, rname, aname, address, username, numPax, confirmed, amount, dateTime) VALUES (118, 'Phat Kettle O Prawns', 'Novena', '13 Michaela Road Singapore 125653', 'Eleanora', '0', false, 0.00, '2019-04-11 7:53:48');
INSERT INTO Reserves (reid, rname, aname, address, username, numPax, confirmed, amount, dateTime) VALUES (119, 'Bennies Fishery', 'Downtown Core', '952 Carman Road Singapore 124921', 'Stephani', '3', false, 0.00, '2019-04-11 0:2:5');
INSERT INTO Reserves (reid, rname, aname, address, username, numPax, confirmed, amount, dateTime) VALUES (120, 'Tersanki', 'Bishan', '303 Cindie Road Singapore 251899', 'Tammie', '4', false, 0.00, '2019-04-11 15:35:26');
INSERT INTO Reserves (reid, rname, aname, address, username, numPax, confirmed, amount, dateTime) VALUES (121, 'Tandoori Vittles', 'Western Water Catchment', '757 Donya Road Singapore 319979', 'Flo', '6', false, 0.00, '2019-04-11 6:24:23');
INSERT INTO Reserves (reid, rname, aname, address, username, numPax, confirmed, amount, dateTime) VALUES (122, 'Slow & Pulpy', 'Outram', '621 Cory Road Singapore 944046', 'Verna', '7', false, 0.00, '2019-04-11 3:30:15');
INSERT INTO Reserves (reid, rname, aname, address, username, numPax, confirmed, amount, dateTime) VALUES (123, 'ExoPlanet', 'Bukit Batok', '19 Raven Road Singapore 984304', 'Sunni', '6', false, 0.00, '2019-04-11 13:52:55');
INSERT INTO Reserves (reid, rname, aname, address, username, numPax, confirmed, amount, dateTime) VALUES (124, 'Ozean', 'Jurong West', '6 Rodger Road Singapore 241682', 'Rodrigo', '0', false, 0.00, '2019-04-11 11:14:53');
INSERT INTO Reserves (reid, rname, aname, address, username, numPax, confirmed, amount, dateTime) VALUES (125, 'Slow & Pulpy', 'Tengah', '597 Sunni Road Singapore 606303', 'Janetta', '1', false, 0.00, '2019-04-11 23:34:4');
INSERT INTO Reserves (reid, rname, aname, address, username, numPax, confirmed, amount, dateTime) VALUES (126, 'Snark Bite', 'Jurong East', '908 Luisa Road Singapore 377461', 'Scotty', '6', false, 0.00, '2019-04-11 22:19:44');
INSERT INTO Reserves (reid, rname, aname, address, username, numPax, confirmed, amount, dateTime) VALUES (127, 'Gorganic', 'Novena', '390 Staci Road Singapore 594659', 'Mayme', '2', false, 0.00, '2019-04-11 23:26:7');
INSERT INTO Reserves (reid, rname, aname, address, username, numPax, confirmed, amount, dateTime) VALUES (128, 'Minga', 'Downtown Core', '393 Byron Road Singapore 851429', 'Madelaine', '3', false, 0.00, '2019-04-11 7:29:33');
INSERT INTO Reserves (reid, rname, aname, address, username, numPax, confirmed, amount, dateTime) VALUES (129, 'Minga', 'Singapore River', '794 Savanna Road Singapore 598213', 'Daisey', '1', false, 0.00, '2019-04-11 13:21:43');
INSERT INTO Reserves (reid, rname, aname, address, username, numPax, confirmed, amount, dateTime) VALUES (130, 'Cornpone Castle', 'North-Eastern Islands', '147 Tena Road Singapore 745477', 'Marya', '8', false, 0.00, '2019-04-11 9:5:45');
INSERT INTO Reserves (reid, rname, aname, address, username, numPax, confirmed, amount, dateTime) VALUES (131, 'Minga', 'Sungei Kadut', '858 Tashia Road Singapore 499444', 'Gwen', '8', false, 0.00, '2019-04-11 3:46:2');
INSERT INTO Reserves (reid, rname, aname, address, username, numPax, confirmed, amount, dateTime) VALUES (132, 'Pizza Experience', 'Pioneer', '806 Janetta Road Singapore 159652', 'Debby', '0', false, 0.00, '2019-04-11 10:21:48');
INSERT INTO Reserves (reid, rname, aname, address, username, numPax, confirmed, amount, dateTime) VALUES (133, 'Waffle Stomper', 'Toa Payoh', '532 Ofelia Road Singapore 358138', 'Ricki', '2', false, 0.00, '2019-04-11 9:32:39');
INSERT INTO Reserves (reid, rname, aname, address, username, numPax, confirmed, amount, dateTime) VALUES (134, 'Coffee Lodge', 'Changi', '990 Connie Road Singapore 198899', 'Barney', '2', false, 0.00, '2019-04-11 21:48:17');
INSERT INTO Reserves (reid, rname, aname, address, username, numPax, confirmed, amount, dateTime) VALUES (135, 'Plastique', 'Bishan', '996 Connie Road Singapore 640290', 'Donya', '8', false, 0.00, '2019-04-11 15:12:54');
INSERT INTO Reserves (reid, rname, aname, address, username, numPax, confirmed, amount, dateTime) VALUES (136, 'Flambo', 'Changi Bay', '485 Stephani Road Singapore 225917', 'Faith', '8', false, 0.00, '2019-04-11 11:39:13');
INSERT INTO Reserves (reid, rname, aname, address, username, numPax, confirmed, amount, dateTime) VALUES (137, 'Slow & Pulpy', 'Outram', '621 Cory Road Singapore 944046', 'Kallie', '9', false, 0.00, '2019-04-11 3:59:35');
INSERT INTO Reserves (reid, rname, aname, address, username, numPax, confirmed, amount, dateTime) VALUES (138, 'Banjo Pancake', 'Museum', '625 Magdalena Road Singapore 905529', 'Bradly', '2', false, 0.00, '2019-04-11 22:34:17');
INSERT INTO Reserves (reid, rname, aname, address, username, numPax, confirmed, amount, dateTime) VALUES (139, 'Bob Mutton', 'Tampines', '959 Faith Road Singapore 246842', 'Christiana', '8', false, 0.00, '2019-04-11 9:38:47');
INSERT INTO Reserves (reid, rname, aname, address, username, numPax, confirmed, amount, dateTime) VALUES (140, 'Bennies Fishery', 'Downtown Core', '952 Carman Road Singapore 124921', 'Penny', '3', false, 0.00, '2019-04-11 7:12:46');
INSERT INTO Reserves (reid, rname, aname, address, username, numPax, confirmed, amount, dateTime) VALUES (141, 'Food Frolic', 'Bukit Panjang', '994 Mayme Road Singapore 525619', 'Alton', '1', false, 0.00, '2019-04-11 9:33:56');
INSERT INTO Reserves (reid, rname, aname, address, username, numPax, confirmed, amount, dateTime) VALUES (142, 'Ozean', 'Western Islands', '815 Sunni Road Singapore 658858', 'Tashia', '5', false, 0.00, '2019-04-11 5:55:1');
INSERT INTO Reserves (reid, rname, aname, address, username, numPax, confirmed, amount, dateTime) VALUES (143, 'The Spigot', 'Mandai', '503 Zenia Road Singapore 919476', 'Madlyn', '5', false, 0.00, '2019-04-11 6:27:10');
INSERT INTO Reserves (reid, rname, aname, address, username, numPax, confirmed, amount, dateTime) VALUES (144, 'Atomic Coffee', 'Mandai', '984 Kenny Road Singapore 869917', 'Conception', '1', false, 0.00, '2019-04-11 17:6:56');
INSERT INTO Reserves (reid, rname, aname, address, username, numPax, confirmed, amount, dateTime) VALUES (145, 'Aroma Borealis', 'Changi Bay', '596 Maria Road Singapore 726856', 'Rodger', '0', false, 0.00, '2019-04-11 4:56:36');
INSERT INTO Reserves (reid, rname, aname, address, username, numPax, confirmed, amount, dateTime) VALUES (146, 'Food Haus', 'River Valley', '728 Elanor Road Singapore 166022', 'Merna', '0', false, 0.00, '2019-04-11 21:10:30');
INSERT INTO Reserves (reid, rname, aname, address, username, numPax, confirmed, amount, dateTime) VALUES (147, 'Cornpone Castle', 'North-Eastern Islands', '147 Tena Road Singapore 745477', 'Blair', '0', false, 0.00, '2019-04-11 0:27:54');
INSERT INTO Reserves (reid, rname, aname, address, username, numPax, confirmed, amount, dateTime) VALUES (148, 'The Glassy Eye', 'Paya Lebar', '665 Barney Road Singapore 119481', 'Fredda', '7', false, 0.00, '2019-04-11 14:18:52');
INSERT INTO Reserves (reid, rname, aname, address, username, numPax, confirmed, amount, dateTime) VALUES (149, 'Coffee Lodge', 'Kallang', '150 Flo Road Singapore 866019', 'Kenny', '6', false, 0.00, '2019-04-11 10:6:54');
INSERT INTO Rates (raid, rname, aname, address, username, comment, score, dateTime) VALUES (200, 'Crustatia', 'Mandai', '535 Karon Road Singapore 777408', 'Mika', 'kXAtXUoFuzZKHCWqMmfnhRpvycknFcALYqDmOLVZmOSNReUewNlnHZjeZnujtfaKkhIVKCAEUJaEpPYdlkyUSoTBAOJsUIBuGKnK', 4, '2019-04-11 15:52:35');
INSERT INTO Rates (raid, rname, aname, address, username, comment, score, dateTime) VALUES (201, 'Minga', 'Boon Lay', '980 Madlyn Road Singapore 347385', 'Byron', 'VqMpZISyLnmckngmVxYJDWXrtYkCQljYKUdyXunkmeXLucqteChIpmopriiIuqZyVhVjNANzbusDDhRLKkZbjxWJMcwPSGZgzvht', 5, '2019-04-11 7:45:19');
INSERT INTO Rates (raid, rname, aname, address, username, comment, score, dateTime) VALUES (202, 'Jackie Diamonds', 'Bukit Batok', '995 Ken Road Singapore 251000', 'Florentino', 'bhcnpgRrRrRhutedpJUclhLBLLOzyOmDTzDJLKvKGFNSVxDzGBcNGNCvcWqJweAGYXGKJnZxcqhBygbJuKczumCpAXVMGzjCsUCI', 5, '2019-04-11 7:24:9');
INSERT INTO Rates (raid, rname, aname, address, username, comment, score, dateTime) VALUES (203, 'Lambastica', 'Queenstown', '163 Byron Road Singapore 602384', 'Maria', 'IJuYufsXCZBqtKwWrVOXCRiHhzLrFdVkUvZpucfhzjpWAPweRraDWMIzcAPdPjEppnZBPSidzINoOMXUMvUkxhaWibueGoCUTHdb', 1, '2019-04-11 22:24:22');
INSERT INTO Rates (raid, rname, aname, address, username, comment, score, dateTime) VALUES (204, 'ExoPlanet', 'Bukit Batok', '19 Raven Road Singapore 984304', 'Kathy', 'wrjTwhZEFrtWgYliscECQRWesJKaagqkDIzQsEYZZxScFdReAJLvikRoQACQpyPOjarZEUOOhnGQjMgMwkolHnyRGqcxILVNVMRy', 10, '2019-04-11 22:17:54');
INSERT INTO Rates (raid, rname, aname, address, username, comment, score, dateTime) VALUES (205, 'Meow Meow', 'Choa Chu Kang', '624 Aisha Road Singapore 477765', 'Bernarda', 'KvMqzoCMrGyMDrrnFJSKKwjhdstlDFxRWOvjeMhzKPnEYHwEufhAsQBOXrzEYWQNkmhSPwagwPBXodFZtKQKVVCbydUZEIwonqaM', 1, '2019-04-11 22:23:28');
INSERT INTO Rates (raid, rname, aname, address, username, comment, score, dateTime) VALUES (206, 'Atomic Coffee', 'Toa Payoh', '862 Krystle Road Singapore 507662', 'Michaela', 'prrBXwHQoHadCGvefQGhhsolilhyJMHjMGKghHOXBQPwdWQeCzOtNYMmVVIzhpHMOjvqPCpmBLbsRadKgCvpFFVpHtnTBuZqEHAm', 2, '2019-04-11 23:12:34');
INSERT INTO Rates (raid, rname, aname, address, username, comment, score, dateTime) VALUES (207, 'ExoPlanet', 'Bukit Panjang', '832 Stephani Road Singapore 424588', 'Kimber', 'nkAPhStKJeebswHzBsfJmbWEXhQivCLUthEIHmdWxGqNBNCvXtJhvFEvMQoPvvstCWGrykXhTVvgdbdefscnwUtGtELxjnwKNxAP', 8, '2019-04-11 14:11:38');
INSERT INTO Rates (raid, rname, aname, address, username, comment, score, dateTime) VALUES (208, 'Quickie Lickie', 'Tuas', '325 Fredda Road Singapore 606111', 'Isabell', 'mzWBkvnxVCoYhqJloqyIvGGpuGGvisuhzTWUlDNvySmzBUOwwxOdxojnuoVARZvsGoqEkDxCjoDEfrhdplygnQYTkCKPTFEfMKsl', 9, '2019-04-11 8:47:43');
INSERT INTO Rates (raid, rname, aname, address, username, comment, score, dateTime) VALUES (209, 'Quickie Lickie', 'Tuas', '325 Fredda Road Singapore 606111', 'Toni', 'cUowNtrLaZlVyniLGXMDATNYCdPGdvJUagppWBKCvYYniRXFDStuAzawXMzWhLmAYINxDbMKwFJAYCqjMstSPZkadYoaWXeYzbrI', 7, '2019-04-11 8:18:40');
INSERT INTO Rates (raid, rname, aname, address, username, comment, score, dateTime) VALUES (210, 'Minga', 'Singapore River', '794 Savanna Road Singapore 598213', 'Luisa', 'llaejKryRbhmyGHqLeFsFsidsUoKHoPRriDIFeKygQrZGYPowkcCFbnsJjadStbjYKXhWeCTLqcxkYfcDOlQhhMrCiKTBymlgDNG', 2, '2019-04-11 3:20:53');
INSERT INTO Rates (raid, rname, aname, address, username, comment, score, dateTime) VALUES (211, 'Atomic Coffee', 'Toa Payoh', '862 Krystle Road Singapore 507662', 'Raphael', 'ApSGUwLlLUDkfavvnGNqFMrWaBFvbQfVkSUJdtPDpldGYFhxpeIArhycliuTbuDgEnvCAWXkBmwzqDNZoUzElEHwoSeIiYPWNZrf', 3, '2019-04-11 7:51:25');
INSERT INTO Rates (raid, rname, aname, address, username, comment, score, dateTime) VALUES (212, 'Phat Kettle O Prawns', 'Bedok', '849 Scotty Road Singapore 124892', 'Magdalena', 'DjSJcGuZKSHeCUjgOdmHUOpmkGGSGTvQYXwkFFEARMQfxKdhTUuSVTcpjEzygSDTNtYMtomCcYROgbrfXOdXUxWGmlaAxncjXsvs', 8, '2019-04-11 8:26:1');
INSERT INTO Rates (raid, rname, aname, address, username, comment, score, dateTime) VALUES (213, 'Que', 'Western Islands', '381 Veola Road Singapore 806143', 'Azzie', 'lFFySoPlYSQeuxMjSuglxHPDRxvsnrFFheDuhePGbLlWXLoIDkNiDmdDiFqwamyPZXXwDkUenYDXuTuczvrlssoVMcZkfHcDtQcZ', 1, '2019-04-11 2:58:38');
INSERT INTO Rates (raid, rname, aname, address, username, comment, score, dateTime) VALUES (214, 'Phat Kettle O Prawns', 'Novena', '13 Michaela Road Singapore 125653', 'Charolette', 'cOUiUURVjuZkQcRacnwgdHlJvpsWracOGxsPdDuqZnSXahSfflYrbOrogjtNxwTxbfGEaLbblYDYyZZlbLfwAZfIWjQAdhTEutjp', 8, '2019-04-11 12:7:48');
INSERT INTO Rates (raid, rname, aname, address, username, comment, score, dateTime) VALUES (215, 'Phat Kettle O Prawns', 'Tengah', '911 Madelaine Road Singapore 344776', 'Karima', 'buTXNrXeidCqdZCZPWBnbDYoRbMgnxtnjIBmzcsLLJKsNqtxBOKhBcbZaXfOkWYGUFrufcQfydfpmAqVaPOZPiGgigoPukssqXrp', 2, '2019-04-11 4:15:7');
INSERT INTO Rates (raid, rname, aname, address, username, comment, score, dateTime) VALUES (216, 'Coffee Cat', 'Kallang', '560 Barney Road Singapore 131056', 'Janine', 'MCSGWTrvPJrEUwOHcmuwRZcWdaXrxAeRRvvRASeBJEUkONdLykbhlUpRAYRUJJvzawdsdpHsdvnAxBHNWTBCFaxlBwRUoyZwFLiv', 4, '2019-04-11 11:15:3');
INSERT INTO Rates (raid, rname, aname, address, username, comment, score, dateTime) VALUES (217, 'Friendly Fire', 'Novena', '606 Conception Road Singapore 873544', 'Rosalee', 'DAOrdjEqiyHmsgrXTUGhNkjWoyeiCLLheDoFyuPXvNGOsTruTSCelvWgfBZdZvYdUGEEUADEzRVVrMZgZQzXodubmvbQfdDKkDAv', 5, '2019-04-11 7:20:51');
INSERT INTO Rates (raid, rname, aname, address, username, comment, score, dateTime) VALUES (218, 'Meow Meow', 'River Valley', '160 Argelia Road Singapore 907616', 'Eleanora', 'cwwHUFNCyGDBfIRYtTdUmnQsKnypreEoYOFIGySzDDKMBuBFWuRKEiMIcKFFIzOgnfxqVtNdAbwHdZxqpNPNOtLzkbGtuaXMUTTG', 0, '2019-04-11 15:32:7');
INSERT INTO Rates (raid, rname, aname, address, username, comment, score, dateTime) VALUES (219, 'Peace Meal', 'Marina South', '44 Gwen Road Singapore 296385', 'Stephani', 'jypKagaxTPOjRkaMRBRtKrlfrBHXMgXRGrnWqJnmxXXQvLATceSYBYNibNoDLIlvyHuqbfIXxJJdGUdvtFSCPWkSwMyWAIUIwzwh', 8, '2019-04-11 13:55:59');
INSERT INTO Rates (raid, rname, aname, address, username, comment, score, dateTime) VALUES (220, 'The Raspy Magpie', 'Simpang', '712 Aisha Road Singapore 942045', 'Tammie', 'dKahHsEIKeXIFhgdmQiiIahSXujHKxJbrOSGNDxnEQPwZchsGVGyKXByvhGmWQVWUBnkGcAWBMhGwmaXBHNFCqqDFRcRkaTaWaiq', 8, '2019-04-11 0:36:42');
INSERT INTO Rates (raid, rname, aname, address, username, comment, score, dateTime) VALUES (221, 'Tersanki', 'Central Water Catchment', '938 Magdalena Road Singapore 426969', 'Flo', 'GQWXaPafutjZgjUbgOPMpFoRGNGXhYptqttWpNZDHPbMdtrXruuTHhAdMyfJtXbiXMgnkKeAdPzmvLdZxqIagbhAsuRfDzkwhGeb', 2, '2019-04-11 18:6:57');
INSERT INTO Rates (raid, rname, aname, address, username, comment, score, dateTime) VALUES (222, 'Peace Meal', 'Marina South', '44 Gwen Road Singapore 296385', 'Verna', 'KxXerYSdDUMJJuCrIUwEtKYfOveTrXrWhPckdykcAqCcdptYIeVnBeDRTUsMNQQCsMdFpsBCAikRkbjRSFmTPFGNNwLJCpfkuVHF', 3, '2019-04-11 18:38:30');
INSERT INTO Rates (raid, rname, aname, address, username, comment, score, dateTime) VALUES (223, 'Aroma Borealis', 'Newton', '243 Scotty Road Singapore 212834', 'Sunni', 'mheneqqUAOTZZocWnkgCSLtcwGNwCNsMwDAvxcWXQbBPkbQAFlRxUPGPbkbxNUQtWBSrscedYvBfODSNykuKgkXEPEgQXxLaQOCt', 3, '2019-04-11 19:49:56');
INSERT INTO Rates (raid, rname, aname, address, username, comment, score, dateTime) VALUES (224, 'Meow Meow', 'Pasir Ris', '785 Carman Road Singapore 706467', 'Rodrigo', 'fsvadGxptJjqecoxKptNYBKSVgIOYPZSUwkNcxsWZpQuTFWzXhpdIflWfqLojIsgMSDedHqrwyabyCcYhvVxeQfJpCEzXhssdBQV', 8, '2019-04-11 7:33:35');
INSERT INTO Rates (raid, rname, aname, address, username, comment, score, dateTime) VALUES (225, 'AstroCoffee', 'Bukit Panjang', '69 Kenny Road Singapore 810656', 'Janetta', 'cDJPpEfOXJETtEpuXToSdCDezarjJhTnUPuAuuqcCZJNQrcwHDRkyVOYiKHlmfdrLItHpjnLpttiqVBnkXqZgSGOHLggBjABJhku', 5, '2019-04-11 12:3:52');
INSERT INTO Rates (raid, rname, aname, address, username, comment, score, dateTime) VALUES (226, 'Pizza Experience', 'Pioneer', '806 Janetta Road Singapore 159652', 'Scotty', 'bkQqePzsRTuAjmBltoMyEnOmOkSUzJpecupfbJKGCHfJXtRkBooMxKYLgKWyAuKKngYrwbyooaqyzTemcTBsoqgBzlvyZIcCOeKA', 5, '2019-04-11 21:8:49');
INSERT INTO Rates (raid, rname, aname, address, username, comment, score, dateTime) VALUES (227, 'Waffle Stomper', 'Kallang', '94 Everett Road Singapore 689178', 'Mayme', 'bADcosJsoHRmoggWaVZWazdbmHOgvIYorLWdRuYzKoezYNiaVIPUFctSpjnuxvGFgPXijecwhyatHBCwqvvsWSSBmwMwYVRgiehD', 9, '2019-04-11 20:1:59');
INSERT INTO Rates (raid, rname, aname, address, username, comment, score, dateTime) VALUES (228, 'Sasskatchy!', 'Straits View', '543 Brigid Road Singapore 249277', 'Madelaine', 'hMUZgUKWVbEJuniMogKrPuJiLBQYczxnIWRTdgruwmpRgjdejWVHCtdNuQciflOcXwXxAjdDLLeTQmoOaxzecCkYxqMSutmvQBXk', 4, '2019-04-11 10:39:45');
INSERT INTO Rates (raid, rname, aname, address, username, comment, score, dateTime) VALUES (229, 'Food Frolic', 'Lim Chu Kang', '744 Alton Road Singapore 609295', 'Daisey', 'xofPliKsUiESbtKKeojpsVvYUtHhrGBrrILusyzPkQeXcDVnBDwaBcRQYpdvjlEIMwoSecXlSzazpwaBdOqLPPbXGfUaazzoSJYo', 2, '2019-04-11 15:26:13');
INSERT INTO Rates (raid, rname, aname, address, username, comment, score, dateTime) VALUES (230, 'Food Haus', 'River Valley', '728 Elanor Road Singapore 166022', 'Marya', 'hJZHkKrVxQyYLtbHspJINyrumlFSDJBwCMGUPFXzYTswpsauYQatqOzvRDMkHIyZjzogjjEcDyaZzSjhJYEJxjUeOEhtAALCwKpI', 4, '2019-04-11 4:46:31');
INSERT INTO Rates (raid, rname, aname, address, username, comment, score, dateTime) VALUES (231, 'The Raspy Magpie', 'Simpang', '712 Aisha Road Singapore 942045', 'Gwen', 'GpmeHbLGdoYuPvWjHfxaayQgaEwZeukzXOJFEPqRKFVFZbskWmBZHaUxpLqHlCAtHexORboNjxnhfMCCHzyGwDIBLQgjzWSUTkXi', 7, '2019-04-11 12:16:6');
INSERT INTO Rates (raid, rname, aname, address, username, comment, score, dateTime) VALUES (232, 'Coffee Lodge', 'Tanglin', '359 Joana Road Singapore 529505', 'Debby', 'yZKOJfoKZCyiFbhWtRhNSbiMaiUipFfyVOnyQeOmXUtkPGpxUzfrHcsesffUQJpWfJsFRVuVeqUfzhJyQYRAndxFBiHCFopDRTyI', 4, '2019-04-11 0:7:33');
INSERT INTO Rates (raid, rname, aname, address, username, comment, score, dateTime) VALUES (233, 'The Spigot', 'Marine Parade', '238 Devon Road Singapore 631144', 'Ricki', 'RQDtmrWdgZRwgTEdeiXxyIcUSyZjYPTQYNEMNZKzDOOJayTVHPVkZjVoLGqVOcUMrTnYMLmlzLUvUzcTtJyQVtSEvKMOtFvXOWOM', 10, '2019-04-11 21:31:46');
INSERT INTO Rates (raid, rname, aname, address, username, comment, score, dateTime) VALUES (234, 'Friendly Fire', 'Serangoon', '576 Eleanora Road Singapore 430923', 'Barney', 'eVwAYSIkJDNyrsqQWDciDMZSMaZAatiKdLbGFKdmAiuJXTCqipKnizWAEzZPXgFBIJCHcNbVFEECVxwigWpsKzugMrDZUDhdttVw', 4, '2019-04-11 22:6:28');
INSERT INTO Rates (raid, rname, aname, address, username, comment, score, dateTime) VALUES (235, 'Food Haus', 'Central Water Catchment', '286 Althea Road Singapore 981468', 'Donya', 'nOFTpcfhvcpocBxfLfPDFTHzBEibiSlPzmcrjIemNQCwGlAKYAFxMeSbERxQiRUrgDsbFiJYlQgSVLqnYXYOtfTFmGvxiOsoVQLp', 9, '2019-04-11 13:38:8');
INSERT INTO Rates (raid, rname, aname, address, username, comment, score, dateTime) VALUES (236, 'Que', 'Woodlands', '605 Blair Road Singapore 182612', 'Faith', 'wjRORKMurGDNxrKIMXNfsZrQBqqmyBRRIkLoxJBamsTuKMBvmafHiRNtyXTKUWCoNfkNGVXXemKYDFrczjwFMWpOiGdVJAJNtisr', 3, '2019-04-11 18:50:19');
INSERT INTO Rates (raid, rname, aname, address, username, comment, score, dateTime) VALUES (237, 'ExoPlanet', 'Jurong East', '488 Ofelia Road Singapore 891327', 'Kallie', 'OwQCyVwkidymLoytMyXLEgYrmaTRtFXxeikioIWoqcCGrUwhyKhtGtEjEumlbjqRsnytiTWcxKmVdozIyiDNTcZmfRMHkyjKOPTR', 4, '2019-04-11 17:0:41');
INSERT INTO Rates (raid, rname, aname, address, username, comment, score, dateTime) VALUES (238, 'Food Haus', 'Jurong East', '183 Donya Road Singapore 960261', 'Bradly', 'FsGvLVXHNgrUExnHJysqEyyQtudKXlvPGXiVjZYSaLEwGzPPEPmZJkZPweZFhfsbkDAJoHCoEvcCWMuVEyeJHCrnXTlHqBVoyWZk', 8, '2019-04-11 11:36:26');
INSERT INTO Rates (raid, rname, aname, address, username, comment, score, dateTime) VALUES (239, 'Tandoori Vittles', 'Pasir Ris', '918 Madge Road Singapore 183006', 'Christiana', 'IerRPFDAKLIVTlcaSVXANDRrevICkQIABGeHegbqkAptQhaZFpcJhbtVeWEeLKCkEqXQZmObuqYpZSmxEUBeirqakwoAaTIlwOOZ', 0, '2019-04-11 18:12:56');
INSERT INTO Rates (raid, rname, aname, address, username, comment, score, dateTime) VALUES (240, 'Food Haus', 'River Valley', '728 Elanor Road Singapore 166022', 'Penny', 'UXRSYKehUsfyDJhmHXFOlKeCBxZFVtirtfMFVcSOzQhHwgEVKwMmEaLXfhrejssRCxpBBrzdgrgkveedexFgJhPvIpGNdyWTsceh', 5, '2019-04-11 0:49:4');
INSERT INTO Rates (raid, rname, aname, address, username, comment, score, dateTime) VALUES (241, 'Pizza Experience', 'Pioneer', '806 Janetta Road Singapore 159652', 'Alton', 'DBYcLFWTLSowhjlQUJkyGQdqqCUPGqlLdelflQaZThShfSXMrRNkvnWffJkbkoqxaEZViFNeLpKMIQVCVKjygNUFWQjSduJYXBKA', 10, '2019-04-11 11:33:15');
INSERT INTO Rates (raid, rname, aname, address, username, comment, score, dateTime) VALUES (242, 'The Raspy Magpie', 'Bukit Timah', '292 Deandrea Road Singapore 375209', 'Tashia', 'MQkMejbjceKOVnwlDvljGVjUuGBQIFlcncpPRnWgJslkBcVTodkEihiZSsjFhcAtcMdkdDIJuTketbQUxxQVSVOPItEYZDAxJOlm', 5, '2019-04-11 19:30:5');
INSERT INTO Rates (raid, rname, aname, address, username, comment, score, dateTime) VALUES (243, 'Slow & Pulpy', 'Downtown Core', '202 Trevor Road Singapore 119294', 'Madlyn', 'PKkFbuPPfzzemlZBKDpLOruypNUgUIOHdSYYSFIRhHiaNmsJNOSxAqLPSFPqlqkpdZBRXHzchSfcvKwlxyLLrKlUhVHYmyOZHZwq', 2, '2019-04-11 17:36:59');
INSERT INTO Rates (raid, rname, aname, address, username, comment, score, dateTime) VALUES (244, 'Flambo', 'Changi Bay', '485 Stephani Road Singapore 225917', 'Conception', 'OYLaTbITPOhrjBHcFGGYRvqVnzJENntCNzzjKVbBcddGrAOWHtEBIPmInQBEEkYgdLPeUPoNJGMpjYfUrJdpOGpaygwHiYYFYUfV', 1, '2019-04-11 20:37:5');
INSERT INTO Rates (raid, rname, aname, address, username, comment, score, dateTime) VALUES (245, 'Slow & Pulpy', 'Outram', '621 Cory Road Singapore 944046', 'Rodger', 'PJvFlCQOJrRjAyrcjEBkpdyCTXlHRfOgTatEAqIicSZCCAfuzDYUxJFieZThHiAujbGsgPnwbxeKUttAfKlhUokvavUusUygTYbU', 9, '2019-04-11 10:30:24');
INSERT INTO Rates (raid, rname, aname, address, username, comment, score, dateTime) VALUES (246, 'Cornpone Castle', 'Simpang', '79 Raphael Road Singapore 527525', 'Merna', 'OnxgqWcqNHNwjUIeOvECYuuLhrCdQkWAsxXrmSdXmBFmRuDLqFDuwBxeypTAbwxZJbmrpiUqiyIuWetaVYyicYKltbeaMycZUBYH', 8, '2019-04-11 23:22:4');
INSERT INTO Rates (raid, rname, aname, address, username, comment, score, dateTime) VALUES (247, 'Unit Socrates', 'River Valley', '496 Connie Road Singapore 164142', 'Blair', 'piVMaBTLZNIyimEOhRHLNyydURhamQgqqCUzFNdBAHYsEKGITERBFlYMKPdMjTLYDUQyMwlXxQwdcHZpwcuobsUxTiCUWrWPVvxn', 10, '2019-04-11 2:48:8');
INSERT INTO Rates (raid, rname, aname, address, username, comment, score, dateTime) VALUES (248, 'Tandoori Vittles', 'Paya Lebar', '572 Kenny Road Singapore 288940', 'Fredda', 'sTpHWrOElkatDdOZlEltMsdULuxQfoPnMgBHPQIgeZjGqnQbFDeJoWzFAGjADBRNhmPDkrShnBYXqBBxCITwUMQwrLVqrcUKYvWe', 5, '2019-04-11 18:42:13');
INSERT INTO Rates (raid, rname, aname, address, username, comment, score, dateTime) VALUES (249, 'Coffee Cat', 'Punggol', '2 Magdalena Road Singapore 799720', 'Kenny', 'UXjKPnTkDvfsrYIiXeKrNUctkhMWEkPdQlyHYXOfpIFQkDnysifGbexjlicrLVURLweekIXYxtNhRPsIbPZbcnGrwZqvSYJJWtKq', 1, '2019-04-11 13:28:57');
INSERT INTO RestaurantPromos (rname, discount, startDate, endDate) VALUES ('Quick Licks', 34, '2019-5-15', '2019-6-15');
INSERT INTO RestaurantPromos (rname, discount, startDate, endDate) VALUES ('Plastique', 10, '2019-6-22', '2019-7-22');
INSERT INTO RestaurantPromos (rname, discount, startDate, endDate) VALUES ('Flambo', 41, '2019-1-8', '2019-2-8');
INSERT INTO RestaurantPromos (rname, discount, startDate, endDate) VALUES ('Coffee Lodge', 28, '2019-1-6', '2019-2-6');
INSERT INTO RestaurantPromos (rname, discount, startDate, endDate) VALUES ('Bob Mutton', 30, '2019-2-20', '2019-3-20');
INSERT INTO RestaurantPromos (rname, discount, startDate, endDate) VALUES ('Tersanki', 35, '2019-9-19', '2019-10-19');
INSERT INTO RestaurantPromos (rname, discount, startDate, endDate) VALUES ('The Running Monk', 23, '2019-10-18', '2019-11-18');
INSERT INTO RestaurantPromos (rname, discount, startDate, endDate) VALUES ('Phat Kettle O Prawns', 42, '2019-8-20', '2019-9-20');
INSERT INTO RestaurantPromos (rname, discount, startDate, endDate) VALUES ('Meow Meow', 1, '2019-1-23', '2019-2-23');
INSERT INTO RestaurantPromos (rname, discount, startDate, endDate) VALUES ('Rockyard', 6, '2019-7-27', '2019-8-27');
