INSERT INTO Users (username, password) VALUES ('Kimberley', 'vWPMDpVkwK');
INSERT INTO Users (username, password) VALUES ('Giovanni', 'fQyFhZzsst');
INSERT INTO Users (username, password) VALUES ('Tamela', 'ukQSMTUzGM');
INSERT INTO Users (username, password) VALUES ('Ofelia', 'qCmhRACgxR');
INSERT INTO Users (username, password) VALUES ('Tena', 'voWotlppfg');
INSERT INTO Users (username, password) VALUES ('Genoveva', 'vjhoxIeYnD');
INSERT INTO Users (username, password) VALUES ('Reena', 'TJqUpfKebo');
INSERT INTO Users (username, password) VALUES ('Ken', 'ZyuzzCsjQg');
INSERT INTO Users (username, password) VALUES ('Modesto', 'DefrRuTJUY');
INSERT INTO Users (username, password) VALUES ('Aurea', 'SEdxyZuFdF');
INSERT INTO Users (username, password) VALUES ('Connie', 'oZXWYHEFGu');
INSERT INTO Users (username, password) VALUES ('Susanne', 'ChDhrcpmUR');
INSERT INTO Users (username, password) VALUES ('Althea', 'kWcsHqejGA');
INSERT INTO Users (username, password) VALUES ('Denyse', 'WxpXDXcNgs');
INSERT INTO Users (username, password) VALUES ('Madge', 'jhslbIBiSf');
INSERT INTO Users (username, password) VALUES ('Rozanne', 'ewmaJmPSwT');
INSERT INTO Users (username, password) VALUES ('Adriane', 'OSdyuSrjTZ');
INSERT INTO Users (username, password) VALUES ('Carman', 'XKOQsDnHzU');
INSERT INTO Users (username, password) VALUES ('Lakeesha', 'MsubOBjavz');
INSERT INTO Users (username, password) VALUES ('Stephane', 'QURPsYlwJV');
INSERT INTO Users (username, password) VALUES ('Raven', 'NIMCCGjAFo');
INSERT INTO Users (username, password) VALUES ('Devon', 'ebNbPVxOtP');
INSERT INTO Users (username, password) VALUES ('Zenia', 'VYKPiYGvLZ');
INSERT INTO Users (username, password) VALUES ('Deandrea', 'gevFZEAinh');
INSERT INTO Users (username, password) VALUES ('Deetta', 'puZkCXTmya');
INSERT INTO Users (username, password) VALUES ('Carlotta', 'HTqBEvPJDS');
INSERT INTO Users (username, password) VALUES ('Gregg', 'UmJEnymNmI');
INSERT INTO Users (username, password) VALUES ('Brigid', 'FifhreYvgt');
INSERT INTO Users (username, password) VALUES ('Fausto', 'AchAAAmWnm');
INSERT INTO Users (username, password) VALUES ('Veola', 'lriEcDJJjP');
INSERT INTO Users (username, password) VALUES ('Argelia', 'APBaSOwLRq');
INSERT INTO Users (username, password) VALUES ('Aisha', 'EXmCMdclpV');
INSERT INTO Users (username, password) VALUES ('Elanor', 'QFHoSJrccR');
INSERT INTO Users (username, password) VALUES ('Staci', 'amiFPGwcZu');
INSERT INTO Users (username, password) VALUES ('Krystle', 'WDzBiZUhjD');
INSERT INTO Users (username, password) VALUES ('Laurena', 'EQUWmuQCuT');
INSERT INTO Users (username, password) VALUES ('Cory', 'qfJuHBqGjU');
INSERT INTO Users (username, password) VALUES ('Karina', 'tdbXIPdpiA');
INSERT INTO Users (username, password) VALUES ('Sherryl', 'MWOzKyKVdc');
INSERT INTO Users (username, password) VALUES ('Artie', 'eSHJsseSuI');
INSERT INTO Users (username, password) VALUES ('Jay', 'BwGMuWZmuc');
INSERT INTO Users (username, password) VALUES ('Joana', 'bSzhCdqYuu');
INSERT INTO Users (username, password) VALUES ('Karon', 'TgaoqNVcYr');
INSERT INTO Users (username, password) VALUES ('Cindie', 'ZAolBxkKTX');
INSERT INTO Users (username, password) VALUES ('Stewart', 'BmbBLkhmAW');
INSERT INTO Users (username, password) VALUES ('Jed', 'rBIGhZodFJ');
INSERT INTO Users (username, password) VALUES ('Oma', 'pEhWJbjXTF');
INSERT INTO Users (username, password) VALUES ('Savanna', 'NhEWjppcJn');
INSERT INTO Users (username, password) VALUES ('Everett', 'USzqaNQQLW');
INSERT INTO Users (username, password) VALUES ('Trevor', 'MhxKLRmrAw');
INSERT INTO Users (username, password) VALUES ('Mika', 'YCVHTYBsPq');
INSERT INTO Users (username, password) VALUES ('Byron', 'liHrtLiBQT');
INSERT INTO Users (username, password) VALUES ('Florentino', 'CrRLRXXbwQ');
INSERT INTO Users (username, password) VALUES ('Maria', 'GnQzoZpCll');
INSERT INTO Users (username, password) VALUES ('Kathy', 'yjOBUaVSVm');
INSERT INTO Users (username, password) VALUES ('Bernarda', 'reGDBeKLQq');
INSERT INTO Users (username, password) VALUES ('Michaela', 'FJRijhGfFS');
INSERT INTO Users (username, password) VALUES ('Kimber', 'AmAZjwhrDG');
INSERT INTO Users (username, password) VALUES ('Isabell', 'DDeCMJjjJZ');
INSERT INTO Users (username, password) VALUES ('Toni', 'RgllAELSpQ');
INSERT INTO Users (username, password) VALUES ('Luisa', 'aJgaXkOQyt');
INSERT INTO Users (username, password) VALUES ('Raphael', 'SRkUdydZqo');
INSERT INTO Users (username, password) VALUES ('Magdalena', 'QhpQCgwkJm');
INSERT INTO Users (username, password) VALUES ('Azzie', 'nqkVqFdgul');
INSERT INTO Users (username, password) VALUES ('Charolette', 'ZQGIpymLbs');
INSERT INTO Users (username, password) VALUES ('Karima', 'atwUJVMVoH');
INSERT INTO Users (username, password) VALUES ('Janine', 'kLJQhLfaxt');
INSERT INTO Users (username, password) VALUES ('Rosalee', 'UkhbonAgPH');
INSERT INTO Users (username, password) VALUES ('Eleanora', 'MMjwnXnomP');
INSERT INTO Users (username, password) VALUES ('Stephani', 'ITZvrtsDVI');
INSERT INTO Users (username, password) VALUES ('Tammie', 'JmiEOhyMAF');
INSERT INTO Users (username, password) VALUES ('Flo', 'XMuQjbaYkY');
INSERT INTO Users (username, password) VALUES ('Verna', 'kkuTNwEtcM');
INSERT INTO Users (username, password) VALUES ('Sunni', 'BBoaroDURq');
INSERT INTO Users (username, password) VALUES ('Rodrigo', 'JwUneZlpTB');
INSERT INTO Users (username, password) VALUES ('Janetta', 'rKNYFwZaje');
INSERT INTO Users (username, password) VALUES ('Scotty', 'FPsUvyQDsU');
INSERT INTO Users (username, password) VALUES ('Mayme', 'FOAeUmPSmf');
INSERT INTO Users (username, password) VALUES ('Madelaine', 'mUceRzkIAG');
INSERT INTO Users (username, password) VALUES ('Daisey', 'hGZhrtogMq');
INSERT INTO Users (username, password) VALUES ('Marya', 'TChvCRigBt');
INSERT INTO Users (username, password) VALUES ('Gwen', 'zkgNkMtrDl');
INSERT INTO Users (username, password) VALUES ('Debby', 'cabQsHFkIJ');
INSERT INTO Users (username, password) VALUES ('Ricki', 'KnTWqRlPpw');
INSERT INTO Users (username, password) VALUES ('Barney', 'SoxympdyVe');
INSERT INTO Users (username, password) VALUES ('Donya', 'aNEvQigjgH');
INSERT INTO Users (username, password) VALUES ('Faith', 'ECpNjVcDdI');
INSERT INTO Users (username, password) VALUES ('Kallie', 'jFLJDOAzIs');
INSERT INTO Users (username, password) VALUES ('Bradly', 'LsqgShzeUv');
INSERT INTO Users (username, password) VALUES ('Christiana', 'yTMFPpWEUT');
INSERT INTO Users (username, password) VALUES ('Penny', 'tKnzBaYQBh');
INSERT INTO Users (username, password) VALUES ('Alton', 'RZAZEfYXFf');
INSERT INTO Users (username, password) VALUES ('Tashia', 'evLRfhrpHl');
INSERT INTO Users (username, password) VALUES ('Madlyn', 'ryegJRlotu');
INSERT INTO Users (username, password) VALUES ('Conception', 'yCopCKhZVb');
INSERT INTO Users (username, password) VALUES ('Rodger', 'xPhXkWMIjK');
INSERT INTO Users (username, password) VALUES ('Merna', 'PpFlMUvhCb');
INSERT INTO Users (username, password) VALUES ('Blair', 'eGpelVOjwp');
INSERT INTO Users (username, password) VALUES ('Fredda', 'evpLzvKoEh');
INSERT INTO Users (username, password) VALUES ('Kenny', 'QDXXblNVqP');
INSERT INTO Cuisines (cname) VALUES ('Italian');
INSERT INTO Cuisines (cname) VALUES ('Mexican');
INSERT INTO Cuisines (cname) VALUES ('Chinese');
INSERT INTO Cuisines (cname) VALUES ('Indian');
INSERT INTO Cuisines (cname) VALUES ('Japanese');
INSERT INTO Cuisines (cname) VALUES ('Greek');
INSERT INTO Cuisines (cname) VALUES ('Spanish');
INSERT INTO Cuisines (cname) VALUES ('French');
INSERT INTO Cuisines (cname) VALUES ('Thai');
INSERT INTO Cuisines (cname) VALUES ('Vietnamese');
INSERT INTO Cuisines (cname) VALUES ('Korean');
INSERT INTO Cuisines (cname) VALUES ('Vegetarian');
INSERT INTO Cuisines (cname) VALUES ('American');
INSERT INTO Cuisines (cname) VALUES ('German');
INSERT INTO Cuisines (cname) VALUES ('Fusion');
INSERT INTO Cuisines (cname) VALUES ('Russian');
INSERT INTO Cuisines (cname) VALUES ('Desert');
INSERT INTO Cuisines (cname) VALUES ('Singaporean');
INSERT INTO Cuisines (cname) VALUES ('Indonesian');
INSERT INTO Cuisines (cname) VALUES ('Filipino');
INSERT INTO Restaurants (rname, cname) VALUES ('Peace Meal', 'French');
INSERT INTO Restaurants (rname, cname) VALUES ('Waffle Stomper', 'Filipino');
INSERT INTO Restaurants (rname, cname) VALUES ('Zuke', 'French');
INSERT INTO Restaurants (rname, cname) VALUES ('Bob Mutton', 'Italian');
INSERT INTO Restaurants (rname, cname) VALUES ('Food Frolic', 'Vietnamese');
INSERT INTO Restaurants (rname, cname) VALUES ('Minga', 'Greek');
INSERT INTO Restaurants (rname, cname) VALUES ('The Raspy Magpie', 'Filipino');
INSERT INTO Restaurants (rname, cname) VALUES ('Unit Socrates', 'American');
INSERT INTO Restaurants (rname, cname) VALUES ('Ozean', 'Vegetarian');
INSERT INTO Restaurants (rname, cname) VALUES ('The Crazy Crawfish', 'French');
INSERT INTO Restaurants (rname, cname) VALUES ('Cornpone Castle', 'Italian');
INSERT INTO Restaurants (rname, cname) VALUES ('Lyricalia', 'Thai');
INSERT INTO Restaurants (rname, cname) VALUES ('Quickie Lickie', 'Russian');
INSERT INTO Restaurants (rname, cname) VALUES ('Prawn Phreak', 'Mexican');
INSERT INTO Restaurants (rname, cname) VALUES ('Rockyard', 'Korean');
INSERT INTO Restaurants (rname, cname) VALUES ('Flambo', 'Mexican');
INSERT INTO Restaurants (rname, cname) VALUES ('Bennies Fishery', 'Fusion');
INSERT INTO Restaurants (rname, cname) VALUES ('Shakedown', 'German');
INSERT INTO Restaurants (rname, cname) VALUES ('Gorganic', 'Vietnamese');
INSERT INTO Restaurants (rname, cname) VALUES ('AstroCoffee', 'Greek');
INSERT INTO Restaurants (rname, cname) VALUES ('Pizza Experience', 'French');
INSERT INTO Restaurants (rname, cname) VALUES ('Banjo Pancake', 'Indian');
INSERT INTO Restaurants (rname, cname) VALUES ('Atomic Coffee', 'Chinese');
INSERT INTO Restaurants (rname, cname) VALUES ('Coffee Lodge', 'German');
INSERT INTO Restaurants (rname, cname) VALUES ('Friendly Fire', 'Desert');
INSERT INTO Restaurants (rname, cname) VALUES ('Tandoori Vittles', 'Filipino');
INSERT INTO Restaurants (rname, cname) VALUES ('Sasskatchy!', 'Fusion');
INSERT INTO Restaurants (rname, cname) VALUES ('Tarmac', 'Desert');
INSERT INTO Restaurants (rname, cname) VALUES ('Slow & Pulpy', 'Spanish');
INSERT INTO Restaurants (rname, cname) VALUES ('Lambastica', 'Korean');
INSERT INTO Restaurants (rname, cname) VALUES ('The Lunchroom', 'Fusion');
INSERT INTO Restaurants (rname, cname) VALUES ('Jackie Diamonds', 'German');
INSERT INTO Restaurants (rname, cname) VALUES ('Phat Kettle O Prawns', 'Italian');
INSERT INTO Restaurants (rname, cname) VALUES ('ExoPlanet', 'Fusion');
INSERT INTO Restaurants (rname, cname) VALUES ('Food Haus', 'Greek');
INSERT INTO Restaurants (rname, cname) VALUES ('Snark Bite', 'American');
INSERT INTO Restaurants (rname, cname) VALUES ('Que', 'Greek');
INSERT INTO Restaurants (rname, cname) VALUES ('Meow Meow', 'French');
INSERT INTO Restaurants (rname, cname) VALUES ('Plastique', 'Indonesian');
INSERT INTO Restaurants (rname, cname) VALUES ('Lotus Boogie', 'Korean');
INSERT INTO Restaurants (rname, cname) VALUES ('Taste Tease', 'Spanish');
INSERT INTO Restaurants (rname, cname) VALUES ('Aroma Borealis', 'Spanish');
INSERT INTO Restaurants (rname, cname) VALUES ('Tersanki', 'Mexican');
INSERT INTO Restaurants (rname, cname) VALUES ('Coffee Cat', 'Chinese');
INSERT INTO Restaurants (rname, cname) VALUES ('Quick Licks', 'Singaporean');
INSERT INTO Restaurants (rname, cname) VALUES ('Crustatia', 'Vietnamese');
INSERT INTO Restaurants (rname, cname) VALUES ('The Running Monk', 'American');
INSERT INTO Restaurants (rname, cname) VALUES ('The Glassy Eye', 'Chinese');
INSERT INTO Restaurants (rname, cname) VALUES ('The Spigot', 'Mexican');
INSERT INTO Restaurants (rname, cname) VALUES ('Passion Pork', 'Thai');
INSERT INTO Owners (username, rname) VALUES ('Kimberley', 'Peace Meal');
INSERT INTO Owners (username, rname) VALUES ('Giovanni', 'Waffle Stomper');
INSERT INTO Owners (username, rname) VALUES ('Tamela', 'Zuke');
INSERT INTO Owners (username, rname) VALUES ('Ofelia', 'Bob Mutton');
INSERT INTO Owners (username, rname) VALUES ('Tena', 'Food Frolic');
INSERT INTO Owners (username, rname) VALUES ('Genoveva', 'Minga');
INSERT INTO Owners (username, rname) VALUES ('Reena', 'The Raspy Magpie');
INSERT INTO Owners (username, rname) VALUES ('Ken', 'Unit Socrates');
INSERT INTO Owners (username, rname) VALUES ('Modesto', 'Ozean');
INSERT INTO Owners (username, rname) VALUES ('Aurea', 'The Crazy Crawfish');
INSERT INTO Owners (username, rname) VALUES ('Connie', 'Cornpone Castle');
INSERT INTO Owners (username, rname) VALUES ('Susanne', 'Lyricalia');
INSERT INTO Owners (username, rname) VALUES ('Althea', 'Quickie Lickie');
INSERT INTO Owners (username, rname) VALUES ('Denyse', 'Prawn Phreak');
INSERT INTO Owners (username, rname) VALUES ('Madge', 'Rockyard');
INSERT INTO Owners (username, rname) VALUES ('Rozanne', 'Flambo');
INSERT INTO Owners (username, rname) VALUES ('Adriane', 'Bennies Fishery');
INSERT INTO Owners (username, rname) VALUES ('Carman', 'Shakedown');
INSERT INTO Owners (username, rname) VALUES ('Lakeesha', 'Gorganic');
INSERT INTO Owners (username, rname) VALUES ('Stephane', 'AstroCoffee');
INSERT INTO Owners (username, rname) VALUES ('Raven', 'Pizza Experience');
INSERT INTO Owners (username, rname) VALUES ('Devon', 'Banjo Pancake');
INSERT INTO Owners (username, rname) VALUES ('Zenia', 'Atomic Coffee');
INSERT INTO Owners (username, rname) VALUES ('Deandrea', 'Coffee Lodge');
INSERT INTO Owners (username, rname) VALUES ('Deetta', 'Friendly Fire');
INSERT INTO Owners (username, rname) VALUES ('Carlotta', 'Tandoori Vittles');
INSERT INTO Owners (username, rname) VALUES ('Gregg', 'Sasskatchy!');
INSERT INTO Owners (username, rname) VALUES ('Brigid', 'Tarmac');
INSERT INTO Owners (username, rname) VALUES ('Fausto', 'Slow & Pulpy');
INSERT INTO Owners (username, rname) VALUES ('Veola', 'Lambastica');
INSERT INTO Owners (username, rname) VALUES ('Argelia', 'The Lunchroom');
INSERT INTO Owners (username, rname) VALUES ('Aisha', 'Jackie Diamonds');
INSERT INTO Owners (username, rname) VALUES ('Elanor', 'Phat Kettle O Prawns');
INSERT INTO Owners (username, rname) VALUES ('Staci', 'ExoPlanet');
INSERT INTO Owners (username, rname) VALUES ('Krystle', 'Food Haus');
INSERT INTO Owners (username, rname) VALUES ('Laurena', 'Snark Bite');
INSERT INTO Owners (username, rname) VALUES ('Cory', 'Que');
INSERT INTO Owners (username, rname) VALUES ('Karina', 'Meow Meow');
INSERT INTO Owners (username, rname) VALUES ('Sherryl', 'Plastique');
INSERT INTO Owners (username, rname) VALUES ('Artie', 'Lotus Boogie');
INSERT INTO Owners (username, rname) VALUES ('Jay', 'Taste Tease');
INSERT INTO Owners (username, rname) VALUES ('Joana', 'Aroma Borealis');
INSERT INTO Owners (username, rname) VALUES ('Karon', 'Tersanki');
INSERT INTO Owners (username, rname) VALUES ('Cindie', 'Coffee Cat');
INSERT INTO Owners (username, rname) VALUES ('Stewart', 'Quick Licks');
INSERT INTO Owners (username, rname) VALUES ('Jed', 'Crustatia');
INSERT INTO Owners (username, rname) VALUES ('Oma', 'The Running Monk');
INSERT INTO Owners (username, rname) VALUES ('Savanna', 'The Glassy Eye');
INSERT INTO Owners (username, rname) VALUES ('Everett', 'The Spigot');
INSERT INTO Owners (username, rname) VALUES ('Trevor', 'Passion Pork');
INSERT INTO Diners (username) VALUES ('Mika');
INSERT INTO Diners (username) VALUES ('Byron');
INSERT INTO Diners (username) VALUES ('Florentino');
INSERT INTO Diners (username) VALUES ('Maria');
INSERT INTO Diners (username) VALUES ('Kathy');
INSERT INTO Diners (username) VALUES ('Bernarda');
INSERT INTO Diners (username) VALUES ('Michaela');
INSERT INTO Diners (username) VALUES ('Kimber');
INSERT INTO Diners (username) VALUES ('Isabell');
INSERT INTO Diners (username) VALUES ('Toni');
INSERT INTO Diners (username) VALUES ('Luisa');
INSERT INTO Diners (username) VALUES ('Raphael');
INSERT INTO Diners (username) VALUES ('Magdalena');
INSERT INTO Diners (username) VALUES ('Azzie');
INSERT INTO Diners (username) VALUES ('Charolette');
INSERT INTO Diners (username) VALUES ('Karima');
INSERT INTO Diners (username) VALUES ('Janine');
INSERT INTO Diners (username) VALUES ('Rosalee');
INSERT INTO Diners (username) VALUES ('Eleanora');
INSERT INTO Diners (username) VALUES ('Stephani');
INSERT INTO Diners (username) VALUES ('Tammie');
INSERT INTO Diners (username) VALUES ('Flo');
INSERT INTO Diners (username) VALUES ('Verna');
INSERT INTO Diners (username) VALUES ('Sunni');
INSERT INTO Diners (username) VALUES ('Rodrigo');
INSERT INTO Diners (username) VALUES ('Janetta');
INSERT INTO Diners (username) VALUES ('Scotty');
INSERT INTO Diners (username) VALUES ('Mayme');
INSERT INTO Diners (username) VALUES ('Madelaine');
INSERT INTO Diners (username) VALUES ('Daisey');
INSERT INTO Diners (username) VALUES ('Marya');
INSERT INTO Diners (username) VALUES ('Gwen');
INSERT INTO Diners (username) VALUES ('Debby');
INSERT INTO Diners (username) VALUES ('Ricki');
INSERT INTO Diners (username) VALUES ('Barney');
INSERT INTO Diners (username) VALUES ('Donya');
INSERT INTO Diners (username) VALUES ('Faith');
INSERT INTO Diners (username) VALUES ('Kallie');
INSERT INTO Diners (username) VALUES ('Bradly');
INSERT INTO Diners (username) VALUES ('Christiana');
INSERT INTO Diners (username) VALUES ('Penny');
INSERT INTO Diners (username) VALUES ('Alton');
INSERT INTO Diners (username) VALUES ('Tashia');
INSERT INTO Diners (username) VALUES ('Madlyn');
INSERT INTO Diners (username) VALUES ('Conception');
INSERT INTO Diners (username) VALUES ('Rodger');
INSERT INTO Diners (username) VALUES ('Merna');
INSERT INTO Diners (username) VALUES ('Blair');
INSERT INTO Diners (username) VALUES ('Fredda');
INSERT INTO Diners (username) VALUES ('Kenny');
INSERT INTO RestaurantAreas (rname, aname, address, startTime, endTime) VALUES ('Peace Meal', 'Rochor', '171 Toni Road Singapore 339409', '9:00', '20:00');
INSERT INTO RestaurantAreas (rname, aname, address, startTime, endTime) VALUES ('Peace Meal', 'Sungei Kadut', '638 Toni Road Singapore 451129', '9:00', '18:00');
INSERT INTO RestaurantAreas (rname, aname, address, startTime, endTime) VALUES ('Peace Meal', 'Straits View', '742 Isabell Road Singapore 311291', '6:00', '18:00');
INSERT INTO RestaurantAreas (rname, aname, address, startTime, endTime) VALUES ('Peace Meal', 'Marina East', '510 Azzie Road Singapore 518796', '10:00', '21:00');
INSERT INTO RestaurantAreas (rname, aname, address, startTime, endTime) VALUES ('Peace Meal', 'Straits View', '823 Stewart Road Singapore 957428', '7:00', '22:00');
INSERT INTO RestaurantAreas (rname, aname, address, startTime, endTime) VALUES ('Waffle Stomper', 'Serangoon', '385 Barney Road Singapore 703670', '8:00', '21:00');
INSERT INTO RestaurantAreas (rname, aname, address, startTime, endTime) VALUES ('Waffle Stomper', 'Tampines', '917 Genoveva Road Singapore 394449', '9:00', '18:00');
INSERT INTO RestaurantAreas (rname, aname, address, startTime, endTime) VALUES ('Waffle Stomper', 'Tuas', '514 Laurena Road Singapore 736599', '10:00', '22:00');
INSERT INTO RestaurantAreas (rname, aname, address, startTime, endTime) VALUES ('Waffle Stomper', 'Marine Parade', '736 Bernarda Road Singapore 628144', '7:00', '23:00');
INSERT INTO RestaurantAreas (rname, aname, address, startTime, endTime) VALUES ('Waffle Stomper', 'Seletar', '364 Jay Road Singapore 714317', '8:00', '19:00');
INSERT INTO RestaurantAreas (rname, aname, address, startTime, endTime) VALUES ('Zuke', 'Jurong West', '207 Savanna Road Singapore 305099', '11:00', '22:00');
INSERT INTO RestaurantAreas (rname, aname, address, startTime, endTime) VALUES ('Zuke', 'Bedok', '948 Joana Road Singapore 698444', '10:00', '18:00');
INSERT INTO RestaurantAreas (rname, aname, address, startTime, endTime) VALUES ('Zuke', 'Bukit Merah', '689 Barney Road Singapore 852838', '9:00', '19:00');
INSERT INTO RestaurantAreas (rname, aname, address, startTime, endTime) VALUES ('Zuke', 'Pioneer', '782 Conception Road Singapore 124609', '10:00', '20:00');
INSERT INTO RestaurantAreas (rname, aname, address, startTime, endTime) VALUES ('Zuke', 'Queenstown', '872 Janine Road Singapore 759853', '11:00', '19:00');
INSERT INTO RestaurantAreas (rname, aname, address, startTime, endTime) VALUES ('Bob Mutton', 'Jurong East', '350 Ken Road Singapore 480731', '10:00', '22:00');
INSERT INTO RestaurantAreas (rname, aname, address, startTime, endTime) VALUES ('Bob Mutton', 'Serangoon', '960 Alton Road Singapore 480835', '6:00', '21:00');
INSERT INTO RestaurantAreas (rname, aname, address, startTime, endTime) VALUES ('Bob Mutton', 'Western Islands', '766 Madelaine Road Singapore 669708', '11:00', '20:00');
INSERT INTO RestaurantAreas (rname, aname, address, startTime, endTime) VALUES ('Bob Mutton', 'Museum', '374 Althea Road Singapore 974999', '8:00', '21:00');
INSERT INTO RestaurantAreas (rname, aname, address, startTime, endTime) VALUES ('Bob Mutton', 'Tanglin', '374 Krystle Road Singapore 140571', '11:00', '18:00');
INSERT INTO RestaurantAreas (rname, aname, address, startTime, endTime) VALUES ('Food Frolic', 'Woodlands', '382 Rozanne Road Singapore 676995', '9:00', '20:00');
INSERT INTO RestaurantAreas (rname, aname, address, startTime, endTime) VALUES ('Food Frolic', 'Marine Parade', '126 Cindie Road Singapore 817574', '9:00', '20:00');
INSERT INTO RestaurantAreas (rname, aname, address, startTime, endTime) VALUES ('Food Frolic', 'Bukit Merah', '110 Fausto Road Singapore 361639', '7:00', '22:00');
INSERT INTO RestaurantAreas (rname, aname, address, startTime, endTime) VALUES ('Food Frolic', 'Changi', '672 Flo Road Singapore 925045', '6:00', '21:00');
INSERT INTO RestaurantAreas (rname, aname, address, startTime, endTime) VALUES ('Food Frolic', 'Rochor', '419 Giovanni Road Singapore 879760', '9:00', '18:00');
INSERT INTO RestaurantAreas (rname, aname, address, startTime, endTime) VALUES ('Minga', 'Outram', '173 Penny Road Singapore 374790', '7:00', '18:00');
INSERT INTO RestaurantAreas (rname, aname, address, startTime, endTime) VALUES ('Minga', 'Queenstown', '941 Kenny Road Singapore 404640', '6:00', '19:00');
INSERT INTO RestaurantAreas (rname, aname, address, startTime, endTime) VALUES ('Minga', 'Yishun', '394 Gregg Road Singapore 618318', '9:00', '19:00');
INSERT INTO RestaurantAreas (rname, aname, address, startTime, endTime) VALUES ('Minga', 'Downtown Core', '351 Adriane Road Singapore 720630', '11:00', '23:00');
INSERT INTO RestaurantAreas (rname, aname, address, startTime, endTime) VALUES ('Minga', 'Bedok', '483 Everett Road Singapore 389725', '10:00', '21:00');
INSERT INTO RestaurantAreas (rname, aname, address, startTime, endTime) VALUES ('The Raspy Magpie', 'Pioneer', '490 Stewart Road Singapore 483808', '11:00', '23:00');
INSERT INTO RestaurantAreas (rname, aname, address, startTime, endTime) VALUES ('The Raspy Magpie', 'Punggol', '79 Adriane Road Singapore 950037', '9:00', '21:00');
INSERT INTO RestaurantAreas (rname, aname, address, startTime, endTime) VALUES ('The Raspy Magpie', 'Choa Chu Kang', '639 Daisey Road Singapore 932215', '7:00', '18:00');
INSERT INTO RestaurantAreas (rname, aname, address, startTime, endTime) VALUES ('The Raspy Magpie', 'Marine Parade', '447 Debby Road Singapore 168961', '9:00', '20:00');
INSERT INTO RestaurantAreas (rname, aname, address, startTime, endTime) VALUES ('The Raspy Magpie', 'Sembawang', '603 Madelaine Road Singapore 253450', '6:00', '23:00');
INSERT INTO RestaurantAreas (rname, aname, address, startTime, endTime) VALUES ('Unit Socrates', 'Bedok', '392 Jay Road Singapore 793137', '11:00', '23:00');
INSERT INTO RestaurantAreas (rname, aname, address, startTime, endTime) VALUES ('Unit Socrates', 'Outram', '750 Barney Road Singapore 773101', '8:00', '19:00');
INSERT INTO RestaurantAreas (rname, aname, address, startTime, endTime) VALUES ('Unit Socrates', 'Lim Chu Kang', '177 Conception Road Singapore 402969', '8:00', '19:00');
INSERT INTO RestaurantAreas (rname, aname, address, startTime, endTime) VALUES ('Unit Socrates', 'Singapore River', '133 Giovanni Road Singapore 450715', '7:00', '19:00');
INSERT INTO RestaurantAreas (rname, aname, address, startTime, endTime) VALUES ('Unit Socrates', 'Novena', '112 Stewart Road Singapore 209218', '11:00', '22:00');
INSERT INTO RestaurantAreas (rname, aname, address, startTime, endTime) VALUES ('Ozean', 'Kallang', '786 Tammie Road Singapore 757950', '6:00', '18:00');
INSERT INTO RestaurantAreas (rname, aname, address, startTime, endTime) VALUES ('Ozean', 'Serangoon', '583 Tamela Road Singapore 732812', '8:00', '19:00');
INSERT INTO RestaurantAreas (rname, aname, address, startTime, endTime) VALUES ('Ozean', 'Kallang', '946 Savanna Road Singapore 434586', '8:00', '19:00');
INSERT INTO RestaurantAreas (rname, aname, address, startTime, endTime) VALUES ('Ozean', 'Serangoon', '769 Elanor Road Singapore 842650', '8:00', '20:00');
INSERT INTO RestaurantAreas (rname, aname, address, startTime, endTime) VALUES ('Ozean', 'Tuas', '287 Toni Road Singapore 590739', '10:00', '23:00');
INSERT INTO RestaurantAreas (rname, aname, address, startTime, endTime) VALUES ('The Crazy Crawfish', 'Marina East', '281 Veola Road Singapore 863643', '11:00', '20:00');
INSERT INTO RestaurantAreas (rname, aname, address, startTime, endTime) VALUES ('The Crazy Crawfish', 'Straits View', '440 Veola Road Singapore 326694', '8:00', '20:00');
INSERT INTO RestaurantAreas (rname, aname, address, startTime, endTime) VALUES ('The Crazy Crawfish', 'Choa Chu Kang', '172 Mayme Road Singapore 275706', '10:00', '23:00');
INSERT INTO RestaurantAreas (rname, aname, address, startTime, endTime) VALUES ('The Crazy Crawfish', 'Tengah', '24 Adriane Road Singapore 819124', '7:00', '23:00');
INSERT INTO RestaurantAreas (rname, aname, address, startTime, endTime) VALUES ('The Crazy Crawfish', 'Changi Bay', '107 Bradly Road Singapore 244810', '7:00', '22:00');
INSERT INTO RestaurantAreas (rname, aname, address, startTime, endTime) VALUES ('Cornpone Castle', 'Clementi', '995 Barney Road Singapore 549474', '9:00', '19:00');
INSERT INTO RestaurantAreas (rname, aname, address, startTime, endTime) VALUES ('Cornpone Castle', 'Geylang', '638 Deetta Road Singapore 510088', '9:00', '21:00');
INSERT INTO RestaurantAreas (rname, aname, address, startTime, endTime) VALUES ('Cornpone Castle', 'Sungei Kadut', '307 Stewart Road Singapore 757110', '8:00', '20:00');
INSERT INTO RestaurantAreas (rname, aname, address, startTime, endTime) VALUES ('Cornpone Castle', 'Choa Chu Kang', '144 Merna Road Singapore 898842', '10:00', '23:00');
INSERT INTO RestaurantAreas (rname, aname, address, startTime, endTime) VALUES ('Cornpone Castle', 'Hougang', '133 Joana Road Singapore 976301', '11:00', '21:00');
INSERT INTO RestaurantAreas (rname, aname, address, startTime, endTime) VALUES ('Lyricalia', 'Sengkang', '71 Raven Road Singapore 529984', '11:00', '18:00');
INSERT INTO RestaurantAreas (rname, aname, address, startTime, endTime) VALUES ('Lyricalia', 'Simpang', '523 Blair Road Singapore 659896', '11:00', '18:00');
INSERT INTO RestaurantAreas (rname, aname, address, startTime, endTime) VALUES ('Lyricalia', 'Boon Lay', '539 Carlotta Road Singapore 583397', '7:00', '22:00');
INSERT INTO RestaurantAreas (rname, aname, address, startTime, endTime) VALUES ('Lyricalia', 'Geylang', '342 Toni Road Singapore 626111', '8:00', '22:00');
INSERT INTO RestaurantAreas (rname, aname, address, startTime, endTime) VALUES ('Lyricalia', 'Singapore River', '964 Zenia Road Singapore 151883', '8:00', '23:00');
INSERT INTO RestaurantAreas (rname, aname, address, startTime, endTime) VALUES ('Quickie Lickie', 'Western Water Catchment', '761 Everett Road Singapore 760378', '6:00', '19:00');
INSERT INTO RestaurantAreas (rname, aname, address, startTime, endTime) VALUES ('Quickie Lickie', 'Marina South', '295 Verna Road Singapore 566678', '11:00', '18:00');
INSERT INTO RestaurantAreas (rname, aname, address, startTime, endTime) VALUES ('Quickie Lickie', 'Pasir Ris', '711 Magdalena Road Singapore 197924', '11:00', '22:00');
INSERT INTO RestaurantAreas (rname, aname, address, startTime, endTime) VALUES ('Quickie Lickie', 'Western Islands', '91 Marya Road Singapore 967853', '10:00', '20:00');
INSERT INTO RestaurantAreas (rname, aname, address, startTime, endTime) VALUES ('Quickie Lickie', 'Woodlands', '329 Mayme Road Singapore 608287', '10:00', '21:00');
INSERT INTO RestaurantAreas (rname, aname, address, startTime, endTime) VALUES ('Prawn Phreak', 'Bukit Timah', '613 Debby Road Singapore 838265', '6:00', '20:00');
INSERT INTO RestaurantAreas (rname, aname, address, startTime, endTime) VALUES ('Prawn Phreak', 'Changi', '607 Ricki Road Singapore 620803', '6:00', '19:00');
INSERT INTO RestaurantAreas (rname, aname, address, startTime, endTime) VALUES ('Prawn Phreak', 'Novena', '509 Madlyn Road Singapore 383009', '7:00', '19:00');
INSERT INTO RestaurantAreas (rname, aname, address, startTime, endTime) VALUES ('Prawn Phreak', 'Orchard', '543 Sunni Road Singapore 847078', '6:00', '19:00');
INSERT INTO RestaurantAreas (rname, aname, address, startTime, endTime) VALUES ('Prawn Phreak', 'Southern Islands', '569 Stewart Road Singapore 655191', '7:00', '22:00');
INSERT INTO RestaurantAreas (rname, aname, address, startTime, endTime) VALUES ('Rockyard', 'Simpang', '57 Daisey Road Singapore 193336', '8:00', '20:00');
INSERT INTO RestaurantAreas (rname, aname, address, startTime, endTime) VALUES ('Rockyard', 'Bukit Timah', '364 Veola Road Singapore 646470', '8:00', '20:00');
INSERT INTO RestaurantAreas (rname, aname, address, startTime, endTime) VALUES ('Rockyard', 'Paya Lebar', '857 Genoveva Road Singapore 649032', '10:00', '21:00');
INSERT INTO RestaurantAreas (rname, aname, address, startTime, endTime) VALUES ('Rockyard', 'North-Eastern Islands', '170 Marya Road Singapore 103430', '10:00', '18:00');
INSERT INTO RestaurantAreas (rname, aname, address, startTime, endTime) VALUES ('Rockyard', 'Tampines', '374 Althea Road Singapore 251995', '11:00', '23:00');
INSERT INTO RestaurantAreas (rname, aname, address, startTime, endTime) VALUES ('Flambo', 'Tuas', '20 Fredda Road Singapore 481828', '7:00', '19:00');
INSERT INTO RestaurantAreas (rname, aname, address, startTime, endTime) VALUES ('Flambo', 'Sungei Kadut', '984 Raven Road Singapore 517913', '9:00', '21:00');
INSERT INTO RestaurantAreas (rname, aname, address, startTime, endTime) VALUES ('Flambo', 'Punggol', '866 Christiana Road Singapore 384392', '10:00', '21:00');
INSERT INTO RestaurantAreas (rname, aname, address, startTime, endTime) VALUES ('Flambo', 'Lim Chu Kang', '77 Brigid Road Singapore 798233', '11:00', '23:00');
INSERT INTO RestaurantAreas (rname, aname, address, startTime, endTime) VALUES ('Flambo', 'Western Islands', '280 Madge Road Singapore 236659', '6:00', '23:00');
INSERT INTO RestaurantAreas (rname, aname, address, startTime, endTime) VALUES ('Bennies Fishery', 'Tanglin', '375 Bradly Road Singapore 905590', '6:00', '20:00');
INSERT INTO RestaurantAreas (rname, aname, address, startTime, endTime) VALUES ('Bennies Fishery', 'Seletar', '324 Adriane Road Singapore 625379', '11:00', '18:00');
INSERT INTO RestaurantAreas (rname, aname, address, startTime, endTime) VALUES ('Bennies Fishery', 'Marina East', '897 Karina Road Singapore 955568', '7:00', '19:00');
INSERT INTO RestaurantAreas (rname, aname, address, startTime, endTime) VALUES ('Bennies Fishery', 'Seletar', '449 Cindie Road Singapore 991241', '9:00', '22:00');
INSERT INTO RestaurantAreas (rname, aname, address, startTime, endTime) VALUES ('Bennies Fishery', 'Newton', '758 Trevor Road Singapore 976495', '6:00', '18:00');
INSERT INTO RestaurantAreas (rname, aname, address, startTime, endTime) VALUES ('Shakedown', 'Geylang', '193 Daisey Road Singapore 683163', '8:00', '20:00');
INSERT INTO RestaurantAreas (rname, aname, address, startTime, endTime) VALUES ('Shakedown', 'Newton', '7 Argelia Road Singapore 153344', '9:00', '23:00');
INSERT INTO RestaurantAreas (rname, aname, address, startTime, endTime) VALUES ('Shakedown', 'Hougang', '329 Rozanne Road Singapore 405136', '7:00', '18:00');
INSERT INTO RestaurantAreas (rname, aname, address, startTime, endTime) VALUES ('Shakedown', 'Sungei Kadut', '612 Cory Road Singapore 670339', '7:00', '23:00');
INSERT INTO RestaurantAreas (rname, aname, address, startTime, endTime) VALUES ('Shakedown', 'Bukit Batok', '164 Janine Road Singapore 440440', '10:00', '18:00');
INSERT INTO RestaurantAreas (rname, aname, address, startTime, endTime) VALUES ('Gorganic', 'Sungei Kadut', '389 Savanna Road Singapore 763805', '6:00', '21:00');
INSERT INTO RestaurantAreas (rname, aname, address, startTime, endTime) VALUES ('Gorganic', 'Pioneer', '162 Genoveva Road Singapore 442555', '10:00', '20:00');
INSERT INTO RestaurantAreas (rname, aname, address, startTime, endTime) VALUES ('Gorganic', 'Pioneer', '79 Stephani Road Singapore 819253', '7:00', '22:00');
INSERT INTO RestaurantAreas (rname, aname, address, startTime, endTime) VALUES ('Gorganic', 'Queenstown', '976 Fausto Road Singapore 380832', '9:00', '21:00');
INSERT INTO RestaurantAreas (rname, aname, address, startTime, endTime) VALUES ('Gorganic', 'Newton', '679 Charolette Road Singapore 275780', '6:00', '23:00');
INSERT INTO RestaurantAreas (rname, aname, address, startTime, endTime) VALUES ('AstroCoffee', 'Serangoon', '138 Ofelia Road Singapore 820795', '10:00', '20:00');
INSERT INTO RestaurantAreas (rname, aname, address, startTime, endTime) VALUES ('AstroCoffee', 'Seletar', '358 Charolette Road Singapore 567520', '6:00', '18:00');
INSERT INTO RestaurantAreas (rname, aname, address, startTime, endTime) VALUES ('AstroCoffee', 'Downtown Core', '641 Deandrea Road Singapore 273273', '6:00', '20:00');
INSERT INTO RestaurantAreas (rname, aname, address, startTime, endTime) VALUES ('AstroCoffee', 'Ang Mo Kio', '547 Byron Road Singapore 673372', '10:00', '18:00');
INSERT INTO RestaurantAreas (rname, aname, address, startTime, endTime) VALUES ('AstroCoffee', 'Kallang', '660 Kimber Road Singapore 584102', '6:00', '23:00');
INSERT INTO RestaurantAreas (rname, aname, address, startTime, endTime) VALUES ('Pizza Experience', 'Boon Lay', '751 Magdalena Road Singapore 884756', '9:00', '23:00');
INSERT INTO RestaurantAreas (rname, aname, address, startTime, endTime) VALUES ('Pizza Experience', 'Western Water Catchment', '37 Isabell Road Singapore 774563', '7:00', '22:00');
INSERT INTO RestaurantAreas (rname, aname, address, startTime, endTime) VALUES ('Pizza Experience', 'Clementi', '555 Tena Road Singapore 839462', '7:00', '22:00');
INSERT INTO RestaurantAreas (rname, aname, address, startTime, endTime) VALUES ('Pizza Experience', 'Straits View', '486 Mayme Road Singapore 810152', '8:00', '18:00');
INSERT INTO RestaurantAreas (rname, aname, address, startTime, endTime) VALUES ('Pizza Experience', 'Punggol', '897 Devon Road Singapore 790609', '8:00', '22:00');
INSERT INTO RestaurantAreas (rname, aname, address, startTime, endTime) VALUES ('Banjo Pancake', 'Paya Lebar', '990 Kallie Road Singapore 838579', '8:00', '18:00');
INSERT INTO RestaurantAreas (rname, aname, address, startTime, endTime) VALUES ('Banjo Pancake', 'Paya Lebar', '49 Karima Road Singapore 823520', '6:00', '23:00');
INSERT INTO RestaurantAreas (rname, aname, address, startTime, endTime) VALUES ('Banjo Pancake', 'River Valley', '302 Adriane Road Singapore 215145', '9:00', '23:00');
INSERT INTO RestaurantAreas (rname, aname, address, startTime, endTime) VALUES ('Banjo Pancake', 'Serangoon', '649 Rodrigo Road Singapore 693219', '7:00', '21:00');
INSERT INTO RestaurantAreas (rname, aname, address, startTime, endTime) VALUES ('Banjo Pancake', 'Yishun', '278 Elanor Road Singapore 508385', '6:00', '21:00');
INSERT INTO RestaurantAreas (rname, aname, address, startTime, endTime) VALUES ('Atomic Coffee', 'Seletar', '905 Deandrea Road Singapore 712811', '8:00', '18:00');
INSERT INTO RestaurantAreas (rname, aname, address, startTime, endTime) VALUES ('Atomic Coffee', 'Geylang', '240 Lakeesha Road Singapore 363733', '11:00', '21:00');
INSERT INTO RestaurantAreas (rname, aname, address, startTime, endTime) VALUES ('Atomic Coffee', 'Bukit Panjang', '5 Isabell Road Singapore 255538', '9:00', '20:00');
INSERT INTO RestaurantAreas (rname, aname, address, startTime, endTime) VALUES ('Atomic Coffee', 'Bukit Panjang', '398 Deandrea Road Singapore 623276', '9:00', '21:00');
INSERT INTO RestaurantAreas (rname, aname, address, startTime, endTime) VALUES ('Atomic Coffee', 'River Valley', '104 Fausto Road Singapore 504505', '6:00', '23:00');
INSERT INTO RestaurantAreas (rname, aname, address, startTime, endTime) VALUES ('Coffee Lodge', 'River Valley', '818 Faith Road Singapore 937933', '8:00', '23:00');
INSERT INTO RestaurantAreas (rname, aname, address, startTime, endTime) VALUES ('Coffee Lodge', 'Ang Mo Kio', '824 Eleanora Road Singapore 502172', '10:00', '21:00');
INSERT INTO RestaurantAreas (rname, aname, address, startTime, endTime) VALUES ('Coffee Lodge', 'Newton', '124 Donya Road Singapore 570307', '9:00', '18:00');
INSERT INTO RestaurantAreas (rname, aname, address, startTime, endTime) VALUES ('Coffee Lodge', 'Sengkang', '71 Savanna Road Singapore 300475', '8:00', '18:00');
INSERT INTO RestaurantAreas (rname, aname, address, startTime, endTime) VALUES ('Coffee Lodge', 'Marine Parade', '383 Madelaine Road Singapore 515575', '9:00', '20:00');
INSERT INTO RestaurantAreas (rname, aname, address, startTime, endTime) VALUES ('Friendly Fire', 'Woodlands', '238 Ofelia Road Singapore 383043', '8:00', '22:00');
INSERT INTO RestaurantAreas (rname, aname, address, startTime, endTime) VALUES ('Friendly Fire', 'Central Water Catchment', '993 Devon Road Singapore 217474', '11:00', '18:00');
INSERT INTO RestaurantAreas (rname, aname, address, startTime, endTime) VALUES ('Friendly Fire', 'Bukit Merah', '230 Sunni Road Singapore 401033', '8:00', '22:00');
INSERT INTO RestaurantAreas (rname, aname, address, startTime, endTime) VALUES ('Friendly Fire', 'Lim Chu Kang', '407 Donya Road Singapore 440002', '7:00', '19:00');
INSERT INTO RestaurantAreas (rname, aname, address, startTime, endTime) VALUES ('Friendly Fire', 'Lim Chu Kang', '10 Ofelia Road Singapore 649568', '9:00', '20:00');
INSERT INTO RestaurantAreas (rname, aname, address, startTime, endTime) VALUES ('Tandoori Vittles', 'Bukit Timah', '840 Staci Road Singapore 374296', '8:00', '22:00');
INSERT INTO RestaurantAreas (rname, aname, address, startTime, endTime) VALUES ('Tandoori Vittles', 'Rochor', '303 Carman Road Singapore 792679', '7:00', '21:00');
INSERT INTO RestaurantAreas (rname, aname, address, startTime, endTime) VALUES ('Tandoori Vittles', 'Serangoon', '290 Barney Road Singapore 821815', '9:00', '23:00');
INSERT INTO RestaurantAreas (rname, aname, address, startTime, endTime) VALUES ('Tandoori Vittles', 'Toa Payoh', '232 Bernarda Road Singapore 947800', '10:00', '19:00');
INSERT INTO RestaurantAreas (rname, aname, address, startTime, endTime) VALUES ('Tandoori Vittles', 'Pasir Ris', '924 Bradly Road Singapore 529695', '10:00', '19:00');
INSERT INTO RestaurantAreas (rname, aname, address, startTime, endTime) VALUES ('Sasskatchy!', 'North-Eastern Islands', '415 Bradly Road Singapore 104018', '10:00', '18:00');
INSERT INTO RestaurantAreas (rname, aname, address, startTime, endTime) VALUES ('Sasskatchy!', 'Boon Lay', '650 Kenny Road Singapore 321279', '10:00', '22:00');
INSERT INTO RestaurantAreas (rname, aname, address, startTime, endTime) VALUES ('Sasskatchy!', 'Toa Payoh', '96 Karon Road Singapore 952713', '10:00', '18:00');
INSERT INTO RestaurantAreas (rname, aname, address, startTime, endTime) VALUES ('Sasskatchy!', 'Novena', '118 Kenny Road Singapore 466376', '11:00', '18:00');
INSERT INTO RestaurantAreas (rname, aname, address, startTime, endTime) VALUES ('Sasskatchy!', 'Hougang', '864 Savanna Road Singapore 560454', '6:00', '19:00');
INSERT INTO RestaurantAreas (rname, aname, address, startTime, endTime) VALUES ('Tarmac', 'Bukit Timah', '560 Ken Road Singapore 626915', '11:00', '19:00');
INSERT INTO RestaurantAreas (rname, aname, address, startTime, endTime) VALUES ('Tarmac', 'Kallang', '586 Madelaine Road Singapore 825668', '6:00', '21:00');
INSERT INTO RestaurantAreas (rname, aname, address, startTime, endTime) VALUES ('Tarmac', 'Clementi', '235 Janetta Road Singapore 910937', '8:00', '20:00');
INSERT INTO RestaurantAreas (rname, aname, address, startTime, endTime) VALUES ('Tarmac', 'Woodlands', '35 Staci Road Singapore 515902', '6:00', '18:00');
INSERT INTO RestaurantAreas (rname, aname, address, startTime, endTime) VALUES ('Tarmac', 'Toa Payoh', '772 Genoveva Road Singapore 537182', '8:00', '20:00');
INSERT INTO RestaurantAreas (rname, aname, address, startTime, endTime) VALUES ('Slow & Pulpy', 'Jurong West', '706 Aurea Road Singapore 839068', '8:00', '21:00');
INSERT INTO RestaurantAreas (rname, aname, address, startTime, endTime) VALUES ('Slow & Pulpy', 'Pioneer', '802 Trevor Road Singapore 992890', '7:00', '19:00');
INSERT INTO RestaurantAreas (rname, aname, address, startTime, endTime) VALUES ('Slow & Pulpy', 'Toa Payoh', '181 Gwen Road Singapore 478473', '6:00', '22:00');
INSERT INTO RestaurantAreas (rname, aname, address, startTime, endTime) VALUES ('Slow & Pulpy', 'Kallang', '908 Artie Road Singapore 683194', '10:00', '23:00');
INSERT INTO RestaurantAreas (rname, aname, address, startTime, endTime) VALUES ('Slow & Pulpy', 'Marine Parade', '684 Azzie Road Singapore 976722', '10:00', '21:00');
INSERT INTO RestaurantAreas (rname, aname, address, startTime, endTime) VALUES ('Lambastica', 'Western Islands', '503 Aurea Road Singapore 754277', '8:00', '20:00');
INSERT INTO RestaurantAreas (rname, aname, address, startTime, endTime) VALUES ('Lambastica', 'Straits View', '63 Conception Road Singapore 134682', '8:00', '22:00');
INSERT INTO RestaurantAreas (rname, aname, address, startTime, endTime) VALUES ('Lambastica', 'Simpang', '485 Adriane Road Singapore 813858', '11:00', '21:00');
INSERT INTO RestaurantAreas (rname, aname, address, startTime, endTime) VALUES ('Lambastica', 'Western Water Catchment', '789 Deetta Road Singapore 997137', '6:00', '19:00');
INSERT INTO RestaurantAreas (rname, aname, address, startTime, endTime) VALUES ('Lambastica', 'Toa Payoh', '985 Debby Road Singapore 890945', '8:00', '18:00');
INSERT INTO RestaurantAreas (rname, aname, address, startTime, endTime) VALUES ('The Lunchroom', 'Hougang', '986 Krystle Road Singapore 333740', '9:00', '20:00');
INSERT INTO RestaurantAreas (rname, aname, address, startTime, endTime) VALUES ('The Lunchroom', 'Hougang', '980 Althea Road Singapore 720569', '10:00', '18:00');
INSERT INTO RestaurantAreas (rname, aname, address, startTime, endTime) VALUES ('The Lunchroom', 'Simpang', '645 Merna Road Singapore 185743', '11:00', '21:00');
INSERT INTO RestaurantAreas (rname, aname, address, startTime, endTime) VALUES ('The Lunchroom', 'Novena', '217 Cindie Road Singapore 615625', '9:00', '21:00');
INSERT INTO RestaurantAreas (rname, aname, address, startTime, endTime) VALUES ('The Lunchroom', 'Pasir Ris', '619 Tamela Road Singapore 945676', '8:00', '22:00');
INSERT INTO RestaurantAreas (rname, aname, address, startTime, endTime) VALUES ('Jackie Diamonds', 'Sungei Kadut', '374 Deandrea Road Singapore 600472', '11:00', '20:00');
INSERT INTO RestaurantAreas (rname, aname, address, startTime, endTime) VALUES ('Jackie Diamonds', 'Tanglin', '386 Madelaine Road Singapore 221512', '6:00', '19:00');
INSERT INTO RestaurantAreas (rname, aname, address, startTime, endTime) VALUES ('Jackie Diamonds', 'Rochor', '340 Byron Road Singapore 950936', '10:00', '23:00');
INSERT INTO RestaurantAreas (rname, aname, address, startTime, endTime) VALUES ('Jackie Diamonds', 'Rochor', '258 Scotty Road Singapore 908579', '7:00', '18:00');
INSERT INTO RestaurantAreas (rname, aname, address, startTime, endTime) VALUES ('Jackie Diamonds', 'Woodlands', '42 Kimber Road Singapore 817076', '6:00', '20:00');
INSERT INTO RestaurantAreas (rname, aname, address, startTime, endTime) VALUES ('Phat Kettle O Prawns', 'Singapore River', '789 Krystle Road Singapore 728536', '8:00', '19:00');
INSERT INTO RestaurantAreas (rname, aname, address, startTime, endTime) VALUES ('Phat Kettle O Prawns', 'Southern Islands', '646 Karon Road Singapore 822337', '7:00', '21:00');
INSERT INTO RestaurantAreas (rname, aname, address, startTime, endTime) VALUES ('Phat Kettle O Prawns', 'Woodlands', '935 Magdalena Road Singapore 148097', '11:00', '18:00');
INSERT INTO RestaurantAreas (rname, aname, address, startTime, endTime) VALUES ('Phat Kettle O Prawns', 'Bedok', '425 Rodrigo Road Singapore 654070', '7:00', '22:00');
INSERT INTO RestaurantAreas (rname, aname, address, startTime, endTime) VALUES ('Phat Kettle O Prawns', 'Bedok', '817 Toni Road Singapore 937576', '8:00', '21:00');
INSERT INTO RestaurantAreas (rname, aname, address, startTime, endTime) VALUES ('ExoPlanet', 'Toa Payoh', '647 Blair Road Singapore 963302', '6:00', '21:00');
INSERT INTO RestaurantAreas (rname, aname, address, startTime, endTime) VALUES ('ExoPlanet', 'Toa Payoh', '858 Krystle Road Singapore 710563', '7:00', '19:00');
INSERT INTO RestaurantAreas (rname, aname, address, startTime, endTime) VALUES ('ExoPlanet', 'Tengah', '402 Gregg Road Singapore 688563', '9:00', '21:00');
INSERT INTO RestaurantAreas (rname, aname, address, startTime, endTime) VALUES ('ExoPlanet', 'Rochor', '407 Donya Road Singapore 677461', '10:00', '21:00');
INSERT INTO RestaurantAreas (rname, aname, address, startTime, endTime) VALUES ('ExoPlanet', 'Pasir Ris', '157 Denyse Road Singapore 709186', '10:00', '19:00');
INSERT INTO RestaurantAreas (rname, aname, address, startTime, endTime) VALUES ('Food Haus', 'Marina South', '597 Karina Road Singapore 691146', '9:00', '18:00');
INSERT INTO RestaurantAreas (rname, aname, address, startTime, endTime) VALUES ('Food Haus', 'Outram', '294 Rodger Road Singapore 577356', '11:00', '18:00');
INSERT INTO RestaurantAreas (rname, aname, address, startTime, endTime) VALUES ('Food Haus', 'Bishan', '21 Karon Road Singapore 292411', '9:00', '22:00');
INSERT INTO RestaurantAreas (rname, aname, address, startTime, endTime) VALUES ('Food Haus', 'Central Water Catchment', '914 Alton Road Singapore 251864', '11:00', '21:00');
INSERT INTO RestaurantAreas (rname, aname, address, startTime, endTime) VALUES ('Food Haus', 'Ang Mo Kio', '977 Gregg Road Singapore 433058', '11:00', '23:00');
INSERT INTO RestaurantAreas (rname, aname, address, startTime, endTime) VALUES ('Snark Bite', 'Downtown Core', '584 Tammie Road Singapore 895589', '9:00', '19:00');
INSERT INTO RestaurantAreas (rname, aname, address, startTime, endTime) VALUES ('Snark Bite', 'Lim Chu Kang', '676 Mika Road Singapore 968669', '9:00', '22:00');
INSERT INTO RestaurantAreas (rname, aname, address, startTime, endTime) VALUES ('Snark Bite', 'Jurong East', '86 Gregg Road Singapore 664871', '10:00', '21:00');
INSERT INTO RestaurantAreas (rname, aname, address, startTime, endTime) VALUES ('Snark Bite', 'Downtown Core', '793 Susanne Road Singapore 901889', '7:00', '23:00');
INSERT INTO RestaurantAreas (rname, aname, address, startTime, endTime) VALUES ('Snark Bite', 'Seletar', '813 Tena Road Singapore 596737', '11:00', '23:00');
INSERT INTO RestaurantAreas (rname, aname, address, startTime, endTime) VALUES ('Que', 'Choa Chu Kang', '524 Byron Road Singapore 114400', '11:00', '19:00');
INSERT INTO RestaurantAreas (rname, aname, address, startTime, endTime) VALUES ('Que', 'Novena', '7 Faith Road Singapore 476330', '7:00', '21:00');
INSERT INTO RestaurantAreas (rname, aname, address, startTime, endTime) VALUES ('Que', 'Singapore River', '834 Gwen Road Singapore 670992', '10:00', '19:00');
INSERT INTO RestaurantAreas (rname, aname, address, startTime, endTime) VALUES ('Que', 'Newton', '959 Ricki Road Singapore 911677', '9:00', '23:00');
INSERT INTO RestaurantAreas (rname, aname, address, startTime, endTime) VALUES ('Que', 'Marina East', '315 Sunni Road Singapore 534447', '6:00', '19:00');
INSERT INTO RestaurantAreas (rname, aname, address, startTime, endTime) VALUES ('Meow Meow', 'Southern Islands', '150 Karina Road Singapore 977448', '10:00', '18:00');
INSERT INTO RestaurantAreas (rname, aname, address, startTime, endTime) VALUES ('Meow Meow', 'Tuas', '908 Veola Road Singapore 253471', '9:00', '18:00');
INSERT INTO RestaurantAreas (rname, aname, address, startTime, endTime) VALUES ('Meow Meow', 'Mandai', '823 Raphael Road Singapore 496358', '6:00', '22:00');
INSERT INTO RestaurantAreas (rname, aname, address, startTime, endTime) VALUES ('Meow Meow', 'Boon Lay', '294 Ofelia Road Singapore 547477', '7:00', '22:00');
INSERT INTO RestaurantAreas (rname, aname, address, startTime, endTime) VALUES ('Meow Meow', 'Marina East', '679 Eleanora Road Singapore 444751', '6:00', '19:00');
INSERT INTO RestaurantAreas (rname, aname, address, startTime, endTime) VALUES ('Plastique', 'Western Water Catchment', '662 Bradly Road Singapore 491689', '8:00', '19:00');
INSERT INTO RestaurantAreas (rname, aname, address, startTime, endTime) VALUES ('Plastique', 'Kallang', '928 Jay Road Singapore 932506', '9:00', '18:00');
INSERT INTO RestaurantAreas (rname, aname, address, startTime, endTime) VALUES ('Plastique', 'Straits View', '301 Charolette Road Singapore 830128', '10:00', '20:00');
INSERT INTO RestaurantAreas (rname, aname, address, startTime, endTime) VALUES ('Plastique', 'Jurong East', '986 Tamela Road Singapore 309789', '7:00', '22:00');
INSERT INTO RestaurantAreas (rname, aname, address, startTime, endTime) VALUES ('Plastique', 'Pasir Ris', '790 Raven Road Singapore 166620', '6:00', '22:00');
INSERT INTO RestaurantAreas (rname, aname, address, startTime, endTime) VALUES ('Lotus Boogie', 'Western Water Catchment', '653 Staci Road Singapore 923744', '7:00', '20:00');
INSERT INTO RestaurantAreas (rname, aname, address, startTime, endTime) VALUES ('Lotus Boogie', 'Orchard', '965 Raphael Road Singapore 821226', '7:00', '22:00');
INSERT INTO RestaurantAreas (rname, aname, address, startTime, endTime) VALUES ('Lotus Boogie', 'Marine Parade', '422 Aurea Road Singapore 370117', '7:00', '23:00');
INSERT INTO RestaurantAreas (rname, aname, address, startTime, endTime) VALUES ('Lotus Boogie', 'Jurong East', '151 Fredda Road Singapore 548936', '6:00', '21:00');
INSERT INTO RestaurantAreas (rname, aname, address, startTime, endTime) VALUES ('Lotus Boogie', 'River Valley', '7 Toni Road Singapore 778140', '6:00', '18:00');
INSERT INTO RestaurantAreas (rname, aname, address, startTime, endTime) VALUES ('Taste Tease', 'Downtown Core', '853 Tamela Road Singapore 383758', '7:00', '20:00');
INSERT INTO RestaurantAreas (rname, aname, address, startTime, endTime) VALUES ('Taste Tease', 'Sengkang', '290 Janine Road Singapore 824827', '11:00', '21:00');
INSERT INTO RestaurantAreas (rname, aname, address, startTime, endTime) VALUES ('Taste Tease', 'Simpang', '464 Mika Road Singapore 525610', '8:00', '18:00');
INSERT INTO RestaurantAreas (rname, aname, address, startTime, endTime) VALUES ('Taste Tease', 'Marina South', '71 Krystle Road Singapore 169963', '7:00', '22:00');
INSERT INTO RestaurantAreas (rname, aname, address, startTime, endTime) VALUES ('Taste Tease', 'Straits View', '977 Ricki Road Singapore 558653', '10:00', '21:00');
INSERT INTO RestaurantAreas (rname, aname, address, startTime, endTime) VALUES ('Aroma Borealis', 'Jurong West', '296 Susanne Road Singapore 205718', '8:00', '19:00');
INSERT INTO RestaurantAreas (rname, aname, address, startTime, endTime) VALUES ('Aroma Borealis', 'Pasir Ris', '181 Mika Road Singapore 221387', '11:00', '22:00');
INSERT INTO RestaurantAreas (rname, aname, address, startTime, endTime) VALUES ('Aroma Borealis', 'Punggol', '584 Stephani Road Singapore 469260', '9:00', '23:00');
INSERT INTO RestaurantAreas (rname, aname, address, startTime, endTime) VALUES ('Aroma Borealis', 'Toa Payoh', '731 Gregg Road Singapore 960144', '7:00', '22:00');
INSERT INTO RestaurantAreas (rname, aname, address, startTime, endTime) VALUES ('Aroma Borealis', 'Straits View', '210 Conception Road Singapore 359631', '9:00', '21:00');
INSERT INTO RestaurantAreas (rname, aname, address, startTime, endTime) VALUES ('Tersanki', 'Tuas', '922 Kathy Road Singapore 104027', '11:00', '20:00');
INSERT INTO RestaurantAreas (rname, aname, address, startTime, endTime) VALUES ('Tersanki', 'Toa Payoh', '515 Oma Road Singapore 782880', '6:00', '18:00');
INSERT INTO RestaurantAreas (rname, aname, address, startTime, endTime) VALUES ('Tersanki', 'Choa Chu Kang', '689 Joana Road Singapore 888168', '7:00', '19:00');
INSERT INTO RestaurantAreas (rname, aname, address, startTime, endTime) VALUES ('Tersanki', 'Simpang', '916 Aurea Road Singapore 978261', '11:00', '20:00');
INSERT INTO RestaurantAreas (rname, aname, address, startTime, endTime) VALUES ('Tersanki', 'Rochor', '215 Devon Road Singapore 934241', '6:00', '20:00');
INSERT INTO RestaurantAreas (rname, aname, address, startTime, endTime) VALUES ('Coffee Cat', 'Changi', '810 Mika Road Singapore 141325', '8:00', '21:00');
INSERT INTO RestaurantAreas (rname, aname, address, startTime, endTime) VALUES ('Coffee Cat', 'Marine Parade', '57 Kimberley Road Singapore 135906', '11:00', '21:00');
INSERT INTO RestaurantAreas (rname, aname, address, startTime, endTime) VALUES ('Coffee Cat', 'Clementi', '843 Tamela Road Singapore 808303', '8:00', '21:00');
INSERT INTO RestaurantAreas (rname, aname, address, startTime, endTime) VALUES ('Coffee Cat', 'Sungei Kadut', '847 Rosalee Road Singapore 211546', '8:00', '23:00');
INSERT INTO RestaurantAreas (rname, aname, address, startTime, endTime) VALUES ('Coffee Cat', 'Simpang', '595 Toni Road Singapore 557207', '8:00', '22:00');
INSERT INTO RestaurantAreas (rname, aname, address, startTime, endTime) VALUES ('Quick Licks', 'Bukit Timah', '190 Madelaine Road Singapore 110267', '7:00', '21:00');
INSERT INTO RestaurantAreas (rname, aname, address, startTime, endTime) VALUES ('Quick Licks', 'Ang Mo Kio', '261 Carlotta Road Singapore 542936', '11:00', '18:00');
INSERT INTO RestaurantAreas (rname, aname, address, startTime, endTime) VALUES ('Quick Licks', 'Paya Lebar', '189 Stephani Road Singapore 426329', '9:00', '22:00');
INSERT INTO RestaurantAreas (rname, aname, address, startTime, endTime) VALUES ('Quick Licks', 'Woodlands', '22 Madge Road Singapore 740366', '6:00', '21:00');
INSERT INTO RestaurantAreas (rname, aname, address, startTime, endTime) VALUES ('Quick Licks', 'Boon Lay', '214 Elanor Road Singapore 666761', '6:00', '18:00');
INSERT INTO RestaurantAreas (rname, aname, address, startTime, endTime) VALUES ('Crustatia', 'Ang Mo Kio', '485 Connie Road Singapore 306857', '10:00', '23:00');
INSERT INTO RestaurantAreas (rname, aname, address, startTime, endTime) VALUES ('Crustatia', 'Woodlands', '634 Janine Road Singapore 579688', '9:00', '23:00');
INSERT INTO RestaurantAreas (rname, aname, address, startTime, endTime) VALUES ('Crustatia', 'Seletar', '71 Madlyn Road Singapore 201678', '9:00', '18:00');
INSERT INTO RestaurantAreas (rname, aname, address, startTime, endTime) VALUES ('Crustatia', 'Yishun', '81 Trevor Road Singapore 622878', '11:00', '20:00');
INSERT INTO RestaurantAreas (rname, aname, address, startTime, endTime) VALUES ('Crustatia', 'Sengkang', '90 Karina Road Singapore 875335', '8:00', '18:00');
INSERT INTO RestaurantAreas (rname, aname, address, startTime, endTime) VALUES ('The Running Monk', 'Punggol', '127 Eleanora Road Singapore 835973', '9:00', '18:00');
INSERT INTO RestaurantAreas (rname, aname, address, startTime, endTime) VALUES ('The Running Monk', 'Bukit Timah', '974 Blair Road Singapore 658969', '6:00', '18:00');
INSERT INTO RestaurantAreas (rname, aname, address, startTime, endTime) VALUES ('The Running Monk', 'Serangoon', '500 Madge Road Singapore 740537', '11:00', '23:00');
INSERT INTO RestaurantAreas (rname, aname, address, startTime, endTime) VALUES ('The Running Monk', 'Seletar', '863 Madge Road Singapore 819010', '11:00', '22:00');
INSERT INTO RestaurantAreas (rname, aname, address, startTime, endTime) VALUES ('The Running Monk', 'Bukit Batok', '781 Connie Road Singapore 530792', '10:00', '23:00');
INSERT INTO RestaurantAreas (rname, aname, address, startTime, endTime) VALUES ('The Glassy Eye', 'Bukit Timah', '565 Cindie Road Singapore 499884', '10:00', '21:00');
INSERT INTO RestaurantAreas (rname, aname, address, startTime, endTime) VALUES ('The Glassy Eye', 'North-Eastern Islands', '236 Tammie Road Singapore 252790', '6:00', '18:00');
INSERT INTO RestaurantAreas (rname, aname, address, startTime, endTime) VALUES ('The Glassy Eye', 'Woodlands', '597 Karina Road Singapore 131544', '7:00', '23:00');
INSERT INTO RestaurantAreas (rname, aname, address, startTime, endTime) VALUES ('The Glassy Eye', 'Jurong East', '823 Everett Road Singapore 264361', '7:00', '23:00');
INSERT INTO RestaurantAreas (rname, aname, address, startTime, endTime) VALUES ('The Glassy Eye', 'Central Water Catchment', '303 Kathy Road Singapore 762805', '10:00', '22:00');
INSERT INTO RestaurantAreas (rname, aname, address, startTime, endTime) VALUES ('The Spigot', 'Hougang', '921 Scotty Road Singapore 755765', '7:00', '23:00');
INSERT INTO RestaurantAreas (rname, aname, address, startTime, endTime) VALUES ('The Spigot', 'Paya Lebar', '306 Tena Road Singapore 958243', '10:00', '23:00');
INSERT INTO RestaurantAreas (rname, aname, address, startTime, endTime) VALUES ('The Spigot', 'Tanglin', '829 Karina Road Singapore 562288', '7:00', '23:00');
INSERT INTO RestaurantAreas (rname, aname, address, startTime, endTime) VALUES ('The Spigot', 'Tengah', '704 Kathy Road Singapore 462813', '10:00', '20:00');
INSERT INTO RestaurantAreas (rname, aname, address, startTime, endTime) VALUES ('The Spigot', 'Tuas', '137 Christiana Road Singapore 307539', '11:00', '23:00');
INSERT INTO RestaurantAreas (rname, aname, address, startTime, endTime) VALUES ('Passion Pork', 'Southern Islands', '455 Tena Road Singapore 196276', '6:00', '18:00');
INSERT INTO RestaurantAreas (rname, aname, address, startTime, endTime) VALUES ('Passion Pork', 'Marine Parade', '636 Stephani Road Singapore 674090', '9:00', '20:00');
INSERT INTO RestaurantAreas (rname, aname, address, startTime, endTime) VALUES ('Passion Pork', 'Orchard', '197 Cory Road Singapore 858998', '10:00', '22:00');
INSERT INTO RestaurantAreas (rname, aname, address, startTime, endTime) VALUES ('Passion Pork', 'Straits View', '152 Joana Road Singapore 140802', '9:00', '22:00');
INSERT INTO RestaurantAreas (rname, aname, address, startTime, endTime) VALUES ('Passion Pork', 'Bukit Panjang', '947 Ken Road Singapore 456806', '7:00', '20:00');
INSERT INTO Food (fname, cname) VALUES ('Pizza', 'Italian');
INSERT INTO Food (fname, cname) VALUES ('Pasta', 'Italian');
INSERT INTO Food (fname, cname) VALUES ('Penne', 'Italian');
INSERT INTO Food (fname, cname) VALUES ('Carne', 'Italian');
INSERT INTO Food (fname, cname) VALUES ('Verdura', 'Italian');
INSERT INTO Food (fname, cname) VALUES ('Formaggi', 'Italian');
INSERT INTO Food (fname, cname) VALUES ('Biscotti', 'Italian');
INSERT INTO Food (fname, cname) VALUES ('Ravioli', 'Italian');
INSERT INTO Food (fname, cname) VALUES ('Lasagne', 'Italian');
INSERT INTO Food (fname, cname) VALUES ('Tortellini', 'Italian');
INSERT INTO Food (fname, cname) VALUES ('Burrito', 'Mexican');
INSERT INTO Food (fname, cname) VALUES ('Chalupa', 'Mexican');
INSERT INTO Food (fname, cname) VALUES ('Enchilada', 'Mexican');
INSERT INTO Food (fname, cname) VALUES ('Fajitas', 'Mexican');
INSERT INTO Food (fname, cname) VALUES ('Quesadillas', 'Mexican');
INSERT INTO Food (fname, cname) VALUES ('Salsa', 'Mexican');
INSERT INTO Food (fname, cname) VALUES ('Barbacoa', 'Mexican');
INSERT INTO Food (fname, cname) VALUES ('Frijoles', 'Mexican');
INSERT INTO Food (fname, cname) VALUES ('Churros', 'Mexican');
INSERT INTO Food (fname, cname) VALUES ('Taco', 'Mexican');
INSERT INTO Food (fname, cname) VALUES ('Fried noodles', 'Chinese');
INSERT INTO Food (fname, cname) VALUES ('Fried rice', 'Chinese');
INSERT INTO Food (fname, cname) VALUES ('Braised pork', 'Chinese');
INSERT INTO Food (fname, cname) VALUES ('Char siu', 'Chinese');
INSERT INTO Food (fname, cname) VALUES ('Peking duck', 'Chinese');
INSERT INTO Food (fname, cname) VALUES ('Mongolian lamb', 'Chinese');
INSERT INTO Food (fname, cname) VALUES ('Dim sum', 'Chinese');
INSERT INTO Food (fname, cname) VALUES ('Wonton', 'Chinese');
INSERT INTO Food (fname, cname) VALUES ('Mooncake', 'Chinese');
INSERT INTO Food (fname, cname) VALUES ('Congee', 'Chinese');
INSERT INTO Food (fname, cname) VALUES ('Biryani', 'Indian');
INSERT INTO Food (fname, cname) VALUES ('Chapati', 'Indian');
INSERT INTO Food (fname, cname) VALUES ('Chicken tikka', 'Indian');
INSERT INTO Food (fname, cname) VALUES ('Dal', 'Indian');
INSERT INTO Food (fname, cname) VALUES ('Appam', 'Indian');
INSERT INTO Food (fname, cname) VALUES ('Disa', 'Indian');
INSERT INTO Food (fname, cname) VALUES ('Puttu', 'Indian');
INSERT INTO Food (fname, cname) VALUES ('Chaat', 'Indian');
INSERT INTO Food (fname, cname) VALUES ('Prata', 'Indian');
INSERT INTO Food (fname, cname) VALUES ('Butter chicken', 'Indian');
INSERT INTO Food (fname, cname) VALUES ('Sushi', 'Japanese');
INSERT INTO Food (fname, cname) VALUES ('Sashimi', 'Japanese');
INSERT INTO Food (fname, cname) VALUES ('Miso soup', 'Japanese');
INSERT INTO Food (fname, cname) VALUES ('Mochi', 'Japanese');
INSERT INTO Food (fname, cname) VALUES ('Onigiri', 'Japanese');
INSERT INTO Food (fname, cname) VALUES ('Oyakodon', 'Japanese');
INSERT INTO Food (fname, cname) VALUES ('Ramen', 'Japanese');
INSERT INTO Food (fname, cname) VALUES ('Udon', 'Japanese');
INSERT INTO Food (fname, cname) VALUES ('Soba', 'Japanese');
INSERT INTO Food (fname, cname) VALUES ('Gyoza', 'Japanese');
INSERT INTO Food (fname, cname) VALUES ('Greek salad', 'Greek');
INSERT INTO Food (fname, cname) VALUES ('Dakos', 'Greek');
INSERT INTO Food (fname, cname) VALUES ('Pita', 'Greek');
INSERT INTO Food (fname, cname) VALUES ('GGyros', 'Greek');
INSERT INTO Food (fname, cname) VALUES ('Mydia', 'Greek');
INSERT INTO Food (fname, cname) VALUES ('Pastitsio', 'Greek');
INSERT INTO Food (fname, cname) VALUES ('Bougatsa', 'Greek');
INSERT INTO Food (fname, cname) VALUES ('Diples', 'Greek');
INSERT INTO Food (fname, cname) VALUES ('Finikia', 'Greek');
INSERT INTO Food (fname, cname) VALUES ('Lazarakia', 'Greek');
INSERT INTO Food (fname, cname) VALUES ('Paella', 'Spanish');
INSERT INTO Food (fname, cname) VALUES ('Coca', 'Spanish');
INSERT INTO Food (fname, cname) VALUES ('Pincho', 'Spanish');
INSERT INTO Food (fname, cname) VALUES ('Polvoron', 'Spanish');
INSERT INTO Food (fname, cname) VALUES ('Cocido', 'Spanish');
INSERT INTO Food (fname, cname) VALUES ('Escudella', 'Spanish');
INSERT INTO Food (fname, cname) VALUES ('Gazpacho', 'Spanish');
INSERT INTO Food (fname, cname) VALUES ('Pisto', 'Spanish');
INSERT INTO Food (fname, cname) VALUES ('Paprika', 'Spanish');
INSERT INTO Food (fname, cname) VALUES ('Churrosi', 'Spanish');
INSERT INTO Food (fname, cname) VALUES ('Baguette', 'French');
INSERT INTO Food (fname, cname) VALUES ('Croissant', 'French');
INSERT INTO Food (fname, cname) VALUES ('Eclair', 'French');
INSERT INTO Food (fname, cname) VALUES ('Macarons', 'French');
INSERT INTO Food (fname, cname) VALUES ('Souffle', 'French');
INSERT INTO Food (fname, cname) VALUES ('Escargot', 'French');
INSERT INTO Food (fname, cname) VALUES ('Tripoux', 'French');
INSERT INTO Food (fname, cname) VALUES ('Brandade', 'French');
INSERT INTO Food (fname, cname) VALUES ('Callisson', 'French');
INSERT INTO Food (fname, cname) VALUES ('Panisses', 'French');
INSERT INTO Food (fname, cname) VALUES ('Khao kha mu', 'Thai');
INSERT INTO Food (fname, cname) VALUES ('Khao man gai', 'Thai');
INSERT INTO Food (fname, cname) VALUES ('Bami haeng pet', 'Thai');
INSERT INTO Food (fname, cname) VALUES ('Khanom jeen nam yaa', 'Thai');
INSERT INTO Food (fname, cname) VALUES ('Khao soi Mae Sai', 'Thai');
INSERT INTO Food (fname, cname) VALUES ('Kuaichap', 'Thai');
INSERT INTO Food (fname, cname) VALUES ('Mi krop', 'Thai');
INSERT INTO Food (fname, cname) VALUES ('Tom yam boran', 'Thai');
INSERT INTO Food (fname, cname) VALUES ('Chim chum', 'Thai');
INSERT INTO Food (fname, cname) VALUES ('Chin hum', 'Thai');
INSERT INTO Food (fname, cname) VALUES ('Banh canh', 'Vietnamese');
INSERT INTO Food (fname, cname) VALUES ('Pho', 'Vietnamese');
INSERT INTO Food (fname, cname) VALUES ('Cao lau', 'Vietnamese');
INSERT INTO Food (fname, cname) VALUES ('Mi Quang', 'Vietnamese');
INSERT INTO Food (fname, cname) VALUES ('Banh bao', 'Vietnamese');
INSERT INTO Food (fname, cname) VALUES ('Banh phu the', 'Vietnamese');
INSERT INTO Food (fname, cname) VALUES ('Banh beo', 'Vietnamese');
INSERT INTO Food (fname, cname) VALUES ('Goi cuon', 'Vietnamese');
INSERT INTO Food (fname, cname) VALUES ('Thit Kho Tau', 'Vietnamese');
INSERT INTO Food (fname, cname) VALUES ('Gio lua', 'Vietnamese');
INSERT INTO Food (fname, cname) VALUES ('Bulgogi', 'Korean');
INSERT INTO Food (fname, cname) VALUES ('Dak galbi', 'Korean');
INSERT INTO Food (fname, cname) VALUES ('Bossam', 'Korean');
INSERT INTO Food (fname, cname) VALUES ('Makchang', 'Korean');
INSERT INTO Food (fname, cname) VALUES ('Namul', 'Korean');
INSERT INTO Food (fname, cname) VALUES ('Kimchi', 'Korean');
INSERT INTO Food (fname, cname) VALUES ('Jjigae', 'Korean');
INSERT INTO Food (fname, cname) VALUES ('Bibimbap', 'Korean');
INSERT INTO Food (fname, cname) VALUES ('Burungji', 'Korean');
INSERT INTO Food (fname, cname) VALUES ('Samgyeopsal', 'Korean');
INSERT INTO Food (fname, cname) VALUES ('Arab salad', 'Vegetarian');
INSERT INTO Food (fname, cname) VALUES ('Caesar salad', 'Vegetarian');
INSERT INTO Food (fname, cname) VALUES ('Carrot salad', 'Vegetarian');
INSERT INTO Food (fname, cname) VALUES ('Cucumber soup', 'Vegetarian');
INSERT INTO Food (fname, cname) VALUES ('Spinach salad', 'Vegetarian');
INSERT INTO Food (fname, cname) VALUES ('Potato salad', 'Vegetarian');
INSERT INTO Food (fname, cname) VALUES ('Israeli salad', 'Vegetarian');
INSERT INTO Food (fname, cname) VALUES ('Vegetable chips', 'Vegetarian');
INSERT INTO Food (fname, cname) VALUES ('Vegetable soup', 'Vegetarian');
INSERT INTO Food (fname, cname) VALUES ('Vegetable sandwich', 'Vegetarian');
INSERT INTO Food (fname, cname) VALUES ('Burger', 'American');
INSERT INTO Food (fname, cname) VALUES ('Fries', 'American');
INSERT INTO Food (fname, cname) VALUES ('Fried chicken', 'American');
INSERT INTO Food (fname, cname) VALUES ('Waffles', 'American');
INSERT INTO Food (fname, cname) VALUES ('Steak', 'American');
INSERT INTO Food (fname, cname) VALUES ('Fried ice cream', 'American');
INSERT INTO Food (fname, cname) VALUES ('Peanut butter and jelly sandwiches', 'American');
INSERT INTO Food (fname, cname) VALUES ('Cola', 'American');
INSERT INTO Food (fname, cname) VALUES ('Cereal', 'American');
INSERT INTO Food (fname, cname) VALUES ('Pancakes', 'American');
INSERT INTO Food (fname, cname) VALUES ('Apfelkuchen', 'German');
INSERT INTO Food (fname, cname) VALUES ('Bratwurst', 'German');
INSERT INTO Food (fname, cname) VALUES ('Hasenpfeffer', 'German');
INSERT INTO Food (fname, cname) VALUES ('Kohlroulade', 'German');
INSERT INTO Food (fname, cname) VALUES ('Sauerkraut', 'German');
INSERT INTO Food (fname, cname) VALUES ('Maultaschen', 'German');
INSERT INTO Food (fname, cname) VALUES ('Schupfnudel', 'German');
INSERT INTO Food (fname, cname) VALUES ('Wibele', 'German');
INSERT INTO Food (fname, cname) VALUES ('Bierwurst', 'German');
INSERT INTO Food (fname, cname) VALUES ('Bayrisch Kraut', 'German');
INSERT INTO Food (fname, cname) VALUES ('Sushi buritto', 'Fusion');
INSERT INTO Food (fname, cname) VALUES ('Sushi pizza', 'Fusion');
INSERT INTO Food (fname, cname) VALUES ('Pineapple pizza', 'Fusion');
INSERT INTO Food (fname, cname) VALUES ('Noodle samosa', 'Fusion');
INSERT INTO Food (fname, cname) VALUES ('Chocolate Nachos', 'Fusion');
INSERT INTO Food (fname, cname) VALUES ('Salsa cheese doughnuts', 'Fusion');
INSERT INTO Food (fname, cname) VALUES ('Caviar burger', 'Fusion');
INSERT INTO Food (fname, cname) VALUES ('Chinese pizza', 'Fusion');
INSERT INTO Food (fname, cname) VALUES ('Ras malai cake', 'Fusion');
INSERT INTO Food (fname, cname) VALUES ('Avocado kalakkand', 'Fusion');
INSERT INTO Food (fname, cname) VALUES ('Beef Stroganoff', 'Russian');
INSERT INTO Food (fname, cname) VALUES ('Chicken Kiev', 'Russian');
INSERT INTO Food (fname, cname) VALUES ('Caviar', 'Russian');
INSERT INTO Food (fname, cname) VALUES ('Dressed herring', 'Russian');
INSERT INTO Food (fname, cname) VALUES ('Guriev porridge', 'Russian');
INSERT INTO Food (fname, cname) VALUES ('Kholodets', 'Russian');
INSERT INTO Food (fname, cname) VALUES ('Pelmeni', 'Russian');
INSERT INTO Food (fname, cname) VALUES ('Pozharsky cutlet', 'Russian');
INSERT INTO Food (fname, cname) VALUES ('Solyanka', 'Russian');
INSERT INTO Food (fname, cname) VALUES ('Vatrushka', 'Russian');
INSERT INTO Food (fname, cname) VALUES ('Brownies', 'Desert');
INSERT INTO Food (fname, cname) VALUES ('Cake', 'Desert');
INSERT INTO Food (fname, cname) VALUES ('Cheesecake', 'Desert');
INSERT INTO Food (fname, cname) VALUES ('Chocolate', 'Desert');
INSERT INTO Food (fname, cname) VALUES ('Doughnuts', 'Desert');
INSERT INTO Food (fname, cname) VALUES ('Cookies', 'Desert');
INSERT INTO Food (fname, cname) VALUES ('Biscuits', 'Desert');
INSERT INTO Food (fname, cname) VALUES ('Muffin', 'Desert');
INSERT INTO Food (fname, cname) VALUES ('Cupcake', 'Desert');
INSERT INTO Food (fname, cname) VALUES ('Apple pie', 'Desert');
INSERT INTO Food (fname, cname) VALUES ('Chicken rice', 'Singaporean');
INSERT INTO Food (fname, cname) VALUES ('Bak chor mee', 'Singaporean');
INSERT INTO Food (fname, cname) VALUES ('Mee pok', 'Singaporean');
INSERT INTO Food (fname, cname) VALUES ('Mee siam', 'Singaporean');
INSERT INTO Food (fname, cname) VALUES ('Ban mian', 'Singaporean');
INSERT INTO Food (fname, cname) VALUES ('Bak kut teh', 'Singaporean');
INSERT INTO Food (fname, cname) VALUES ('Satay', 'Singaporean');
INSERT INTO Food (fname, cname) VALUES ('Fish head curry', 'Singaporean');
INSERT INTO Food (fname, cname) VALUES ('Chilli crab', 'Singaporean');
INSERT INTO Food (fname, cname) VALUES ('Kaya toast', 'Singaporean');
INSERT INTO Food (fname, cname) VALUES ('Ayam bakar', 'Indonesian');
INSERT INTO Food (fname, cname) VALUES ('Ayam Penyet', 'Indonesian');
INSERT INTO Food (fname, cname) VALUES ('Babi panggang', 'Indonesian');
INSERT INTO Food (fname, cname) VALUES ('Bubur ayam', 'Indonesian');
INSERT INTO Food (fname, cname) VALUES ('Gado-gado', 'Indonesian');
INSERT INTO Food (fname, cname) VALUES ('Gulai', 'Indonesian');
INSERT INTO Food (fname, cname) VALUES ('Ikan goreng', 'Indonesian');
INSERT INTO Food (fname, cname) VALUES ('Ketupat', 'Indonesian');
INSERT INTO Food (fname, cname) VALUES ('Lontong', 'Indonesian');
INSERT INTO Food (fname, cname) VALUES ('Rendang', 'Indonesian');
INSERT INTO Food (fname, cname) VALUES ('Sinigang', 'Filipino');
INSERT INTO Food (fname, cname) VALUES ('Humba', 'Filipino');
INSERT INTO Food (fname, cname) VALUES ('Inun-unan', 'Filipino');
INSERT INTO Food (fname, cname) VALUES ('Limpia', 'Filipino');
INSERT INTO Food (fname, cname) VALUES ('Morcon', 'Filipino');
INSERT INTO Food (fname, cname) VALUES ('Pinangat', 'Filipino');
INSERT INTO Food (fname, cname) VALUES ('Sisig', 'Filipino');
INSERT INTO Food (fname, cname) VALUES ('Torta', 'Filipino');
INSERT INTO Food (fname, cname) VALUES ('Balut', 'Filipino');
INSERT INTO Food (fname, cname) VALUES ('Pancit palabok', 'Filipino');
INSERT INTO Sells (rname, fname, price) VALUES ('Peace Meal', 'Brandade', '36.1');
INSERT INTO Sells (rname, fname, price) VALUES ('Peace Meal', 'Baguette', '9.87');
INSERT INTO Sells (rname, fname, price) VALUES ('Peace Meal', 'Escargot', '4.78');
INSERT INTO Sells (rname, fname, price) VALUES ('Peace Meal', 'Macarons', '36.24');
INSERT INTO Sells (rname, fname, price) VALUES ('Peace Meal', 'Callisson', '34.01');
INSERT INTO Sells (rname, fname, price) VALUES ('Peace Meal', 'Croissant', '8.72');
INSERT INTO Sells (rname, fname, price) VALUES ('Peace Meal', 'Souffle', '36.54');
INSERT INTO Sells (rname, fname, price) VALUES ('Waffle Stomper', 'Sisig', '39.9');
INSERT INTO Sells (rname, fname, price) VALUES ('Waffle Stomper', 'Pinangat', '38.67');
INSERT INTO Sells (rname, fname, price) VALUES ('Waffle Stomper', 'Limpia', '42.63');
INSERT INTO Sells (rname, fname, price) VALUES ('Waffle Stomper', 'Balut', '37.61');
INSERT INTO Sells (rname, fname, price) VALUES ('Waffle Stomper', 'Pancit palabok', '25.05');
INSERT INTO Sells (rname, fname, price) VALUES ('Waffle Stomper', 'Morcon', '14.17');
INSERT INTO Sells (rname, fname, price) VALUES ('Waffle Stomper', 'Sinigang', '26.23');
INSERT INTO Sells (rname, fname, price) VALUES ('Zuke', 'Panisses', '11.46');
INSERT INTO Sells (rname, fname, price) VALUES ('Zuke', 'Tripoux', '18.8');
INSERT INTO Sells (rname, fname, price) VALUES ('Zuke', 'Croissant', '30.16');
INSERT INTO Sells (rname, fname, price) VALUES ('Zuke', 'Macarons', '8.31');
INSERT INTO Sells (rname, fname, price) VALUES ('Zuke', 'Escargot', '27.69');
INSERT INTO Sells (rname, fname, price) VALUES ('Zuke', 'Eclair', '24.09');
INSERT INTO Sells (rname, fname, price) VALUES ('Zuke', 'Callisson', '25.52');
INSERT INTO Sells (rname, fname, price) VALUES ('Bob Mutton', 'Formaggi', '10.44');
INSERT INTO Sells (rname, fname, price) VALUES ('Bob Mutton', 'Penne', '9.97');
INSERT INTO Sells (rname, fname, price) VALUES ('Bob Mutton', 'Ravioli', '43.9');
INSERT INTO Sells (rname, fname, price) VALUES ('Bob Mutton', 'Biscotti', '48.27');
INSERT INTO Sells (rname, fname, price) VALUES ('Bob Mutton', 'Pasta', '9.42');
INSERT INTO Sells (rname, fname, price) VALUES ('Bob Mutton', 'Verdura', '22.58');
INSERT INTO Sells (rname, fname, price) VALUES ('Bob Mutton', 'Tortellini', '39.79');
INSERT INTO Sells (rname, fname, price) VALUES ('Food Frolic', 'Banh canh', '40.47');
INSERT INTO Sells (rname, fname, price) VALUES ('Food Frolic', 'Pho', '16.31');
INSERT INTO Sells (rname, fname, price) VALUES ('Food Frolic', 'Banh bao', '12.93');
INSERT INTO Sells (rname, fname, price) VALUES ('Food Frolic', 'Thit Kho Tau', '22.18');
INSERT INTO Sells (rname, fname, price) VALUES ('Food Frolic', 'Banh beo', '47.93');
INSERT INTO Sells (rname, fname, price) VALUES ('Food Frolic', 'Gio lua', '23.38');
INSERT INTO Sells (rname, fname, price) VALUES ('Food Frolic', 'Goi cuon', '22.4');
INSERT INTO Sells (rname, fname, price) VALUES ('Minga', 'Mydia', '26.03');
INSERT INTO Sells (rname, fname, price) VALUES ('Minga', 'Finikia', '29.09');
INSERT INTO Sells (rname, fname, price) VALUES ('Minga', 'Diples', '16.96');
INSERT INTO Sells (rname, fname, price) VALUES ('Minga', 'Dakos', '13.65');
INSERT INTO Sells (rname, fname, price) VALUES ('Minga', 'Greek salad', '6.35');
INSERT INTO Sells (rname, fname, price) VALUES ('Minga', 'Pastitsio', '44.66');
INSERT INTO Sells (rname, fname, price) VALUES ('Minga', 'GGyros', '29.82');
INSERT INTO Sells (rname, fname, price) VALUES ('The Raspy Magpie', 'Torta', '11.18');
INSERT INTO Sells (rname, fname, price) VALUES ('The Raspy Magpie', 'Morcon', '49.0');
INSERT INTO Sells (rname, fname, price) VALUES ('The Raspy Magpie', 'Limpia', '2.21');
INSERT INTO Sells (rname, fname, price) VALUES ('The Raspy Magpie', 'Humba', '4.71');
INSERT INTO Sells (rname, fname, price) VALUES ('The Raspy Magpie', 'Pancit palabok', '34.06');
INSERT INTO Sells (rname, fname, price) VALUES ('The Raspy Magpie', 'Inun-unan', '34.01');
INSERT INTO Sells (rname, fname, price) VALUES ('The Raspy Magpie', 'Sinigang', '16.03');
INSERT INTO Sells (rname, fname, price) VALUES ('Unit Socrates', 'Steak', '32.91');
INSERT INTO Sells (rname, fname, price) VALUES ('Unit Socrates', 'Fries', '14.42');
INSERT INTO Sells (rname, fname, price) VALUES ('Unit Socrates', 'Cola', '33.52');
INSERT INTO Sells (rname, fname, price) VALUES ('Unit Socrates', 'Burger', '35.95');
INSERT INTO Sells (rname, fname, price) VALUES ('Unit Socrates', 'Cereal', '41.6');
INSERT INTO Sells (rname, fname, price) VALUES ('Unit Socrates', 'Fried chicken', '29.21');
INSERT INTO Sells (rname, fname, price) VALUES ('Unit Socrates', 'Pancakes', '8.57');
INSERT INTO Sells (rname, fname, price) VALUES ('Ozean', 'Spinach salad', '32.96');
INSERT INTO Sells (rname, fname, price) VALUES ('Ozean', 'Vegetable chips', '39.83');
INSERT INTO Sells (rname, fname, price) VALUES ('Ozean', 'Arab salad', '23.32');
INSERT INTO Sells (rname, fname, price) VALUES ('Ozean', 'Potato salad', '23.45');
INSERT INTO Sells (rname, fname, price) VALUES ('Ozean', 'Vegetable sandwich', '8.01');
INSERT INTO Sells (rname, fname, price) VALUES ('Ozean', 'Caesar salad', '23.35');
INSERT INTO Sells (rname, fname, price) VALUES ('Ozean', 'Carrot salad', '5.83');
INSERT INTO Sells (rname, fname, price) VALUES ('The Crazy Crawfish', 'Eclair', '22.62');
INSERT INTO Sells (rname, fname, price) VALUES ('The Crazy Crawfish', 'Tripoux', '39.15');
INSERT INTO Sells (rname, fname, price) VALUES ('The Crazy Crawfish', 'Escargot', '47.33');
INSERT INTO Sells (rname, fname, price) VALUES ('The Crazy Crawfish', 'Brandade', '47.04');
INSERT INTO Sells (rname, fname, price) VALUES ('The Crazy Crawfish', 'Croissant', '26.63');
INSERT INTO Sells (rname, fname, price) VALUES ('The Crazy Crawfish', 'Macarons', '27.86');
INSERT INTO Sells (rname, fname, price) VALUES ('The Crazy Crawfish', 'Callisson', '8.95');
INSERT INTO Sells (rname, fname, price) VALUES ('Cornpone Castle', 'Ravioli', '29.13');
INSERT INTO Sells (rname, fname, price) VALUES ('Cornpone Castle', 'Formaggi', '37.03');
INSERT INTO Sells (rname, fname, price) VALUES ('Cornpone Castle', 'Lasagne', '26.77');
INSERT INTO Sells (rname, fname, price) VALUES ('Cornpone Castle', 'Pasta', '4.78');
INSERT INTO Sells (rname, fname, price) VALUES ('Cornpone Castle', 'Carne', '23.44');
INSERT INTO Sells (rname, fname, price) VALUES ('Cornpone Castle', 'Verdura', '19.34');
INSERT INTO Sells (rname, fname, price) VALUES ('Cornpone Castle', 'Tortellini', '43.53');
INSERT INTO Sells (rname, fname, price) VALUES ('Lyricalia', 'Khao kha mu', '15.8');
INSERT INTO Sells (rname, fname, price) VALUES ('Lyricalia', 'Khanom jeen nam yaa', '8.25');
INSERT INTO Sells (rname, fname, price) VALUES ('Lyricalia', 'Khao soi Mae Sai', '45.89');
INSERT INTO Sells (rname, fname, price) VALUES ('Lyricalia', 'Khao man gai', '36.13');
INSERT INTO Sells (rname, fname, price) VALUES ('Lyricalia', 'Chim chum', '3.14');
INSERT INTO Sells (rname, fname, price) VALUES ('Lyricalia', 'Kuaichap', '5.92');
INSERT INTO Sells (rname, fname, price) VALUES ('Lyricalia', 'Mi krop', '12.03');
INSERT INTO Sells (rname, fname, price) VALUES ('Quickie Lickie', 'Solyanka', '44.95');
INSERT INTO Sells (rname, fname, price) VALUES ('Quickie Lickie', 'Beef Stroganoff', '40.6');
INSERT INTO Sells (rname, fname, price) VALUES ('Quickie Lickie', 'Pelmeni', '19.37');
INSERT INTO Sells (rname, fname, price) VALUES ('Quickie Lickie', 'Pozharsky cutlet', '6.13');
INSERT INTO Sells (rname, fname, price) VALUES ('Quickie Lickie', 'Chicken Kiev', '12.69');
INSERT INTO Sells (rname, fname, price) VALUES ('Quickie Lickie', 'Kholodets', '18.57');
INSERT INTO Sells (rname, fname, price) VALUES ('Quickie Lickie', 'Guriev porridge', '15.77');
INSERT INTO Sells (rname, fname, price) VALUES ('Prawn Phreak', 'Quesadillas', '7.83');
INSERT INTO Sells (rname, fname, price) VALUES ('Prawn Phreak', 'Salsa', '7.55');
INSERT INTO Sells (rname, fname, price) VALUES ('Prawn Phreak', 'Enchilada', '41.87');
INSERT INTO Sells (rname, fname, price) VALUES ('Prawn Phreak', 'Barbacoa', '34.96');
INSERT INTO Sells (rname, fname, price) VALUES ('Prawn Phreak', 'Chalupa', '42.77');
INSERT INTO Sells (rname, fname, price) VALUES ('Prawn Phreak', 'Churros', '24.12');
INSERT INTO Sells (rname, fname, price) VALUES ('Prawn Phreak', 'Frijoles', '41.34');
INSERT INTO Sells (rname, fname, price) VALUES ('Rockyard', 'Kimchi', '28.38');
INSERT INTO Sells (rname, fname, price) VALUES ('Rockyard', 'Jjigae', '21.52');
INSERT INTO Sells (rname, fname, price) VALUES ('Rockyard', 'Bibimbap', '30.09');
INSERT INTO Sells (rname, fname, price) VALUES ('Rockyard', 'Samgyeopsal', '15.3');
INSERT INTO Sells (rname, fname, price) VALUES ('Rockyard', 'Makchang', '33.57');
INSERT INTO Sells (rname, fname, price) VALUES ('Rockyard', 'Bulgogi', '29.78');
INSERT INTO Sells (rname, fname, price) VALUES ('Rockyard', 'Namul', '35.16');
INSERT INTO Sells (rname, fname, price) VALUES ('Flambo', 'Quesadillas', '20.0');
INSERT INTO Sells (rname, fname, price) VALUES ('Flambo', 'Churros', '43.83');
INSERT INTO Sells (rname, fname, price) VALUES ('Flambo', 'Burrito', '34.42');
INSERT INTO Sells (rname, fname, price) VALUES ('Flambo', 'Barbacoa', '19.37');
INSERT INTO Sells (rname, fname, price) VALUES ('Flambo', 'Enchilada', '4.54');
INSERT INTO Sells (rname, fname, price) VALUES ('Flambo', 'Taco', '31.41');
INSERT INTO Sells (rname, fname, price) VALUES ('Flambo', 'Chalupa', '8.61');
INSERT INTO Sells (rname, fname, price) VALUES ('Bennies Fishery', 'Caviar burger', '6.37');
INSERT INTO Sells (rname, fname, price) VALUES ('Bennies Fishery', 'Chocolate Nachos', '22.89');
INSERT INTO Sells (rname, fname, price) VALUES ('Bennies Fishery', 'Pineapple pizza', '6.67');
INSERT INTO Sells (rname, fname, price) VALUES ('Bennies Fishery', 'Chinese pizza', '42.71');
INSERT INTO Sells (rname, fname, price) VALUES ('Bennies Fishery', 'Noodle samosa', '42.71');
INSERT INTO Sells (rname, fname, price) VALUES ('Bennies Fishery', 'Sushi buritto', '35.21');
INSERT INTO Sells (rname, fname, price) VALUES ('Bennies Fishery', 'Ras malai cake', '9.75');
INSERT INTO Sells (rname, fname, price) VALUES ('Shakedown', 'Apfelkuchen', '32.07');
INSERT INTO Sells (rname, fname, price) VALUES ('Shakedown', 'Kohlroulade', '17.98');
INSERT INTO Sells (rname, fname, price) VALUES ('Shakedown', 'Hasenpfeffer', '48.05');
INSERT INTO Sells (rname, fname, price) VALUES ('Shakedown', 'Bratwurst', '28.44');
INSERT INTO Sells (rname, fname, price) VALUES ('Shakedown', 'Bayrisch Kraut', '19.6');
INSERT INTO Sells (rname, fname, price) VALUES ('Shakedown', 'Maultaschen', '17.38');
INSERT INTO Sells (rname, fname, price) VALUES ('Shakedown', 'Bierwurst', '8.41');
INSERT INTO Sells (rname, fname, price) VALUES ('Gorganic', 'Banh canh', '46.44');
INSERT INTO Sells (rname, fname, price) VALUES ('Gorganic', 'Banh phu the', '0.49');
INSERT INTO Sells (rname, fname, price) VALUES ('Gorganic', 'Thit Kho Tau', '15.84');
INSERT INTO Sells (rname, fname, price) VALUES ('Gorganic', 'Banh beo', '9.8');
INSERT INTO Sells (rname, fname, price) VALUES ('Gorganic', 'Gio lua', '40.37');
INSERT INTO Sells (rname, fname, price) VALUES ('Gorganic', 'Mi Quang', '19.09');
INSERT INTO Sells (rname, fname, price) VALUES ('Gorganic', 'Cao lau', '28.98');
INSERT INTO Sells (rname, fname, price) VALUES ('AstroCoffee', 'Pita', '33.5');
INSERT INTO Sells (rname, fname, price) VALUES ('AstroCoffee', 'Mydia', '23.31');
INSERT INTO Sells (rname, fname, price) VALUES ('AstroCoffee', 'Pastitsio', '0.71');
INSERT INTO Sells (rname, fname, price) VALUES ('AstroCoffee', 'Finikia', '7.16');
INSERT INTO Sells (rname, fname, price) VALUES ('AstroCoffee', 'GGyros', '24.28');
INSERT INTO Sells (rname, fname, price) VALUES ('AstroCoffee', 'Lazarakia', '49.05');
INSERT INTO Sells (rname, fname, price) VALUES ('AstroCoffee', 'Bougatsa', '9.3');
INSERT INTO Sells (rname, fname, price) VALUES ('Pizza Experience', 'Brandade', '19.22');
INSERT INTO Sells (rname, fname, price) VALUES ('Pizza Experience', 'Panisses', '29.46');
INSERT INTO Sells (rname, fname, price) VALUES ('Pizza Experience', 'Croissant', '11.58');
INSERT INTO Sells (rname, fname, price) VALUES ('Pizza Experience', 'Souffle', '32.87');
INSERT INTO Sells (rname, fname, price) VALUES ('Pizza Experience', 'Eclair', '18.38');
INSERT INTO Sells (rname, fname, price) VALUES ('Pizza Experience', 'Tripoux', '4.29');
INSERT INTO Sells (rname, fname, price) VALUES ('Pizza Experience', 'Baguette', '23.83');
INSERT INTO Sells (rname, fname, price) VALUES ('Banjo Pancake', 'Butter chicken', '36.02');
INSERT INTO Sells (rname, fname, price) VALUES ('Banjo Pancake', 'Appam', '19.7');
INSERT INTO Sells (rname, fname, price) VALUES ('Banjo Pancake', 'Disa', '17.18');
INSERT INTO Sells (rname, fname, price) VALUES ('Banjo Pancake', 'Chapati', '14.19');
INSERT INTO Sells (rname, fname, price) VALUES ('Banjo Pancake', 'Biryani', '12.73');
INSERT INTO Sells (rname, fname, price) VALUES ('Banjo Pancake', 'Chicken tikka', '32.46');
INSERT INTO Sells (rname, fname, price) VALUES ('Banjo Pancake', 'Prata', '0.51');
INSERT INTO Sells (rname, fname, price) VALUES ('Atomic Coffee', 'Congee', '47.77');
INSERT INTO Sells (rname, fname, price) VALUES ('Atomic Coffee', 'Dim sum', '31.68');
INSERT INTO Sells (rname, fname, price) VALUES ('Atomic Coffee', 'Wonton', '31.72');
INSERT INTO Sells (rname, fname, price) VALUES ('Atomic Coffee', 'Char siu', '20.71');
INSERT INTO Sells (rname, fname, price) VALUES ('Atomic Coffee', 'Fried noodles', '28.78');
INSERT INTO Sells (rname, fname, price) VALUES ('Atomic Coffee', 'Braised pork', '9.68');
INSERT INTO Sells (rname, fname, price) VALUES ('Atomic Coffee', 'Peking duck', '27.21');
INSERT INTO Sells (rname, fname, price) VALUES ('Coffee Lodge', 'Sauerkraut', '6.34');
INSERT INTO Sells (rname, fname, price) VALUES ('Coffee Lodge', 'Bayrisch Kraut', '32.23');
INSERT INTO Sells (rname, fname, price) VALUES ('Coffee Lodge', 'Schupfnudel', '8.69');
INSERT INTO Sells (rname, fname, price) VALUES ('Coffee Lodge', 'Bratwurst', '3.74');
INSERT INTO Sells (rname, fname, price) VALUES ('Coffee Lodge', 'Maultaschen', '31.29');
INSERT INTO Sells (rname, fname, price) VALUES ('Coffee Lodge', 'Wibele', '48.9');
INSERT INTO Sells (rname, fname, price) VALUES ('Coffee Lodge', 'Apfelkuchen', '7.86');
INSERT INTO Sells (rname, fname, price) VALUES ('Friendly Fire', 'Cheesecake', '19.33');
INSERT INTO Sells (rname, fname, price) VALUES ('Friendly Fire', 'Brownies', '22.53');
INSERT INTO Sells (rname, fname, price) VALUES ('Friendly Fire', 'Muffin', '32.35');
INSERT INTO Sells (rname, fname, price) VALUES ('Friendly Fire', 'Cupcake', '12.92');
INSERT INTO Sells (rname, fname, price) VALUES ('Friendly Fire', 'Apple pie', '24.47');
INSERT INTO Sells (rname, fname, price) VALUES ('Friendly Fire', 'Cake', '25.69');
INSERT INTO Sells (rname, fname, price) VALUES ('Friendly Fire', 'Doughnuts', '26.9');
INSERT INTO Sells (rname, fname, price) VALUES ('Tandoori Vittles', 'Pancit palabok', '32.32');
INSERT INTO Sells (rname, fname, price) VALUES ('Tandoori Vittles', 'Limpia', '6.14');
INSERT INTO Sells (rname, fname, price) VALUES ('Tandoori Vittles', 'Torta', '49.32');
INSERT INTO Sells (rname, fname, price) VALUES ('Tandoori Vittles', 'Inun-unan', '40.25');
INSERT INTO Sells (rname, fname, price) VALUES ('Tandoori Vittles', 'Sinigang', '24.06');
INSERT INTO Sells (rname, fname, price) VALUES ('Tandoori Vittles', 'Sisig', '36.1');
INSERT INTO Sells (rname, fname, price) VALUES ('Tandoori Vittles', 'Balut', '18.08');
INSERT INTO Sells (rname, fname, price) VALUES ('Sasskatchy!', 'Salsa cheese doughnuts', '37.57');
INSERT INTO Sells (rname, fname, price) VALUES ('Sasskatchy!', 'Pineapple pizza', '41.01');
INSERT INTO Sells (rname, fname, price) VALUES ('Sasskatchy!', 'Sushi pizza', '11.31');
INSERT INTO Sells (rname, fname, price) VALUES ('Sasskatchy!', 'Avocado kalakkand', '25.04');
INSERT INTO Sells (rname, fname, price) VALUES ('Sasskatchy!', 'Sushi buritto', '21.05');
INSERT INTO Sells (rname, fname, price) VALUES ('Sasskatchy!', 'Ras malai cake', '10.31');
INSERT INTO Sells (rname, fname, price) VALUES ('Sasskatchy!', 'Chinese pizza', '20.29');
INSERT INTO Sells (rname, fname, price) VALUES ('Tarmac', 'Biscuits', '42.1');
INSERT INTO Sells (rname, fname, price) VALUES ('Tarmac', 'Cookies', '16.05');
INSERT INTO Sells (rname, fname, price) VALUES ('Tarmac', 'Cake', '33.64');
INSERT INTO Sells (rname, fname, price) VALUES ('Tarmac', 'Doughnuts', '10.15');
INSERT INTO Sells (rname, fname, price) VALUES ('Tarmac', 'Chocolate', '23.66');
INSERT INTO Sells (rname, fname, price) VALUES ('Tarmac', 'Cheesecake', '15.56');
INSERT INTO Sells (rname, fname, price) VALUES ('Tarmac', 'Apple pie', '15.91');
INSERT INTO Sells (rname, fname, price) VALUES ('Slow & Pulpy', 'Polvoron', '8.19');
INSERT INTO Sells (rname, fname, price) VALUES ('Slow & Pulpy', 'Paella', '4.0');
INSERT INTO Sells (rname, fname, price) VALUES ('Slow & Pulpy', 'Paprika', '23.16');
INSERT INTO Sells (rname, fname, price) VALUES ('Slow & Pulpy', 'Cocido', '12.69');
INSERT INTO Sells (rname, fname, price) VALUES ('Slow & Pulpy', 'Gazpacho', '9.48');
INSERT INTO Sells (rname, fname, price) VALUES ('Slow & Pulpy', 'Escudella', '45.64');
INSERT INTO Sells (rname, fname, price) VALUES ('Slow & Pulpy', 'Churrosi', '39.16');
INSERT INTO Sells (rname, fname, price) VALUES ('Lambastica', 'Bossam', '2.15');
INSERT INTO Sells (rname, fname, price) VALUES ('Lambastica', 'Kimchi', '35.69');
INSERT INTO Sells (rname, fname, price) VALUES ('Lambastica', 'Jjigae', '1.32');
INSERT INTO Sells (rname, fname, price) VALUES ('Lambastica', 'Samgyeopsal', '28.11');
INSERT INTO Sells (rname, fname, price) VALUES ('Lambastica', 'Namul', '39.85');
INSERT INTO Sells (rname, fname, price) VALUES ('Lambastica', 'Dak galbi', '38.13');
INSERT INTO Sells (rname, fname, price) VALUES ('Lambastica', 'Bulgogi', '14.48');
INSERT INTO Sells (rname, fname, price) VALUES ('The Lunchroom', 'Sushi pizza', '23.33');
INSERT INTO Sells (rname, fname, price) VALUES ('The Lunchroom', 'Ras malai cake', '0.34');
INSERT INTO Sells (rname, fname, price) VALUES ('The Lunchroom', 'Caviar burger', '20.15');
INSERT INTO Sells (rname, fname, price) VALUES ('The Lunchroom', 'Chinese pizza', '1.34');
INSERT INTO Sells (rname, fname, price) VALUES ('The Lunchroom', 'Chocolate Nachos', '19.65');
INSERT INTO Sells (rname, fname, price) VALUES ('The Lunchroom', 'Pineapple pizza', '24.89');
INSERT INTO Sells (rname, fname, price) VALUES ('The Lunchroom', 'Noodle samosa', '44.49');
INSERT INTO Sells (rname, fname, price) VALUES ('Jackie Diamonds', 'Sauerkraut', '8.24');
INSERT INTO Sells (rname, fname, price) VALUES ('Jackie Diamonds', 'Bayrisch Kraut', '8.76');
INSERT INTO Sells (rname, fname, price) VALUES ('Jackie Diamonds', 'Kohlroulade', '6.97');
INSERT INTO Sells (rname, fname, price) VALUES ('Jackie Diamonds', 'Bierwurst', '20.59');
INSERT INTO Sells (rname, fname, price) VALUES ('Jackie Diamonds', 'Maultaschen', '35.24');
INSERT INTO Sells (rname, fname, price) VALUES ('Jackie Diamonds', 'Schupfnudel', '44.22');
INSERT INTO Sells (rname, fname, price) VALUES ('Jackie Diamonds', 'Wibele', '40.38');
INSERT INTO Sells (rname, fname, price) VALUES ('Phat Kettle O Prawns', 'Biscotti', '18.89');
INSERT INTO Sells (rname, fname, price) VALUES ('Phat Kettle O Prawns', 'Pasta', '19.67');
INSERT INTO Sells (rname, fname, price) VALUES ('Phat Kettle O Prawns', 'Penne', '16.86');
INSERT INTO Sells (rname, fname, price) VALUES ('Phat Kettle O Prawns', 'Ravioli', '20.76');
INSERT INTO Sells (rname, fname, price) VALUES ('Phat Kettle O Prawns', 'Carne', '41.08');
INSERT INTO Sells (rname, fname, price) VALUES ('Phat Kettle O Prawns', 'Formaggi', '34.14');
INSERT INTO Sells (rname, fname, price) VALUES ('Phat Kettle O Prawns', 'Tortellini', '16.18');
INSERT INTO Sells (rname, fname, price) VALUES ('ExoPlanet', 'Noodle samosa', '45.17');
INSERT INTO Sells (rname, fname, price) VALUES ('ExoPlanet', 'Ras malai cake', '46.12');
INSERT INTO Sells (rname, fname, price) VALUES ('ExoPlanet', 'Chinese pizza', '14.74');
INSERT INTO Sells (rname, fname, price) VALUES ('ExoPlanet', 'Pineapple pizza', '4.64');
INSERT INTO Sells (rname, fname, price) VALUES ('ExoPlanet', 'Sushi pizza', '1.31');
INSERT INTO Sells (rname, fname, price) VALUES ('ExoPlanet', 'Sushi buritto', '17.75');
INSERT INTO Sells (rname, fname, price) VALUES ('ExoPlanet', 'Avocado kalakkand', '3.0');
INSERT INTO Sells (rname, fname, price) VALUES ('Food Haus', 'GGyros', '33.41');
INSERT INTO Sells (rname, fname, price) VALUES ('Food Haus', 'Lazarakia', '1.75');
INSERT INTO Sells (rname, fname, price) VALUES ('Food Haus', 'Diples', '7.56');
INSERT INTO Sells (rname, fname, price) VALUES ('Food Haus', 'Finikia', '24.84');
INSERT INTO Sells (rname, fname, price) VALUES ('Food Haus', 'Bougatsa', '11.6');
INSERT INTO Sells (rname, fname, price) VALUES ('Food Haus', 'Dakos', '44.56');
INSERT INTO Sells (rname, fname, price) VALUES ('Food Haus', 'Pita', '48.94');
INSERT INTO Sells (rname, fname, price) VALUES ('Snark Bite', 'Peanut butter and jelly sandwiches', '18.61');
INSERT INTO Sells (rname, fname, price) VALUES ('Snark Bite', 'Steak', '24.61');
INSERT INTO Sells (rname, fname, price) VALUES ('Snark Bite', 'Fries', '43.1');
INSERT INTO Sells (rname, fname, price) VALUES ('Snark Bite', 'Waffles', '27.7');
INSERT INTO Sells (rname, fname, price) VALUES ('Snark Bite', 'Fried chicken', '35.91');
INSERT INTO Sells (rname, fname, price) VALUES ('Snark Bite', 'Cereal', '33.09');
INSERT INTO Sells (rname, fname, price) VALUES ('Snark Bite', 'Cola', '47.07');
INSERT INTO Sells (rname, fname, price) VALUES ('Que', 'Lazarakia', '47.18');
INSERT INTO Sells (rname, fname, price) VALUES ('Que', 'Mydia', '12.83');
INSERT INTO Sells (rname, fname, price) VALUES ('Que', 'GGyros', '20.56');
INSERT INTO Sells (rname, fname, price) VALUES ('Que', 'Finikia', '25.27');
INSERT INTO Sells (rname, fname, price) VALUES ('Que', 'Greek salad', '34.55');
INSERT INTO Sells (rname, fname, price) VALUES ('Que', 'Diples', '37.46');
INSERT INTO Sells (rname, fname, price) VALUES ('Que', 'Bougatsa', '27.61');
INSERT INTO Sells (rname, fname, price) VALUES ('Meow Meow', 'Panisses', '9.17');
INSERT INTO Sells (rname, fname, price) VALUES ('Meow Meow', 'Escargot', '32.28');
INSERT INTO Sells (rname, fname, price) VALUES ('Meow Meow', 'Baguette', '21.31');
INSERT INTO Sells (rname, fname, price) VALUES ('Meow Meow', 'Macarons', '25.91');
INSERT INTO Sells (rname, fname, price) VALUES ('Meow Meow', 'Callisson', '24.68');
INSERT INTO Sells (rname, fname, price) VALUES ('Meow Meow', 'Souffle', '26.75');
INSERT INTO Sells (rname, fname, price) VALUES ('Meow Meow', 'Croissant', '12.33');
INSERT INTO Sells (rname, fname, price) VALUES ('Plastique', 'Lontong', '24.77');
INSERT INTO Sells (rname, fname, price) VALUES ('Plastique', 'Bubur ayam', '35.61');
INSERT INTO Sells (rname, fname, price) VALUES ('Plastique', 'Rendang', '49.05');
INSERT INTO Sells (rname, fname, price) VALUES ('Plastique', 'Gulai', '37.65');
INSERT INTO Sells (rname, fname, price) VALUES ('Plastique', 'Ikan goreng', '42.14');
INSERT INTO Sells (rname, fname, price) VALUES ('Plastique', 'Babi panggang', '32.45');
INSERT INTO Sells (rname, fname, price) VALUES ('Plastique', 'Gado-gado', '12.32');
INSERT INTO Sells (rname, fname, price) VALUES ('Lotus Boogie', 'Bibimbap', '12.48');
INSERT INTO Sells (rname, fname, price) VALUES ('Lotus Boogie', 'Jjigae', '11.47');
INSERT INTO Sells (rname, fname, price) VALUES ('Lotus Boogie', 'Bulgogi', '12.6');
INSERT INTO Sells (rname, fname, price) VALUES ('Lotus Boogie', 'Kimchi', '34.51');
INSERT INTO Sells (rname, fname, price) VALUES ('Lotus Boogie', 'Burungji', '34.25');
INSERT INTO Sells (rname, fname, price) VALUES ('Lotus Boogie', 'Bossam', '24.16');
INSERT INTO Sells (rname, fname, price) VALUES ('Lotus Boogie', 'Namul', '8.75');
INSERT INTO Sells (rname, fname, price) VALUES ('Taste Tease', 'Paprika', '26.13');
INSERT INTO Sells (rname, fname, price) VALUES ('Taste Tease', 'Pincho', '16.69');
INSERT INTO Sells (rname, fname, price) VALUES ('Taste Tease', 'Escudella', '26.89');
INSERT INTO Sells (rname, fname, price) VALUES ('Taste Tease', 'Cocido', '32.38');
INSERT INTO Sells (rname, fname, price) VALUES ('Taste Tease', 'Paella', '29.11');
INSERT INTO Sells (rname, fname, price) VALUES ('Taste Tease', 'Polvoron', '35.74');
INSERT INTO Sells (rname, fname, price) VALUES ('Taste Tease', 'Churrosi', '33.48');
INSERT INTO Sells (rname, fname, price) VALUES ('Aroma Borealis', 'Pincho', '45.01');
INSERT INTO Sells (rname, fname, price) VALUES ('Aroma Borealis', 'Polvoron', '27.93');
INSERT INTO Sells (rname, fname, price) VALUES ('Aroma Borealis', 'Pisto', '27.24');
INSERT INTO Sells (rname, fname, price) VALUES ('Aroma Borealis', 'Coca', '8.12');
INSERT INTO Sells (rname, fname, price) VALUES ('Aroma Borealis', 'Churrosi', '2.72');
INSERT INTO Sells (rname, fname, price) VALUES ('Aroma Borealis', 'Gazpacho', '46.74');
INSERT INTO Sells (rname, fname, price) VALUES ('Aroma Borealis', 'Paprika', '20.46');
INSERT INTO Sells (rname, fname, price) VALUES ('Tersanki', 'Salsa', '22.65');
INSERT INTO Sells (rname, fname, price) VALUES ('Tersanki', 'Fajitas', '34.18');
INSERT INTO Sells (rname, fname, price) VALUES ('Tersanki', 'Chalupa', '49.88');
INSERT INTO Sells (rname, fname, price) VALUES ('Tersanki', 'Enchilada', '20.11');
INSERT INTO Sells (rname, fname, price) VALUES ('Tersanki', 'Taco', '10.54');
INSERT INTO Sells (rname, fname, price) VALUES ('Tersanki', 'Quesadillas', '41.29');
INSERT INTO Sells (rname, fname, price) VALUES ('Tersanki', 'Burrito', '40.38');
INSERT INTO Sells (rname, fname, price) VALUES ('Coffee Cat', 'Fried rice', '4.59');
INSERT INTO Sells (rname, fname, price) VALUES ('Coffee Cat', 'Congee', '49.07');
INSERT INTO Sells (rname, fname, price) VALUES ('Coffee Cat', 'Char siu', '39.82');
INSERT INTO Sells (rname, fname, price) VALUES ('Coffee Cat', 'Fried noodles', '23.03');
INSERT INTO Sells (rname, fname, price) VALUES ('Coffee Cat', 'Dim sum', '8.01');
INSERT INTO Sells (rname, fname, price) VALUES ('Coffee Cat', 'Wonton', '5.37');
INSERT INTO Sells (rname, fname, price) VALUES ('Coffee Cat', 'Braised pork', '0.5');
INSERT INTO Sells (rname, fname, price) VALUES ('Quick Licks', 'Ban mian', '5.74');
INSERT INTO Sells (rname, fname, price) VALUES ('Quick Licks', 'Chicken rice', '36.48');
INSERT INTO Sells (rname, fname, price) VALUES ('Quick Licks', 'Satay', '24.26');
INSERT INTO Sells (rname, fname, price) VALUES ('Quick Licks', 'Fish head curry', '9.0');
INSERT INTO Sells (rname, fname, price) VALUES ('Quick Licks', 'Bak kut teh', '9.45');
INSERT INTO Sells (rname, fname, price) VALUES ('Quick Licks', 'Kaya toast', '32.37');
INSERT INTO Sells (rname, fname, price) VALUES ('Quick Licks', 'Mee siam', '15.84');
INSERT INTO Sells (rname, fname, price) VALUES ('Crustatia', 'Banh phu the', '36.29');
INSERT INTO Sells (rname, fname, price) VALUES ('Crustatia', 'Cao lau', '5.09');
INSERT INTO Sells (rname, fname, price) VALUES ('Crustatia', 'Banh bao', '4.12');
INSERT INTO Sells (rname, fname, price) VALUES ('Crustatia', 'Thit Kho Tau', '3.75');
INSERT INTO Sells (rname, fname, price) VALUES ('Crustatia', 'Banh beo', '2.34');
INSERT INTO Sells (rname, fname, price) VALUES ('Crustatia', 'Gio lua', '22.04');
INSERT INTO Sells (rname, fname, price) VALUES ('Crustatia', 'Goi cuon', '26.06');
INSERT INTO Sells (rname, fname, price) VALUES ('The Running Monk', 'Pancakes', '25.05');
INSERT INTO Sells (rname, fname, price) VALUES ('The Running Monk', 'Waffles', '27.95');
INSERT INTO Sells (rname, fname, price) VALUES ('The Running Monk', 'Cereal', '15.94');
INSERT INTO Sells (rname, fname, price) VALUES ('The Running Monk', 'Burger', '5.07');
INSERT INTO Sells (rname, fname, price) VALUES ('The Running Monk', 'Peanut butter and jelly sandwiches', '48.94');
INSERT INTO Sells (rname, fname, price) VALUES ('The Running Monk', 'Steak', '17.78');
INSERT INTO Sells (rname, fname, price) VALUES ('The Running Monk', 'Fried ice cream', '26.85');
INSERT INTO Sells (rname, fname, price) VALUES ('The Glassy Eye', 'Mongolian lamb', '13.01');
INSERT INTO Sells (rname, fname, price) VALUES ('The Glassy Eye', 'Peking duck', '11.21');
INSERT INTO Sells (rname, fname, price) VALUES ('The Glassy Eye', 'Fried rice', '36.13');
INSERT INTO Sells (rname, fname, price) VALUES ('The Glassy Eye', 'Wonton', '19.08');
INSERT INTO Sells (rname, fname, price) VALUES ('The Glassy Eye', 'Congee', '35.55');
INSERT INTO Sells (rname, fname, price) VALUES ('The Glassy Eye', 'Fried noodles', '19.92');
INSERT INTO Sells (rname, fname, price) VALUES ('The Glassy Eye', 'Mooncake', '34.99');
INSERT INTO Sells (rname, fname, price) VALUES ('The Spigot', 'Frijoles', '24.02');
INSERT INTO Sells (rname, fname, price) VALUES ('The Spigot', 'Churros', '49.66');
INSERT INTO Sells (rname, fname, price) VALUES ('The Spigot', 'Fajitas', '44.21');
INSERT INTO Sells (rname, fname, price) VALUES ('The Spigot', 'Chalupa', '41.28');
INSERT INTO Sells (rname, fname, price) VALUES ('The Spigot', 'Taco', '15.37');
INSERT INTO Sells (rname, fname, price) VALUES ('The Spigot', 'Salsa', '0.99');
INSERT INTO Sells (rname, fname, price) VALUES ('The Spigot', 'Barbacoa', '44.54');
INSERT INTO Sells (rname, fname, price) VALUES ('Passion Pork', 'Chim chum', '25.09');
INSERT INTO Sells (rname, fname, price) VALUES ('Passion Pork', 'Kuaichap', '46.64');
INSERT INTO Sells (rname, fname, price) VALUES ('Passion Pork', 'Khao kha mu', '37.4');
INSERT INTO Sells (rname, fname, price) VALUES ('Passion Pork', 'Khao soi Mae Sai', '27.26');
INSERT INTO Sells (rname, fname, price) VALUES ('Passion Pork', 'Mi krop', '45.31');
INSERT INTO Sells (rname, fname, price) VALUES ('Passion Pork', 'Tom yam boran', '18.44');
INSERT INTO Sells (rname, fname, price) VALUES ('Passion Pork', 'Chin hum', '47.68');
INSERT INTO Reserves (reid, rname, aname, address, username, numPax, confirmed, amount, dateTime) VALUES (0, 'Tarmac', 'Toa Payoh', '772 Genoveva Road Singapore 537182', 'Mika', '1', false, 0.00, '2019-04-11 19:36:21');
INSERT INTO Reserves (reid, rname, aname, address, username, numPax, confirmed, amount, dateTime) VALUES (1, 'Lotus Boogie', 'Marine Parade', '422 Aurea Road Singapore 370117', 'Byron', '5', false, 0.00, '2019-04-11 23:25:48');
INSERT INTO Reserves (reid, rname, aname, address, username, numPax, confirmed, amount, dateTime) VALUES (2, 'Atomic Coffee', 'Bukit Panjang', '398 Deandrea Road Singapore 623276', 'Florentino', '3', false, 0.00, '2019-04-11 1:36:38');
INSERT INTO Reserves (reid, rname, aname, address, username, numPax, confirmed, amount, dateTime) VALUES (3, 'Minga', 'Outram', '173 Penny Road Singapore 374790', 'Maria', '2', false, 0.00, '2019-04-11 15:59:46');
INSERT INTO Reserves (reid, rname, aname, address, username, numPax, confirmed, amount, dateTime) VALUES (4, 'Quickie Lickie', 'Western Islands', '91 Marya Road Singapore 967853', 'Kathy', '7', false, 0.00, '2019-04-11 8:53:27');
INSERT INTO Reserves (reid, rname, aname, address, username, numPax, confirmed, amount, dateTime) VALUES (5, 'Lyricalia', 'Sengkang', '71 Raven Road Singapore 529984', 'Bernarda', '3', false, 0.00, '2019-04-11 14:9:45');
INSERT INTO Reserves (reid, rname, aname, address, username, numPax, confirmed, amount, dateTime) VALUES (6, 'Lotus Boogie', 'Western Water Catchment', '653 Staci Road Singapore 923744', 'Michaela', '9', false, 0.00, '2019-04-11 12:16:19');
INSERT INTO Reserves (reid, rname, aname, address, username, numPax, confirmed, amount, dateTime) VALUES (7, 'The Lunchroom', 'Hougang', '980 Althea Road Singapore 720569', 'Kimber', '4', false, 0.00, '2019-04-11 17:57:45');
INSERT INTO Reserves (reid, rname, aname, address, username, numPax, confirmed, amount, dateTime) VALUES (8, 'Plastique', 'Jurong East', '986 Tamela Road Singapore 309789', 'Isabell', '9', false, 0.00, '2019-04-11 10:47:48');
INSERT INTO Reserves (reid, rname, aname, address, username, numPax, confirmed, amount, dateTime) VALUES (9, 'Ozean', 'Kallang', '786 Tammie Road Singapore 757950', 'Toni', '8', false, 0.00, '2019-04-11 7:56:56');
INSERT INTO Reserves (reid, rname, aname, address, username, numPax, confirmed, amount, dateTime) VALUES (10, 'Rockyard', 'Simpang', '57 Daisey Road Singapore 193336', 'Luisa', '0', false, 0.00, '2019-04-11 8:2:15');
INSERT INTO Reserves (reid, rname, aname, address, username, numPax, confirmed, amount, dateTime) VALUES (11, 'Sasskatchy!', 'Novena', '118 Kenny Road Singapore 466376', 'Raphael', '0', false, 0.00, '2019-04-11 12:24:13');
INSERT INTO Reserves (reid, rname, aname, address, username, numPax, confirmed, amount, dateTime) VALUES (12, 'Crustatia', 'Woodlands', '634 Janine Road Singapore 579688', 'Magdalena', '8', false, 0.00, '2019-04-11 16:31:54');
INSERT INTO Reserves (reid, rname, aname, address, username, numPax, confirmed, amount, dateTime) VALUES (13, 'Waffle Stomper', 'Marine Parade', '736 Bernarda Road Singapore 628144', 'Azzie', '6', false, 0.00, '2019-04-11 16:26:24');
INSERT INTO Reserves (reid, rname, aname, address, username, numPax, confirmed, amount, dateTime) VALUES (14, 'Meow Meow', 'Mandai', '823 Raphael Road Singapore 496358', 'Charolette', '2', false, 0.00, '2019-04-11 11:58:18');
INSERT INTO Reserves (reid, rname, aname, address, username, numPax, confirmed, amount, dateTime) VALUES (15, 'Tandoori Vittles', 'Rochor', '303 Carman Road Singapore 792679', 'Karima', '8', false, 0.00, '2019-04-11 4:29:17');
INSERT INTO Reserves (reid, rname, aname, address, username, numPax, confirmed, amount, dateTime) VALUES (16, 'Food Frolic', 'Changi', '672 Flo Road Singapore 925045', 'Janine', '8', false, 0.00, '2019-04-11 5:1:2');
INSERT INTO Reserves (reid, rname, aname, address, username, numPax, confirmed, amount, dateTime) VALUES (17, 'ExoPlanet', 'Pasir Ris', '157 Denyse Road Singapore 709186', 'Rosalee', '3', false, 0.00, '2019-04-11 11:23:41');
INSERT INTO Reserves (reid, rname, aname, address, username, numPax, confirmed, amount, dateTime) VALUES (18, 'Slow & Pulpy', 'Toa Payoh', '181 Gwen Road Singapore 478473', 'Eleanora', '4', false, 0.00, '2019-04-11 23:26:50');
INSERT INTO Reserves (reid, rname, aname, address, username, numPax, confirmed, amount, dateTime) VALUES (19, 'Sasskatchy!', 'Toa Payoh', '96 Karon Road Singapore 952713', 'Stephani', '8', false, 0.00, '2019-04-11 23:56:24');
INSERT INTO Reserves (reid, rname, aname, address, username, numPax, confirmed, amount, dateTime) VALUES (20, 'Bob Mutton', 'Western Islands', '766 Madelaine Road Singapore 669708', 'Tammie', '8', false, 0.00, '2019-04-11 12:8:7');
INSERT INTO Reserves (reid, rname, aname, address, username, numPax, confirmed, amount, dateTime) VALUES (21, 'Cornpone Castle', 'Sungei Kadut', '307 Stewart Road Singapore 757110', 'Flo', '3', false, 0.00, '2019-04-11 17:20:46');
INSERT INTO Reserves (reid, rname, aname, address, username, numPax, confirmed, amount, dateTime) VALUES (22, 'Prawn Phreak', 'Bukit Timah', '613 Debby Road Singapore 838265', 'Verna', '3', false, 0.00, '2019-04-11 17:11:40');
INSERT INTO Reserves (reid, rname, aname, address, username, numPax, confirmed, amount, dateTime) VALUES (23, 'Flambo', 'Punggol', '866 Christiana Road Singapore 384392', 'Sunni', '4', false, 0.00, '2019-04-11 20:24:22');
INSERT INTO Reserves (reid, rname, aname, address, username, numPax, confirmed, amount, dateTime) VALUES (24, 'Bennies Fishery', 'Newton', '758 Trevor Road Singapore 976495', 'Rodrigo', '9', false, 0.00, '2019-04-11 0:1:28');
INSERT INTO Reserves (reid, rname, aname, address, username, numPax, confirmed, amount, dateTime) VALUES (25, 'ExoPlanet', 'Rochor', '407 Donya Road Singapore 677461', 'Janetta', '3', false, 0.00, '2019-04-11 16:1:54');
INSERT INTO Reserves (reid, rname, aname, address, username, numPax, confirmed, amount, dateTime) VALUES (26, 'Pizza Experience', 'Boon Lay', '751 Magdalena Road Singapore 884756', 'Scotty', '8', false, 0.00, '2019-04-11 23:33:57');
INSERT INTO Reserves (reid, rname, aname, address, username, numPax, confirmed, amount, dateTime) VALUES (27, 'Zuke', 'Jurong West', '207 Savanna Road Singapore 305099', 'Mayme', '9', false, 0.00, '2019-04-11 23:15:8');
INSERT INTO Reserves (reid, rname, aname, address, username, numPax, confirmed, amount, dateTime) VALUES (28, 'Slow & Pulpy', 'Kallang', '908 Artie Road Singapore 683194', 'Madelaine', '7', false, 0.00, '2019-04-11 7:54:22');
INSERT INTO Reserves (reid, rname, aname, address, username, numPax, confirmed, amount, dateTime) VALUES (29, 'Passion Pork', 'Bukit Panjang', '947 Ken Road Singapore 456806', 'Daisey', '2', false, 0.00, '2019-04-11 17:59:24');
INSERT INTO Reserves (reid, rname, aname, address, username, numPax, confirmed, amount, dateTime) VALUES (30, 'Taste Tease', 'Straits View', '977 Ricki Road Singapore 558653', 'Marya', '9', false, 0.00, '2019-04-11 13:36:7');
INSERT INTO Reserves (reid, rname, aname, address, username, numPax, confirmed, amount, dateTime) VALUES (31, 'Bob Mutton', 'Tanglin', '374 Krystle Road Singapore 140571', 'Gwen', '4', false, 0.00, '2019-04-11 16:59:39');
INSERT INTO Reserves (reid, rname, aname, address, username, numPax, confirmed, amount, dateTime) VALUES (32, 'The Raspy Magpie', 'Pioneer', '490 Stewart Road Singapore 483808', 'Debby', '7', false, 0.00, '2019-04-11 8:32:45');
INSERT INTO Reserves (reid, rname, aname, address, username, numPax, confirmed, amount, dateTime) VALUES (33, 'Atomic Coffee', 'Seletar', '905 Deandrea Road Singapore 712811', 'Ricki', '1', false, 0.00, '2019-04-11 12:59:37');
INSERT INTO Reserves (reid, rname, aname, address, username, numPax, confirmed, amount, dateTime) VALUES (34, 'Banjo Pancake', 'Serangoon', '649 Rodrigo Road Singapore 693219', 'Barney', '8', false, 0.00, '2019-04-11 17:32:48');
INSERT INTO Reserves (reid, rname, aname, address, username, numPax, confirmed, amount, dateTime) VALUES (35, 'Ozean', 'Kallang', '786 Tammie Road Singapore 757950', 'Donya', '5', false, 0.00, '2019-04-11 4:41:3');
INSERT INTO Reserves (reid, rname, aname, address, username, numPax, confirmed, amount, dateTime) VALUES (36, 'Friendly Fire', 'Central Water Catchment', '993 Devon Road Singapore 217474', 'Faith', '2', false, 0.00, '2019-04-11 3:27:20');
INSERT INTO Reserves (reid, rname, aname, address, username, numPax, confirmed, amount, dateTime) VALUES (37, 'Flambo', 'Sungei Kadut', '984 Raven Road Singapore 517913', 'Kallie', '4', false, 0.00, '2019-04-11 23:14:49');
INSERT INTO Reserves (reid, rname, aname, address, username, numPax, confirmed, amount, dateTime) VALUES (38, 'Banjo Pancake', 'Serangoon', '649 Rodrigo Road Singapore 693219', 'Bradly', '2', false, 0.00, '2019-04-11 23:11:25');
INSERT INTO Reserves (reid, rname, aname, address, username, numPax, confirmed, amount, dateTime) VALUES (39, 'The Raspy Magpie', 'Pioneer', '490 Stewart Road Singapore 483808', 'Christiana', '2', false, 0.00, '2019-04-11 2:12:7');
INSERT INTO Reserves (reid, rname, aname, address, username, numPax, confirmed, amount, dateTime) VALUES (40, 'Banjo Pancake', 'River Valley', '302 Adriane Road Singapore 215145', 'Penny', '8', false, 0.00, '2019-04-11 11:16:27');
INSERT INTO Reserves (reid, rname, aname, address, username, numPax, confirmed, amount, dateTime) VALUES (41, 'The Raspy Magpie', 'Punggol', '79 Adriane Road Singapore 950037', 'Alton', '3', false, 0.00, '2019-04-11 6:29:15');
INSERT INTO Reserves (reid, rname, aname, address, username, numPax, confirmed, amount, dateTime) VALUES (42, 'Pizza Experience', 'Boon Lay', '751 Magdalena Road Singapore 884756', 'Tashia', '0', false, 0.00, '2019-04-11 17:20:33');
INSERT INTO Reserves (reid, rname, aname, address, username, numPax, confirmed, amount, dateTime) VALUES (43, 'The Raspy Magpie', 'Pioneer', '490 Stewart Road Singapore 483808', 'Madlyn', '3', false, 0.00, '2019-04-11 6:25:6');
INSERT INTO Reserves (reid, rname, aname, address, username, numPax, confirmed, amount, dateTime) VALUES (44, 'The Spigot', 'Paya Lebar', '306 Tena Road Singapore 958243', 'Conception', '6', false, 0.00, '2019-04-11 20:29:3');
INSERT INTO Reserves (reid, rname, aname, address, username, numPax, confirmed, amount, dateTime) VALUES (45, 'The Crazy Crawfish', 'Tengah', '24 Adriane Road Singapore 819124', 'Rodger', '6', false, 0.00, '2019-04-11 16:13:23');
INSERT INTO Reserves (reid, rname, aname, address, username, numPax, confirmed, amount, dateTime) VALUES (46, 'Que', 'Novena', '7 Faith Road Singapore 476330', 'Merna', '5', false, 0.00, '2019-04-11 1:52:39');
INSERT INTO Reserves (reid, rname, aname, address, username, numPax, confirmed, amount, dateTime) VALUES (47, 'The Glassy Eye', 'Central Water Catchment', '303 Kathy Road Singapore 762805', 'Blair', '3', false, 0.00, '2019-04-11 3:36:52');
INSERT INTO Reserves (reid, rname, aname, address, username, numPax, confirmed, amount, dateTime) VALUES (48, 'Meow Meow', 'Mandai', '823 Raphael Road Singapore 496358', 'Fredda', '5', false, 0.00, '2019-04-11 7:4:17');
INSERT INTO Reserves (reid, rname, aname, address, username, numPax, confirmed, amount, dateTime) VALUES (49, 'The Raspy Magpie', 'Marine Parade', '447 Debby Road Singapore 168961', 'Kenny', '8', false, 0.00, '2019-04-11 17:24:2');
INSERT INTO Rates (raid, rname, aname, address, username, comment, score, dateTime) VALUES (0, 'Plastique', 'Western Water Catchment', '662 Bradly Road Singapore 491689', 'Mika', 'BGDOAAnvhWRESLiXrNcPeJgoyUqnHOKnSQghaEiYkTcEoQjEvkNDCyhnEzSkhTfaghpPjHbXEsaxWkoPojikFQPgBsUPhYhBHrpG', 4, '2019-04-11 23:47:3');
INSERT INTO Rates (raid, rname, aname, address, username, comment, score, dateTime) VALUES (1, 'Banjo Pancake', 'Paya Lebar', '49 Karima Road Singapore 823520', 'Byron', 'GytJeCCoEmLPsmpyWXPjppChzGhFPDQNuhXuEjakWEDgBYSHFqaeYEGYbsWLeAmqLduIMSxpYADdymWwMuqqrLneAeSVewwzaazg', 10, '2019-04-11 5:32:51');
INSERT INTO Rates (raid, rname, aname, address, username, comment, score, dateTime) VALUES (2, 'Coffee Lodge', 'Sengkang', '71 Savanna Road Singapore 300475', 'Florentino', 'bbqEPviyOMNvjQSmQQVhXrMsMyYIfOZhsLsdzrYDuJMsGbrLBsNYqgxEhhGBCNzecvuznwysuEhCzOtgdVpASJaesrrPOdUzdxCp', 6, '2019-04-11 5:50:3');
INSERT INTO Rates (raid, rname, aname, address, username, comment, score, dateTime) VALUES (3, 'Plastique', 'Straits View', '301 Charolette Road Singapore 830128', 'Maria', 'BRMVPBmtahdRBqngTBhVLuMPhmKVuvuotZJzSqUvNqPzFDyXBwMRAsgWWmhMYZpYTzzsquMtYBtrcGExTZhkAeclEMeJqpxMginy', 8, '2019-04-11 4:22:21');
INSERT INTO Rates (raid, rname, aname, address, username, comment, score, dateTime) VALUES (4, 'Flambo', 'Western Islands', '280 Madge Road Singapore 236659', 'Kathy', 'YYVPZFHlSLMdrdomVygENlSqGYNDhAMBHbSEzSTPgNRUBapfPgjwcGNmWBmJDqggAFpUuYppZJcFBtLJhZENvVQcfxTLPkqxtZKz', 6, '2019-04-11 13:36:8');
INSERT INTO Rates (raid, rname, aname, address, username, comment, score, dateTime) VALUES (5, 'Lotus Boogie', 'Jurong East', '151 Fredda Road Singapore 548936', 'Bernarda', 'yjWzRDZhkLpMVLmlljQxgCWjHxcMFWSUkkLAfXgiRfugIFelNTmRXgkzRcTEuUTFJHAQyzLbNEAaNKzGugeZZjxsWyPzqxSgcAsQ', 4, '2019-04-11 6:16:55');
INSERT INTO Rates (raid, rname, aname, address, username, comment, score, dateTime) VALUES (6, 'Atomic Coffee', 'Bukit Panjang', '5 Isabell Road Singapore 255538', 'Michaela', 'rhgQVYHWowOCPItMMvpxVjJsApMEdHtHSwybSEdPBMhhUIITRnoBVextTNbACxxGZoAzkGeGJVLkrESMDNWrdvULCVYAdNevxXnE', 9, '2019-04-11 16:53:39');
INSERT INTO Rates (raid, rname, aname, address, username, comment, score, dateTime) VALUES (7, 'Sasskatchy!', 'North-Eastern Islands', '415 Bradly Road Singapore 104018', 'Kimber', 'hMmmPIoZReGrijKZQkPAswhllVsrwWSZQrDbfDRCrvbvxQUeDWbFSPgTQQdcbyZVBRtfyiYHRBRTnLQkHsjkgtrScXhLSVBtFJjP', 2, '2019-04-11 14:0:24');
INSERT INTO Rates (raid, rname, aname, address, username, comment, score, dateTime) VALUES (8, 'ExoPlanet', 'Toa Payoh', '647 Blair Road Singapore 963302', 'Isabell', 'GJKnrYgbSkCkVLYMjnWjrwRxZSIrBHyQSkwKtLljBOXAmramFejPOdhLfQCGGIOLwWbsNDYLDLDZyUGtONJwUrHaLTmgWmSLNoqN', 0, '2019-04-11 4:28:13');
INSERT INTO Rates (raid, rname, aname, address, username, comment, score, dateTime) VALUES (9, 'Friendly Fire', 'Lim Chu Kang', '407 Donya Road Singapore 440002', 'Toni', 'NNqNWNswIaDPtKswNKzBChgzjjEaAVeAjUBhsFIECMImwbBsevDHKkBnfUHsKCAXGscZlVQstQRSDtnaiqcGzbsFerUuBAKOrAlU', 6, '2019-04-11 3:8:58');
INSERT INTO Rates (raid, rname, aname, address, username, comment, score, dateTime) VALUES (10, 'Coffee Cat', 'Marine Parade', '57 Kimberley Road Singapore 135906', 'Luisa', 'ubYZhfhnorkaOJkIXJAWsJFOlzWJCorgirPWULneDgoqMrYHeUlwTKBjBBuoaxmkvDiqKrmWNwEtZKeLkzhePhrLZMokxOmcouAq', 3, '2019-04-11 20:27:7');
INSERT INTO Rates (raid, rname, aname, address, username, comment, score, dateTime) VALUES (11, 'Passion Pork', 'Straits View', '152 Joana Road Singapore 140802', 'Raphael', 'UDlnWPrGXNasMXfjvgSRhAhgyIHqzbIfizpzclLFtaQDrKVXCibLkhOpPCLOFaqpcSCUqESRWmEBEwsyGBXNWLffDinHZrtELCPu', 2, '2019-04-11 16:25:34');
INSERT INTO Rates (raid, rname, aname, address, username, comment, score, dateTime) VALUES (12, 'Taste Tease', 'Straits View', '977 Ricki Road Singapore 558653', 'Magdalena', 'WpdPtVGcmEYbbCeQpAdwROYJvfwrTIDYEegEnQeroOVPnxkodpIEgPCnDTDBKSHYvfryzSaSIrQrZjmTdXdeDMZrTbQLEWSIpbiR', 4, '2019-04-11 14:54:40');
INSERT INTO Rates (raid, rname, aname, address, username, comment, score, dateTime) VALUES (13, 'Snark Bite', 'Downtown Core', '793 Susanne Road Singapore 901889', 'Azzie', 'IcrZvnDNFDeWlWiQbhXMRhMfmhlRDArawBeyGpFqyTOZPSnCCxgmpAFhLybQOakqcDlNNzZwrZqZQhCPaQnZEuulzERvcLIeRQtZ', 6, '2019-04-11 14:48:58');
INSERT INTO Rates (raid, rname, aname, address, username, comment, score, dateTime) VALUES (14, 'The Spigot', 'Paya Lebar', '306 Tena Road Singapore 958243', 'Charolette', 'kYpNOhYklTeeWtnuSfIbzuMIvLqFsFyICStMmLdThouaTxEAMyKKRyftyLBUfzHrCRxGMKeHymfINjfgydnuehUEoBGrPtateDlq', 6, '2019-04-11 21:49:53');
INSERT INTO Rates (raid, rname, aname, address, username, comment, score, dateTime) VALUES (15, 'Lyricalia', 'Sengkang', '71 Raven Road Singapore 529984', 'Karima', 'BvCgnazGjMhEUoetdBymDeiUEYBadXZqEsMgxbQGHqOrdCgdOrbiqiztscCrMMtNVIsvwJbBEbZhiWszSRXwNPwMhsvapksCMfJz', 1, '2019-04-11 9:27:3');
INSERT INTO Rates (raid, rname, aname, address, username, comment, score, dateTime) VALUES (16, 'Banjo Pancake', 'Serangoon', '649 Rodrigo Road Singapore 693219', 'Janine', 'uDyIhofiOkgrIFjniJgafxgRowKKXXIDqkDkUHDdsFgILABUdEJXaCyiIxpByNApdHImPokiRwyXeZvdUzFbVVYzRNgplAcleVNb', 2, '2019-04-11 6:38:32');
INSERT INTO Rates (raid, rname, aname, address, username, comment, score, dateTime) VALUES (17, 'Bob Mutton', 'Museum', '374 Althea Road Singapore 974999', 'Rosalee', 'wjLRkeaMZgsJIVJHRHRjfjneeQmuWFPPUilWovPvrJSamLHnbWCUsasgSBLcXjWWNguMrwFhYBhpZSvklFUCgRMxrMjmkcTXTPVT', 1, '2019-04-11 1:3:7');
INSERT INTO Rates (raid, rname, aname, address, username, comment, score, dateTime) VALUES (18, 'Bennies Fishery', 'Tanglin', '375 Bradly Road Singapore 905590', 'Eleanora', 'wpYmoCEgttEIlJeSoDjXdIHvKPyVQhQddDiOiaMCkJqZwVSCTqfBFIqhwXehYzJlscErAnIWzIyPTVFjCwbseNttygLPnBSSbKIU', 8, '2019-04-11 3:42:39');
INSERT INTO Rates (raid, rname, aname, address, username, comment, score, dateTime) VALUES (19, 'Ozean', 'Serangoon', '583 Tamela Road Singapore 732812', 'Stephani', 'CqtKXIdYDVavfMrJYwIPujBTlFCHxEKwgBUVaENnWwVzMXpZWKJVmwStgLJwuzTSuMturAGpUaFSxjcXRLnYknBMeVtUnWWoGZcb', 6, '2019-04-11 14:42:50');
INSERT INTO Rates (raid, rname, aname, address, username, comment, score, dateTime) VALUES (20, 'Sasskatchy!', 'Novena', '118 Kenny Road Singapore 466376', 'Tammie', 'cchJOpVVRkHQiOTpeIPIOLztINojMRZbkLoCKIxlgCjRohwVfHzbpUqgCKNTisGnoTkDWphhxVGtkBcXGQBtuRXazEnaejyjSlHp', 10, '2019-04-11 15:2:34');
INSERT INTO Rates (raid, rname, aname, address, username, comment, score, dateTime) VALUES (21, 'Shakedown', 'Newton', '7 Argelia Road Singapore 153344', 'Flo', 'TKVCRaPUBZKfZcpsQonVqZFBYfCCPYqJosltaxBgHTKJPzjrsEyHEgxNMcqyDphKCjSUoGAuDWtdBrJxyidqkFsFvMVOlYhsQFyu', 10, '2019-04-11 22:41:56');
INSERT INTO Rates (raid, rname, aname, address, username, comment, score, dateTime) VALUES (22, 'Plastique', 'Western Water Catchment', '662 Bradly Road Singapore 491689', 'Verna', 'ajEymBHbcroTeRerNMWgDkIkVuTxBuuvFgHoZavTCOByfPRbZbZPzmOMCTXHrVAiYIVlqhSWoPvCnYHuyJjehrEVCdysQVnpOSJk', 8, '2019-04-11 6:54:18');
INSERT INTO Rates (raid, rname, aname, address, username, comment, score, dateTime) VALUES (23, 'Unit Socrates', 'Outram', '750 Barney Road Singapore 773101', 'Sunni', 'VCKnOOHthAYGHNQGInawkxngQXNgjJdzBOSpkwcrWVMwFpkzChSNRuxObzQwoJjYVkyvGTWZqiLKSizAwTiKwMtBSrbuZSUSKDAh', 2, '2019-04-11 0:3:57');
INSERT INTO Rates (raid, rname, aname, address, username, comment, score, dateTime) VALUES (24, 'Banjo Pancake', 'River Valley', '302 Adriane Road Singapore 215145', 'Rodrigo', 'bflXCvskEufhCVHARWliwLetETQGSLKIiuMtzrcOiGbkHzyHzoUYJaqGGgVohrFtYUjhQXZgGZXtFoZoSVlAyWoipOWNrtgEyJHr', 8, '2019-04-11 13:28:53');
INSERT INTO Rates (raid, rname, aname, address, username, comment, score, dateTime) VALUES (25, 'Que', 'Marina East', '315 Sunni Road Singapore 534447', 'Janetta', 'BXloHObjhvnKodSWMaObiBbDoErowUMWYFNYquocDCqVtSenjmuigDCtdwbcfASSzfJMSfKuNFFlYrbXBFshpZvdZMAzacpXGWlt', 0, '2019-04-11 13:36:31');
INSERT INTO Rates (raid, rname, aname, address, username, comment, score, dateTime) VALUES (26, 'Coffee Lodge', 'Newton', '124 Donya Road Singapore 570307', 'Scotty', 'MXgllKlfOVZXYankOzhBbOVJNWaSsrncmTbJpHazWgYMVdPstbBLWkyPabsCbmHaJNosAbOoIJfqyEGTejgroNSCozpocgVmqEko', 5, '2019-04-11 12:5:54');
INSERT INTO Rates (raid, rname, aname, address, username, comment, score, dateTime) VALUES (27, 'ExoPlanet', 'Toa Payoh', '858 Krystle Road Singapore 710563', 'Mayme', 'WxAylfnQhAHaqnogntZtQvEYuzVpIzrRpyIpMoziGlcwBkEaOGMJtmXOXIXKCvvwbQbbyOQHjWmMKBuOaaHKJpRFqTGVkgujTTUt', 0, '2019-04-11 5:4:50');
INSERT INTO Rates (raid, rname, aname, address, username, comment, score, dateTime) VALUES (28, 'Bennies Fishery', 'Marina East', '897 Karina Road Singapore 955568', 'Madelaine', 'HvZTOgRhqsXjGWeKPTbJPijDgNAWJCscFoJFlAguRhtCrKHZWcuiPjAbjBnaNuBXZwzpcuuUwCuXoKqCyQGFNShBzKJXQPZEGVgV', 0, '2019-04-11 11:7:26');
INSERT INTO Rates (raid, rname, aname, address, username, comment, score, dateTime) VALUES (29, 'Shakedown', 'Geylang', '193 Daisey Road Singapore 683163', 'Daisey', 'bTzWurfAnAiUvzgkHTrBqxEDqiCKFzrOvGHozgHssEvkJpXCUyFeKVEdbennpBxZyQiktYkVFIaLUtNjguASBsTHXvyxFZYkRHpd', 8, '2019-04-11 11:9:51');
INSERT INTO Rates (raid, rname, aname, address, username, comment, score, dateTime) VALUES (30, 'Aroma Borealis', 'Pasir Ris', '181 Mika Road Singapore 221387', 'Marya', 'wDsuibFfmxidAndIBlylsHwDhSvMbOtgRHfVoGWDMxHqBQCxLzsZQniPgjrkAiUvDkOZRHHJzYpFjOdrdhwoVEPAPaJdiCObTWIe', 4, '2019-04-11 10:34:4');
INSERT INTO Rates (raid, rname, aname, address, username, comment, score, dateTime) VALUES (31, 'Zuke', 'Queenstown', '872 Janine Road Singapore 759853', 'Gwen', 'vmaUAZbXeVkUrxxkRtyELPUSSfYkSVcuAXgilYqbfpsyKmVUTNasVthoOHniaXZzBImOxdeuYtsCTgAslnAPmJVuXXiRlkwVMgRh', 10, '2019-04-11 9:5:0');
INSERT INTO Rates (raid, rname, aname, address, username, comment, score, dateTime) VALUES (32, 'Phat Kettle O Prawns', 'Bedok', '425 Rodrigo Road Singapore 654070', 'Debby', 'bOLQymDkgHoRvKTlbqKhawDbKAYNTIcfbLDEvIwZfevKwJuYakVVavDLBxCMbopRheBpJvGpEAGzJWeVvUUjQFZFehIonDMaQhTv', 9, '2019-04-11 0:50:5');
INSERT INTO Rates (raid, rname, aname, address, username, comment, score, dateTime) VALUES (33, 'Sasskatchy!', 'North-Eastern Islands', '415 Bradly Road Singapore 104018', 'Ricki', 'DFZJoJgEmttkndfypQcfmtkgYybkLAPvuUvFwMvVaRLmMjNJBkPexZAAbMcRsxNswODAhKCZWMNLjTePcJuXZkHQVruFnYYOpLBT', 2, '2019-04-11 13:7:55');
INSERT INTO Rates (raid, rname, aname, address, username, comment, score, dateTime) VALUES (34, 'Friendly Fire', 'Woodlands', '238 Ofelia Road Singapore 383043', 'Barney', 'gGdcvcxbAhNWEvhenIKgSmTTrLzBJIZaOTbPUeCrgXsFIYmjfaIDkowdCBpwjETNisdCAIGPeNwyqCLhqkteQJvoyANTVaeKaAyk', 5, '2019-04-11 9:16:37');
INSERT INTO Rates (raid, rname, aname, address, username, comment, score, dateTime) VALUES (35, 'Plastique', 'Pasir Ris', '790 Raven Road Singapore 166620', 'Donya', 'wQfSoIffGOSunjxrbCNGPHqnWpryWdezEFVduFHuUHUixLfmtGQYZtfpjbfRizOMMVqRPxpPqPJDWDzqdBZVldBaGibIhcmcpFhy', 2, '2019-04-11 23:46:14');
INSERT INTO Rates (raid, rname, aname, address, username, comment, score, dateTime) VALUES (36, 'Coffee Lodge', 'Ang Mo Kio', '824 Eleanora Road Singapore 502172', 'Faith', 'kGlZeGbTIlKquOJAnYxNEwJUAXwUksXzPMVvXvrDrymMwFwirzqlGfCTbzzoanmPgBwzLMAptJiCGUYPpwgakgNaKahOtoRgSHBi', 3, '2019-04-11 1:20:47');
INSERT INTO Rates (raid, rname, aname, address, username, comment, score, dateTime) VALUES (37, 'Rockyard', 'Bukit Timah', '364 Veola Road Singapore 646470', 'Kallie', 'gpTKyAhXPfNkxkWpnexXAVMatreWUYVbtoYEgSMOKRXvHGrksDVxqVGazEwMNDwsxAuFOXcDxaUwjJDWYZgPqRzQasOQayhpGKlH', 9, '2019-04-11 10:45:13');
INSERT INTO Rates (raid, rname, aname, address, username, comment, score, dateTime) VALUES (38, 'Peace Meal', 'Rochor', '171 Toni Road Singapore 339409', 'Bradly', 'FXJGhAbyGPNAJvHqJaQfboHouCmsVsKntUJmUIOHVfwUEDEGiQAvzbJavRalsBqtzDCrLiAmlypvLzshBbjRtXFapBpEpjcIKhPn', 3, '2019-04-11 19:54:4');
INSERT INTO Rates (raid, rname, aname, address, username, comment, score, dateTime) VALUES (39, 'Bob Mutton', 'Serangoon', '960 Alton Road Singapore 480835', 'Christiana', 'QSBLZHomZUoxVwTMpnpDAGxjQDkuJAwmmTYCHpYnrAmsLASsTavNMgcmxfySdsHOFitTQaPmRyvRVIjVUnLaJoQDervrmjALxdnW', 3, '2019-04-11 3:41:18');
INSERT INTO Rates (raid, rname, aname, address, username, comment, score, dateTime) VALUES (40, 'Quick Licks', 'Paya Lebar', '189 Stephani Road Singapore 426329', 'Penny', 'VmoygfaENLsBDbePQGBxbWovkWExdMosXnoihlhjztsBMJutxbyejcgYyceWwzgvJfGmSJgPLrvOiBDsRNhDOUigibsaifnGqUEV', 4, '2019-04-11 7:47:28');
INSERT INTO Rates (raid, rname, aname, address, username, comment, score, dateTime) VALUES (41, 'AstroCoffee', 'Ang Mo Kio', '547 Byron Road Singapore 673372', 'Alton', 'BBFMPnNrJcURJEyjcMMBPqDeQLaBcHJaGxHHttwqElAKkLZACpTKxEjbpizLHpZvTEcRczOBZFwpjNnUmTFbrHmuxRkzgAFqQztE', 0, '2019-04-11 9:59:6');
INSERT INTO Rates (raid, rname, aname, address, username, comment, score, dateTime) VALUES (42, 'Quick Licks', 'Ang Mo Kio', '261 Carlotta Road Singapore 542936', 'Tashia', 'SkFXFHXZQblyuHvlZyiavQnstTQLcwgHipFwvFsyDZmTiNsCNzqwwFkiqUkYSYhjfCXKzlSZFQcLcXNvulEcARGmpbbpokJzKipx', 4, '2019-04-11 14:25:8');
INSERT INTO Rates (raid, rname, aname, address, username, comment, score, dateTime) VALUES (43, 'Meow Meow', 'Boon Lay', '294 Ofelia Road Singapore 547477', 'Madlyn', 'wtmLgIWsOcveMGHWkQqMjUgcTxpxNSJRrTXBFNctAEhcpoIPjMXDuwnoNEmRnnSwmHMddlUAPYhxREgwaPGrWogFQRwQjcWwwmKj', 5, '2019-04-11 22:35:32');
INSERT INTO Rates (raid, rname, aname, address, username, comment, score, dateTime) VALUES (44, 'The Lunchroom', 'Hougang', '980 Althea Road Singapore 720569', 'Conception', 'oDrVUmWMgRKczUvArXwVDllCRsJBIsJAtYUabgdgYcPhpUTohlLmeHPBRvkwRwdqUErKqwhydkuwQfitPFIkClIVOUvlztqioqUp', 4, '2019-04-11 0:10:35');
INSERT INTO Rates (raid, rname, aname, address, username, comment, score, dateTime) VALUES (45, 'Atomic Coffee', 'Seletar', '905 Deandrea Road Singapore 712811', 'Rodger', 'PNzYUdqbjmaZaWoIFEuNVsVJHVNNFLEPDRUaelLYjqZyVQtmybputWAnEYVaPwJmsNeBbhJDXQHjnbVkKyhnFURrHHMdvzyEhzuJ', 6, '2019-04-11 7:39:36');
INSERT INTO Rates (raid, rname, aname, address, username, comment, score, dateTime) VALUES (46, 'Food Frolic', 'Marine Parade', '126 Cindie Road Singapore 817574', 'Merna', 'clViPXftPWwGFWIbLaeYkeexdzwRLvYrDCFHUhkSCNwoVOLBKKPTzXipakiyeMXsUeOZTPhHKNToxAjooewnYFJUDpQRhQZNMbvA', 8, '2019-04-11 6:13:59');
INSERT INTO Rates (raid, rname, aname, address, username, comment, score, dateTime) VALUES (47, 'Jackie Diamonds', 'Woodlands', '42 Kimber Road Singapore 817076', 'Blair', 'DjXmbJFOfGfrNOvQSHjiSVwIRzFPjLUyofJqrBaEzWrEkfKyMbdPfmLfcsFUJJCnrXeRSgqkCtGIPklawObtFnBGQasbzXztLEkE', 5, '2019-04-11 9:48:13');
INSERT INTO Rates (raid, rname, aname, address, username, comment, score, dateTime) VALUES (48, 'Pizza Experience', 'Clementi', '555 Tena Road Singapore 839462', 'Fredda', 'oaGePXdTzqnwYupMncHmUhZzoXgHvzmFpJmXKYgAVWqEoUDpbFvUGWtWZcPUEDrJvCIeZqTsOwHBPNLnZbGPqazqTSbcIODmKqaU', 7, '2019-04-11 15:43:49');
INSERT INTO Rates (raid, rname, aname, address, username, comment, score, dateTime) VALUES (49, 'Jackie Diamonds', 'Rochor', '258 Scotty Road Singapore 908579', 'Kenny', 'MKpvijqkVbouuoisahdMhhbfyEgiGIIMPVjtHkZXZZQEIHfyLiZrdvukpjdWkoDeqcDthkWIDiinogpbkdDVNHrHTaIhyayBSXtC', 0, '2019-04-11 19:3:54');
INSERT INTO RestaurantPromos (rname, discount, startDate, endDate) VALUES ('Sasskatchy!', 31, '2019-5-1', '2019-6-1');
INSERT INTO RestaurantPromos (rname, discount, startDate, endDate) VALUES ('Pizza Experience', 21, '2019-4-6', '2019-5-6');
INSERT INTO RestaurantPromos (rname, discount, startDate, endDate) VALUES ('Prawn Phreak', 37, '2019-3-26', '2019-4-26');
INSERT INTO RestaurantPromos (rname, discount, startDate, endDate) VALUES ('Coffee Lodge', 19, '2019-6-3', '2019-7-3');
INSERT INTO RestaurantPromos (rname, discount, startDate, endDate) VALUES ('Snark Bite', 6, '2019-5-25', '2019-6-25');
INSERT INTO RestaurantPromos (rname, discount, startDate, endDate) VALUES ('Bob Mutton', 45, '2019-1-16', '2019-2-16');
INSERT INTO RestaurantPromos (rname, discount, startDate, endDate) VALUES ('Tarmac', 3, '2019-4-21', '2019-5-21');
INSERT INTO RestaurantPromos (rname, discount, startDate, endDate) VALUES ('Meow Meow', 14, '2019-2-27', '2019-3-27');
INSERT INTO RestaurantPromos (rname, discount, startDate, endDate) VALUES ('Plastique', 5, '2019-5-23', '2019-6-23');
INSERT INTO RestaurantPromos (rname, discount, startDate, endDate) VALUES ('The Raspy Magpie', 21, '2019-6-21', '2019-7-21');
