INSERT INTO Users (username, password) VALUES ('Kimberley', 'tGUjyXsvGr');
INSERT INTO Users (username, password) VALUES ('Giovanni', 'FkpXGQVkHh');
INSERT INTO Users (username, password) VALUES ('Tamela', 'PRbYlNAPas');
INSERT INTO Users (username, password) VALUES ('Ofelia', 'AZMVQbTmJi');
INSERT INTO Users (username, password) VALUES ('Tena', 'ZKcefGVkXm');
INSERT INTO Users (username, password) VALUES ('Genoveva', 'ZPLFYiOASU');
INSERT INTO Users (username, password) VALUES ('Reena', 'ueclFzMqZx');
INSERT INTO Users (username, password) VALUES ('Ken', 'dUVwPdzkvq');
INSERT INTO Users (username, password) VALUES ('Modesto', 'PnVaZTNSfV');
INSERT INTO Users (username, password) VALUES ('Aurea', 'YpRFayUDkv');
INSERT INTO Users (username, password) VALUES ('Connie', 'ycoimTeQAe');
INSERT INTO Users (username, password) VALUES ('Susanne', 'gxUzkbJYAd');
INSERT INTO Users (username, password) VALUES ('Althea', 'KcTXoWzWlL');
INSERT INTO Users (username, password) VALUES ('Denyse', 'SdxqYqNFym');
INSERT INTO Users (username, password) VALUES ('Madge', 'PjjGZzRXGt');
INSERT INTO Users (username, password) VALUES ('Rozanne', 'QyvCpaYqhG');
INSERT INTO Users (username, password) VALUES ('Adriane', 'RUtUMNTroi');
INSERT INTO Users (username, password) VALUES ('Carman', 'ZegBmzMBmA');
INSERT INTO Users (username, password) VALUES ('Lakeesha', 'bXNRUlwKTY');
INSERT INTO Users (username, password) VALUES ('Stephane', 'bavrSNQfBN');
INSERT INTO Users (username, password) VALUES ('Raven', 'jgbvusNyee');
INSERT INTO Users (username, password) VALUES ('Devon', 'LMsZFSYgWJ');
INSERT INTO Users (username, password) VALUES ('Zenia', 'WzIwXoYIfB');
INSERT INTO Users (username, password) VALUES ('Deandrea', 'lfkediKcut');
INSERT INTO Users (username, password) VALUES ('Deetta', 'jolwEYVuPM');
INSERT INTO Users (username, password) VALUES ('Carlotta', 'qsXVANPyIA');
INSERT INTO Users (username, password) VALUES ('Gregg', 'erLXjdrdnD');
INSERT INTO Users (username, password) VALUES ('Brigid', 'SflVSptiee');
INSERT INTO Users (username, password) VALUES ('Fausto', 'BXhWjMmUmK');
INSERT INTO Users (username, password) VALUES ('Veola', 'aPzGNbYrBi');
INSERT INTO Users (username, password) VALUES ('Argelia', 'wUiEtaIkax');
INSERT INTO Users (username, password) VALUES ('Aisha', 'GCwtfSQyiI');
INSERT INTO Users (username, password) VALUES ('Elanor', 'JKElIhFsBi');
INSERT INTO Users (username, password) VALUES ('Staci', 'aqyjvorbMu');
INSERT INTO Users (username, password) VALUES ('Krystle', 'dSiyiiLLtg');
INSERT INTO Users (username, password) VALUES ('Laurena', 'cLpEmlgcTp');
INSERT INTO Users (username, password) VALUES ('Cory', 'BRktVeWdyp');
INSERT INTO Users (username, password) VALUES ('Karina', 'bjhItscSzk');
INSERT INTO Users (username, password) VALUES ('Sherryl', 'MtrQEjAKpD');
INSERT INTO Users (username, password) VALUES ('Artie', 'uwodGPkSRo');
INSERT INTO Users (username, password) VALUES ('Jay', 'fPkyhztsIQ');
INSERT INTO Users (username, password) VALUES ('Joana', 'sWIjZLvPbC');
INSERT INTO Users (username, password) VALUES ('Karon', 'fKWalKOKjJ');
INSERT INTO Users (username, password) VALUES ('Cindie', 'lgylLnniHT');
INSERT INTO Users (username, password) VALUES ('Stewart', 'AvifHfSnDw');
INSERT INTO Users (username, password) VALUES ('Jed', 'norUyZeGWf');
INSERT INTO Users (username, password) VALUES ('Oma', 'AXePScajJt');
INSERT INTO Users (username, password) VALUES ('Savanna', 'DqkRkrGESZ');
INSERT INTO Users (username, password) VALUES ('Everett', 'lqSRThgUWe');
INSERT INTO Users (username, password) VALUES ('Trevor', 'mJYnJGthrV');
INSERT INTO Users (username, password) VALUES ('Mika', 'gNdjsWfCgv');
INSERT INTO Users (username, password) VALUES ('Byron', 'qPIQorgXJD');
INSERT INTO Users (username, password) VALUES ('Florentino', 'BcbksTrWNk');
INSERT INTO Users (username, password) VALUES ('Maria', 'OGGbArwyCS');
INSERT INTO Users (username, password) VALUES ('Kathy', 'aIJXVRnFWH');
INSERT INTO Users (username, password) VALUES ('Bernarda', 'XvLRDmDNpa');
INSERT INTO Users (username, password) VALUES ('Michaela', 'hBQQVgODno');
INSERT INTO Users (username, password) VALUES ('Kimber', 'NhEqlFHMSA');
INSERT INTO Users (username, password) VALUES ('Isabell', 'OyJjqFKrzp');
INSERT INTO Users (username, password) VALUES ('Toni', 'ztTqveMmTj');
INSERT INTO Users (username, password) VALUES ('Luisa', 'yWbiJavAfF');
INSERT INTO Users (username, password) VALUES ('Raphael', 'ctiBuwQELo');
INSERT INTO Users (username, password) VALUES ('Magdalena', 'ZRXIRodSvo');
INSERT INTO Users (username, password) VALUES ('Azzie', 'FHpLSJWKPn');
INSERT INTO Users (username, password) VALUES ('Charolette', 'YuMOnICgtC');
INSERT INTO Users (username, password) VALUES ('Karima', 'JXXzpPIzkJ');
INSERT INTO Users (username, password) VALUES ('Janine', 'VLIZoBqhkJ');
INSERT INTO Users (username, password) VALUES ('Rosalee', 'wZsKXYsUbp');
INSERT INTO Users (username, password) VALUES ('Eleanora', 'kctQrgtFLX');
INSERT INTO Users (username, password) VALUES ('Stephani', 'VjFTGnRzqJ');
INSERT INTO Users (username, password) VALUES ('Tammie', 'kjBMtluPUk');
INSERT INTO Users (username, password) VALUES ('Flo', 'LwFiddErcd');
INSERT INTO Users (username, password) VALUES ('Verna', 'zBnWOhYYxf');
INSERT INTO Users (username, password) VALUES ('Sunni', 'btbCwcjnMG');
INSERT INTO Users (username, password) VALUES ('Rodrigo', 'nmVntonnMA');
INSERT INTO Users (username, password) VALUES ('Janetta', 'JAftbkmqgy');
INSERT INTO Users (username, password) VALUES ('Scotty', 'fTfYLtyExb');
INSERT INTO Users (username, password) VALUES ('Mayme', 'mOoAcWEZSp');
INSERT INTO Users (username, password) VALUES ('Madelaine', 'YRTitWiDyH');
INSERT INTO Users (username, password) VALUES ('Daisey', 'OxvAvukQMO');
INSERT INTO Users (username, password) VALUES ('Marya', 'zPqKfCreyf');
INSERT INTO Users (username, password) VALUES ('Gwen', 'PmesZmrKlW');
INSERT INTO Users (username, password) VALUES ('Debby', 'wdrAdfwGik');
INSERT INTO Users (username, password) VALUES ('Ricki', 'FWXwDesiED');
INSERT INTO Users (username, password) VALUES ('Barney', 'NfCBnBCFMC');
INSERT INTO Users (username, password) VALUES ('Donya', 'XiUTcCStwj');
INSERT INTO Users (username, password) VALUES ('Faith', 'yDyZIieoeK');
INSERT INTO Users (username, password) VALUES ('Kallie', 'MwAnaZPaiz');
INSERT INTO Users (username, password) VALUES ('Bradly', 'gWhVKnXRMm');
INSERT INTO Users (username, password) VALUES ('Christiana', 'ryPHcLERDr');
INSERT INTO Users (username, password) VALUES ('Penny', 'VIJzlEZzrw');
INSERT INTO Users (username, password) VALUES ('Alton', 'iEXORMHnzq');
INSERT INTO Users (username, password) VALUES ('Tashia', 'sDiAenKEbn');
INSERT INTO Users (username, password) VALUES ('Madlyn', 'VVBnxcBTQd');
INSERT INTO Users (username, password) VALUES ('Conception', 'RHTSkJwKCu');
INSERT INTO Users (username, password) VALUES ('Rodger', 'aXXYhygPJw');
INSERT INTO Users (username, password) VALUES ('Merna', 'nqurGnoOLq');
INSERT INTO Users (username, password) VALUES ('Blair', 'EKrQhlGWmM');
INSERT INTO Users (username, password) VALUES ('Fredda', 'KJkWpsHsmP');
INSERT INTO Users (username, password) VALUES ('Kenny', 'bYvxiSUxND');
INSERT INTO Cuisines (cname) VALUES ('Italian');
INSERT INTO Cuisines (cname) VALUES ('Mexican');
INSERT INTO Cuisines (cname) VALUES ('Chinese');
INSERT INTO Cuisines (cname) VALUES ('Indian');
INSERT INTO Cuisines (cname) VALUES ('Japanese');
INSERT INTO Cuisines (cname) VALUES ('Greek');
INSERT INTO Cuisines (cname) VALUES ('Spanish');
INSERT INTO Cuisines (cname) VALUES ('French');
INSERT INTO Cuisines (cname) VALUES ('Thai');
INSERT INTO Cuisines (cname) VALUES ('Vietnamese');
INSERT INTO Cuisines (cname) VALUES ('Korean');
INSERT INTO Cuisines (cname) VALUES ('Vegetarian');
INSERT INTO Cuisines (cname) VALUES ('American');
INSERT INTO Cuisines (cname) VALUES ('German');
INSERT INTO Cuisines (cname) VALUES ('Fusion');
INSERT INTO Cuisines (cname) VALUES ('Russian');
INSERT INTO Cuisines (cname) VALUES ('Desert');
INSERT INTO Cuisines (cname) VALUES ('Singaporean');
INSERT INTO Cuisines (cname) VALUES ('Indonesian');
INSERT INTO Cuisines (cname) VALUES ('Filipino');
INSERT INTO Restaurants (rname, cname) VALUES ('Peace Meal', 'Italian');
INSERT INTO Restaurants (rname, cname) VALUES ('Waffle Stomper', 'Chinese');
INSERT INTO Restaurants (rname, cname) VALUES ('Zuke', 'Fusion');
INSERT INTO Restaurants (rname, cname) VALUES ('Bob Mutton', 'Spanish');
INSERT INTO Restaurants (rname, cname) VALUES ('Food Frolic', 'Chinese');
INSERT INTO Restaurants (rname, cname) VALUES ('Minga', 'Italian');
INSERT INTO Restaurants (rname, cname) VALUES ('The Raspy Magpie', 'Korean');
INSERT INTO Restaurants (rname, cname) VALUES ('Unit Socrates', 'Italian');
INSERT INTO Restaurants (rname, cname) VALUES ('Ozean', 'Filipino');
INSERT INTO Restaurants (rname, cname) VALUES ('The Crazy Crawfish', 'German');
INSERT INTO Restaurants (rname, cname) VALUES ('Cornpone Castle', 'Spanish');
INSERT INTO Restaurants (rname, cname) VALUES ('Lyricalia', 'Thai');
INSERT INTO Restaurants (rname, cname) VALUES ('Quickie Lickie', 'Thai');
INSERT INTO Restaurants (rname, cname) VALUES ('Prawn Phreak', 'Italian');
INSERT INTO Restaurants (rname, cname) VALUES ('Rockyard', 'Italian');
INSERT INTO Restaurants (rname, cname) VALUES ('Flambo', 'Indonesian');
INSERT INTO Restaurants (rname, cname) VALUES ('Bennies Fishery', 'Vegetarian');
INSERT INTO Restaurants (rname, cname) VALUES ('Shakedown', 'Indonesian');
INSERT INTO Restaurants (rname, cname) VALUES ('Gorganic', 'Spanish');
INSERT INTO Restaurants (rname, cname) VALUES ('AstroCoffee', 'Singaporean');
INSERT INTO Restaurants (rname, cname) VALUES ('Pizza Experience', 'Desert');
INSERT INTO Restaurants (rname, cname) VALUES ('Banjo Pancake', 'Desert');
INSERT INTO Restaurants (rname, cname) VALUES ('Atomic Coffee', 'German');
INSERT INTO Restaurants (rname, cname) VALUES ('Coffee Lodge', 'Mexican');
INSERT INTO Restaurants (rname, cname) VALUES ('Friendly Fire', 'Indian');
INSERT INTO Restaurants (rname, cname) VALUES ('Tandoori Vittles', 'German');
INSERT INTO Restaurants (rname, cname) VALUES ('Sasskatchy!', 'Greek');
INSERT INTO Restaurants (rname, cname) VALUES ('Tarmac', 'Thai');
INSERT INTO Restaurants (rname, cname) VALUES ('Slow & Pulpy', 'American');
INSERT INTO Restaurants (rname, cname) VALUES ('Lambastica', 'French');
INSERT INTO Restaurants (rname, cname) VALUES ('The Lunchroom', 'Russian');
INSERT INTO Restaurants (rname, cname) VALUES ('Jackie Diamonds', 'Japanese');
INSERT INTO Restaurants (rname, cname) VALUES ('Phat Kettle O Prawns', 'Vegetarian');
INSERT INTO Restaurants (rname, cname) VALUES ('ExoPlanet', 'Greek');
INSERT INTO Restaurants (rname, cname) VALUES ('Food Haus', 'German');
INSERT INTO Restaurants (rname, cname) VALUES ('Snark Bite', 'Vegetarian');
INSERT INTO Restaurants (rname, cname) VALUES ('Que', 'Desert');
INSERT INTO Restaurants (rname, cname) VALUES ('Meow Meow', 'Singaporean');
INSERT INTO Restaurants (rname, cname) VALUES ('Plastique', 'Indian');
INSERT INTO Restaurants (rname, cname) VALUES ('Lotus Boogie', 'Japanese');
INSERT INTO Restaurants (rname, cname) VALUES ('Taste Tease', 'Fusion');
INSERT INTO Restaurants (rname, cname) VALUES ('Aroma Borealis', 'French');
INSERT INTO Restaurants (rname, cname) VALUES ('Tersanki', 'Greek');
INSERT INTO Restaurants (rname, cname) VALUES ('Coffee Cat', 'Chinese');
INSERT INTO Restaurants (rname, cname) VALUES ('Quick Licks', 'Italian');
INSERT INTO Restaurants (rname, cname) VALUES ('Crustatia', 'Indian');
INSERT INTO Restaurants (rname, cname) VALUES ('The Running Monk', 'Thai');
INSERT INTO Restaurants (rname, cname) VALUES ('The Glassy Eye', 'Fusion');
INSERT INTO Restaurants (rname, cname) VALUES ('The Spigot', 'Chinese');
INSERT INTO Restaurants (rname, cname) VALUES ('Passion Pork', 'Filipino');
INSERT INTO Owners (username, rname) VALUES ('Kimberley', 'Peace Meal');
INSERT INTO Owners (username, rname) VALUES ('Giovanni', 'Waffle Stomper');
INSERT INTO Owners (username, rname) VALUES ('Tamela', 'Zuke');
INSERT INTO Owners (username, rname) VALUES ('Ofelia', 'Bob Mutton');
INSERT INTO Owners (username, rname) VALUES ('Tena', 'Food Frolic');
INSERT INTO Owners (username, rname) VALUES ('Genoveva', 'Minga');
INSERT INTO Owners (username, rname) VALUES ('Reena', 'The Raspy Magpie');
INSERT INTO Owners (username, rname) VALUES ('Ken', 'Unit Socrates');
INSERT INTO Owners (username, rname) VALUES ('Modesto', 'Ozean');
INSERT INTO Owners (username, rname) VALUES ('Aurea', 'The Crazy Crawfish');
INSERT INTO Owners (username, rname) VALUES ('Connie', 'Cornpone Castle');
INSERT INTO Owners (username, rname) VALUES ('Susanne', 'Lyricalia');
INSERT INTO Owners (username, rname) VALUES ('Althea', 'Quickie Lickie');
INSERT INTO Owners (username, rname) VALUES ('Denyse', 'Prawn Phreak');
INSERT INTO Owners (username, rname) VALUES ('Madge', 'Rockyard');
INSERT INTO Owners (username, rname) VALUES ('Rozanne', 'Flambo');
INSERT INTO Owners (username, rname) VALUES ('Adriane', 'Bennies Fishery');
INSERT INTO Owners (username, rname) VALUES ('Carman', 'Shakedown');
INSERT INTO Owners (username, rname) VALUES ('Lakeesha', 'Gorganic');
INSERT INTO Owners (username, rname) VALUES ('Stephane', 'AstroCoffee');
INSERT INTO Owners (username, rname) VALUES ('Raven', 'Pizza Experience');
INSERT INTO Owners (username, rname) VALUES ('Devon', 'Banjo Pancake');
INSERT INTO Owners (username, rname) VALUES ('Zenia', 'Atomic Coffee');
INSERT INTO Owners (username, rname) VALUES ('Deandrea', 'Coffee Lodge');
INSERT INTO Owners (username, rname) VALUES ('Deetta', 'Friendly Fire');
INSERT INTO Owners (username, rname) VALUES ('Carlotta', 'Tandoori Vittles');
INSERT INTO Owners (username, rname) VALUES ('Gregg', 'Sasskatchy!');
INSERT INTO Owners (username, rname) VALUES ('Brigid', 'Tarmac');
INSERT INTO Owners (username, rname) VALUES ('Fausto', 'Slow & Pulpy');
INSERT INTO Owners (username, rname) VALUES ('Veola', 'Lambastica');
INSERT INTO Owners (username, rname) VALUES ('Argelia', 'The Lunchroom');
INSERT INTO Owners (username, rname) VALUES ('Aisha', 'Jackie Diamonds');
INSERT INTO Owners (username, rname) VALUES ('Elanor', 'Phat Kettle O Prawns');
INSERT INTO Owners (username, rname) VALUES ('Staci', 'ExoPlanet');
INSERT INTO Owners (username, rname) VALUES ('Krystle', 'Food Haus');
INSERT INTO Owners (username, rname) VALUES ('Laurena', 'Snark Bite');
INSERT INTO Owners (username, rname) VALUES ('Cory', 'Que');
INSERT INTO Owners (username, rname) VALUES ('Karina', 'Meow Meow');
INSERT INTO Owners (username, rname) VALUES ('Sherryl', 'Plastique');
INSERT INTO Owners (username, rname) VALUES ('Artie', 'Lotus Boogie');
INSERT INTO Owners (username, rname) VALUES ('Jay', 'Taste Tease');
INSERT INTO Owners (username, rname) VALUES ('Joana', 'Aroma Borealis');
INSERT INTO Owners (username, rname) VALUES ('Karon', 'Tersanki');
INSERT INTO Owners (username, rname) VALUES ('Cindie', 'Coffee Cat');
INSERT INTO Owners (username, rname) VALUES ('Stewart', 'Quick Licks');
INSERT INTO Owners (username, rname) VALUES ('Jed', 'Crustatia');
INSERT INTO Owners (username, rname) VALUES ('Oma', 'The Running Monk');
INSERT INTO Owners (username, rname) VALUES ('Savanna', 'The Glassy Eye');
INSERT INTO Owners (username, rname) VALUES ('Everett', 'The Spigot');
INSERT INTO Owners (username, rname) VALUES ('Trevor', 'Passion Pork');
INSERT INTO Diners (username) VALUES ('Mika');
INSERT INTO Diners (username) VALUES ('Byron');
INSERT INTO Diners (username) VALUES ('Florentino');
INSERT INTO Diners (username) VALUES ('Maria');
INSERT INTO Diners (username) VALUES ('Kathy');
INSERT INTO Diners (username) VALUES ('Bernarda');
INSERT INTO Diners (username) VALUES ('Michaela');
INSERT INTO Diners (username) VALUES ('Kimber');
INSERT INTO Diners (username) VALUES ('Isabell');
INSERT INTO Diners (username) VALUES ('Toni');
INSERT INTO Diners (username) VALUES ('Luisa');
INSERT INTO Diners (username) VALUES ('Raphael');
INSERT INTO Diners (username) VALUES ('Magdalena');
INSERT INTO Diners (username) VALUES ('Azzie');
INSERT INTO Diners (username) VALUES ('Charolette');
INSERT INTO Diners (username) VALUES ('Karima');
INSERT INTO Diners (username) VALUES ('Janine');
INSERT INTO Diners (username) VALUES ('Rosalee');
INSERT INTO Diners (username) VALUES ('Eleanora');
INSERT INTO Diners (username) VALUES ('Stephani');
INSERT INTO Diners (username) VALUES ('Tammie');
INSERT INTO Diners (username) VALUES ('Flo');
INSERT INTO Diners (username) VALUES ('Verna');
INSERT INTO Diners (username) VALUES ('Sunni');
INSERT INTO Diners (username) VALUES ('Rodrigo');
INSERT INTO Diners (username) VALUES ('Janetta');
INSERT INTO Diners (username) VALUES ('Scotty');
INSERT INTO Diners (username) VALUES ('Mayme');
INSERT INTO Diners (username) VALUES ('Madelaine');
INSERT INTO Diners (username) VALUES ('Daisey');
INSERT INTO Diners (username) VALUES ('Marya');
INSERT INTO Diners (username) VALUES ('Gwen');
INSERT INTO Diners (username) VALUES ('Debby');
INSERT INTO Diners (username) VALUES ('Ricki');
INSERT INTO Diners (username) VALUES ('Barney');
INSERT INTO Diners (username) VALUES ('Donya');
INSERT INTO Diners (username) VALUES ('Faith');
INSERT INTO Diners (username) VALUES ('Kallie');
INSERT INTO Diners (username) VALUES ('Bradly');
INSERT INTO Diners (username) VALUES ('Christiana');
INSERT INTO Diners (username) VALUES ('Penny');
INSERT INTO Diners (username) VALUES ('Alton');
INSERT INTO Diners (username) VALUES ('Tashia');
INSERT INTO Diners (username) VALUES ('Madlyn');
INSERT INTO Diners (username) VALUES ('Conception');
INSERT INTO Diners (username) VALUES ('Rodger');
INSERT INTO Diners (username) VALUES ('Merna');
INSERT INTO Diners (username) VALUES ('Blair');
INSERT INTO Diners (username) VALUES ('Fredda');
INSERT INTO Diners (username) VALUES ('Kenny');
INSERT INTO RestaurantAreas (rname, aname, address, startTime, endTime) VALUES ('Peace Meal', 'Western Water Catchment', '74 Toni Road Singapore 850505', '11:00', '20:00');
INSERT INTO RestaurantAreas (rname, aname, address, startTime, endTime) VALUES ('Peace Meal', 'Marine Parade', '441 Bradly Road Singapore 991277', '7:00', '19:00');
INSERT INTO RestaurantAreas (rname, aname, address, startTime, endTime) VALUES ('Peace Meal', 'Sembawang', '212 Kimber Road Singapore 971981', '6:00', '21:00');
INSERT INTO RestaurantAreas (rname, aname, address, startTime, endTime) VALUES ('Peace Meal', 'Orchard', '554 Stephane Road Singapore 106325', '7:00', '22:00');
INSERT INTO RestaurantAreas (rname, aname, address, startTime, endTime) VALUES ('Peace Meal', 'Changi Bay', '369 Kathy Road Singapore 178607', '8:00', '19:00');
INSERT INTO RestaurantAreas (rname, aname, address, startTime, endTime) VALUES ('Waffle Stomper', 'Straits View', '58 Byron Road Singapore 806478', '11:00', '19:00');
INSERT INTO RestaurantAreas (rname, aname, address, startTime, endTime) VALUES ('Waffle Stomper', 'Hougang', '450 Denyse Road Singapore 217617', '8:00', '21:00');
INSERT INTO RestaurantAreas (rname, aname, address, startTime, endTime) VALUES ('Waffle Stomper', 'Punggol', '243 Savanna Road Singapore 533830', '7:00', '22:00');
INSERT INTO RestaurantAreas (rname, aname, address, startTime, endTime) VALUES ('Waffle Stomper', 'Novena', '510 Trevor Road Singapore 378840', '10:00', '18:00');
INSERT INTO RestaurantAreas (rname, aname, address, startTime, endTime) VALUES ('Waffle Stomper', 'Outram', '324 Karina Road Singapore 680207', '6:00', '22:00');
INSERT INTO RestaurantAreas (rname, aname, address, startTime, endTime) VALUES ('Zuke', 'Jurong East', '232 Maria Road Singapore 756990', '6:00', '18:00');
INSERT INTO RestaurantAreas (rname, aname, address, startTime, endTime) VALUES ('Zuke', 'Jurong East', '778 Fredda Road Singapore 134646', '8:00', '18:00');
INSERT INTO RestaurantAreas (rname, aname, address, startTime, endTime) VALUES ('Zuke', 'Orchard', '693 Fredda Road Singapore 627750', '8:00', '18:00');
INSERT INTO RestaurantAreas (rname, aname, address, startTime, endTime) VALUES ('Zuke', 'Sembawang', '906 Reena Road Singapore 374842', '10:00', '19:00');
INSERT INTO RestaurantAreas (rname, aname, address, startTime, endTime) VALUES ('Zuke', 'Singapore River', '338 Rodrigo Road Singapore 985639', '7:00', '23:00');
INSERT INTO RestaurantAreas (rname, aname, address, startTime, endTime) VALUES ('Bob Mutton', 'North-Eastern Islands', '11 Susanne Road Singapore 489711', '8:00', '20:00');
INSERT INTO RestaurantAreas (rname, aname, address, startTime, endTime) VALUES ('Bob Mutton', 'Bukit Merah', '372 Everett Road Singapore 384840', '9:00', '20:00');
INSERT INTO RestaurantAreas (rname, aname, address, startTime, endTime) VALUES ('Bob Mutton', 'Simpang', '633 Charolette Road Singapore 460222', '9:00', '19:00');
INSERT INTO RestaurantAreas (rname, aname, address, startTime, endTime) VALUES ('Bob Mutton', 'Sembawang', '78 Staci Road Singapore 242066', '9:00', '19:00');
INSERT INTO RestaurantAreas (rname, aname, address, startTime, endTime) VALUES ('Bob Mutton', 'Changi', '935 Aisha Road Singapore 241534', '6:00', '18:00');
INSERT INTO RestaurantAreas (rname, aname, address, startTime, endTime) VALUES ('Food Frolic', 'Western Islands', '526 Tena Road Singapore 898463', '8:00', '22:00');
INSERT INTO RestaurantAreas (rname, aname, address, startTime, endTime) VALUES ('Food Frolic', 'Ang Mo Kio', '374 Alton Road Singapore 416666', '8:00', '22:00');
INSERT INTO RestaurantAreas (rname, aname, address, startTime, endTime) VALUES ('Food Frolic', 'Geylang', '431 Aisha Road Singapore 928855', '8:00', '18:00');
INSERT INTO RestaurantAreas (rname, aname, address, startTime, endTime) VALUES ('Food Frolic', 'Changi Bay', '257 Artie Road Singapore 735425', '6:00', '19:00');
INSERT INTO RestaurantAreas (rname, aname, address, startTime, endTime) VALUES ('Food Frolic', 'Queenstown', '229 Adriane Road Singapore 468026', '11:00', '20:00');
INSERT INTO RestaurantAreas (rname, aname, address, startTime, endTime) VALUES ('Minga', 'Woodlands', '165 Flo Road Singapore 629216', '9:00', '19:00');
INSERT INTO RestaurantAreas (rname, aname, address, startTime, endTime) VALUES ('Minga', 'Bishan', '198 Ofelia Road Singapore 211484', '8:00', '18:00');
INSERT INTO RestaurantAreas (rname, aname, address, startTime, endTime) VALUES ('Minga', 'Choa Chu Kang', '103 Kimberley Road Singapore 237146', '8:00', '18:00');
INSERT INTO RestaurantAreas (rname, aname, address, startTime, endTime) VALUES ('Minga', 'Serangoon', '560 Everett Road Singapore 171585', '10:00', '19:00');
INSERT INTO RestaurantAreas (rname, aname, address, startTime, endTime) VALUES ('Minga', 'Straits View', '256 Zenia Road Singapore 224909', '8:00', '20:00');
INSERT INTO RestaurantAreas (rname, aname, address, startTime, endTime) VALUES ('The Raspy Magpie', 'Novena', '499 Karina Road Singapore 688014', '6:00', '19:00');
INSERT INTO RestaurantAreas (rname, aname, address, startTime, endTime) VALUES ('The Raspy Magpie', 'Bukit Timah', '58 Marya Road Singapore 911432', '7:00', '19:00');
INSERT INTO RestaurantAreas (rname, aname, address, startTime, endTime) VALUES ('The Raspy Magpie', 'Yishun', '270 Staci Road Singapore 852185', '9:00', '20:00');
INSERT INTO RestaurantAreas (rname, aname, address, startTime, endTime) VALUES ('The Raspy Magpie', 'Western Water Catchment', '383 Susanne Road Singapore 974731', '11:00', '19:00');
INSERT INTO RestaurantAreas (rname, aname, address, startTime, endTime) VALUES ('The Raspy Magpie', 'Marina South', '665 Susanne Road Singapore 700878', '7:00', '19:00');
INSERT INTO RestaurantAreas (rname, aname, address, startTime, endTime) VALUES ('Unit Socrates', 'Hougang', '49 Donya Road Singapore 119309', '11:00', '22:00');
INSERT INTO RestaurantAreas (rname, aname, address, startTime, endTime) VALUES ('Unit Socrates', 'Singapore River', '736 Ken Road Singapore 336176', '7:00', '23:00');
INSERT INTO RestaurantAreas (rname, aname, address, startTime, endTime) VALUES ('Unit Socrates', 'North-Eastern Islands', '323 Genoveva Road Singapore 981206', '8:00', '21:00');
INSERT INTO RestaurantAreas (rname, aname, address, startTime, endTime) VALUES ('Unit Socrates', 'Queenstown', '322 Madelaine Road Singapore 950801', '6:00', '23:00');
INSERT INTO RestaurantAreas (rname, aname, address, startTime, endTime) VALUES ('Unit Socrates', 'Changi', '254 Giovanni Road Singapore 223159', '10:00', '23:00');
INSERT INTO RestaurantAreas (rname, aname, address, startTime, endTime) VALUES ('Ozean', 'Changi Bay', '724 Argelia Road Singapore 546423', '6:00', '21:00');
INSERT INTO RestaurantAreas (rname, aname, address, startTime, endTime) VALUES ('Ozean', 'Sengkang', '305 Barney Road Singapore 554100', '7:00', '23:00');
INSERT INTO RestaurantAreas (rname, aname, address, startTime, endTime) VALUES ('Ozean', 'Downtown Core', '504 Kimberley Road Singapore 168773', '10:00', '21:00');
INSERT INTO RestaurantAreas (rname, aname, address, startTime, endTime) VALUES ('Ozean', 'Jurong West', '472 Raphael Road Singapore 733462', '7:00', '21:00');
INSERT INTO RestaurantAreas (rname, aname, address, startTime, endTime) VALUES ('Ozean', 'Southern Islands', '325 Charolette Road Singapore 714813', '6:00', '21:00');
INSERT INTO RestaurantAreas (rname, aname, address, startTime, endTime) VALUES ('The Crazy Crawfish', 'Jurong East', '812 Penny Road Singapore 384920', '9:00', '20:00');
INSERT INTO RestaurantAreas (rname, aname, address, startTime, endTime) VALUES ('The Crazy Crawfish', 'Changi', '893 Kimberley Road Singapore 477103', '11:00', '20:00');
INSERT INTO RestaurantAreas (rname, aname, address, startTime, endTime) VALUES ('The Crazy Crawfish', 'Ang Mo Kio', '638 Carman Road Singapore 362026', '8:00', '22:00');
INSERT INTO RestaurantAreas (rname, aname, address, startTime, endTime) VALUES ('The Crazy Crawfish', 'Queenstown', '303 Merna Road Singapore 119775', '9:00', '18:00');
INSERT INTO RestaurantAreas (rname, aname, address, startTime, endTime) VALUES ('The Crazy Crawfish', 'Marine Parade', '724 Maria Road Singapore 570793', '10:00', '22:00');
INSERT INTO RestaurantAreas (rname, aname, address, startTime, endTime) VALUES ('Cornpone Castle', 'Simpang', '669 Deetta Road Singapore 483894', '11:00', '23:00');
INSERT INTO RestaurantAreas (rname, aname, address, startTime, endTime) VALUES ('Cornpone Castle', 'Lim Chu Kang', '35 Raphael Road Singapore 224611', '10:00', '19:00');
INSERT INTO RestaurantAreas (rname, aname, address, startTime, endTime) VALUES ('Cornpone Castle', 'Mandai', '194 Debby Road Singapore 763560', '7:00', '18:00');
INSERT INTO RestaurantAreas (rname, aname, address, startTime, endTime) VALUES ('Cornpone Castle', 'Boon Lay', '878 Stewart Road Singapore 145192', '10:00', '18:00');
INSERT INTO RestaurantAreas (rname, aname, address, startTime, endTime) VALUES ('Cornpone Castle', 'Novena', '750 Deandrea Road Singapore 787790', '11:00', '20:00');
INSERT INTO RestaurantAreas (rname, aname, address, startTime, endTime) VALUES ('Lyricalia', 'Pasir Ris', '822 Adriane Road Singapore 147435', '11:00', '18:00');
INSERT INTO RestaurantAreas (rname, aname, address, startTime, endTime) VALUES ('Lyricalia', 'Queenstown', '493 Carlotta Road Singapore 774466', '7:00', '23:00');
INSERT INTO RestaurantAreas (rname, aname, address, startTime, endTime) VALUES ('Lyricalia', 'Marina East', '702 Denyse Road Singapore 273812', '9:00', '19:00');
INSERT INTO RestaurantAreas (rname, aname, address, startTime, endTime) VALUES ('Lyricalia', 'North-Eastern Islands', '336 Tamela Road Singapore 256295', '7:00', '19:00');
INSERT INTO RestaurantAreas (rname, aname, address, startTime, endTime) VALUES ('Lyricalia', 'Pioneer', '633 Stewart Road Singapore 330743', '7:00', '22:00');
INSERT INTO RestaurantAreas (rname, aname, address, startTime, endTime) VALUES ('Quickie Lickie', 'Hougang', '256 Conception Road Singapore 917061', '6:00', '20:00');
INSERT INTO RestaurantAreas (rname, aname, address, startTime, endTime) VALUES ('Quickie Lickie', 'Museum', '913 Karina Road Singapore 611050', '7:00', '18:00');
INSERT INTO RestaurantAreas (rname, aname, address, startTime, endTime) VALUES ('Quickie Lickie', 'Singapore River', '876 Raphael Road Singapore 594244', '8:00', '20:00');
INSERT INTO RestaurantAreas (rname, aname, address, startTime, endTime) VALUES ('Quickie Lickie', 'Marina East', '617 Florentino Road Singapore 829573', '6:00', '21:00');
INSERT INTO RestaurantAreas (rname, aname, address, startTime, endTime) VALUES ('Quickie Lickie', 'Seletar', '935 Michaela Road Singapore 956494', '9:00', '21:00');
INSERT INTO RestaurantAreas (rname, aname, address, startTime, endTime) VALUES ('Prawn Phreak', 'Western Water Catchment', '513 Laurena Road Singapore 287267', '11:00', '18:00');
INSERT INTO RestaurantAreas (rname, aname, address, startTime, endTime) VALUES ('Prawn Phreak', 'Boon Lay', '168 Oma Road Singapore 105359', '8:00', '18:00');
INSERT INTO RestaurantAreas (rname, aname, address, startTime, endTime) VALUES ('Prawn Phreak', 'Hougang', '623 Carman Road Singapore 572972', '7:00', '23:00');
INSERT INTO RestaurantAreas (rname, aname, address, startTime, endTime) VALUES ('Prawn Phreak', 'Tampines', '193 Merna Road Singapore 277356', '8:00', '23:00');
INSERT INTO RestaurantAreas (rname, aname, address, startTime, endTime) VALUES ('Prawn Phreak', 'Marina South', '404 Azzie Road Singapore 651920', '7:00', '19:00');
INSERT INTO RestaurantAreas (rname, aname, address, startTime, endTime) VALUES ('Rockyard', 'Changi', '55 Susanne Road Singapore 705241', '10:00', '19:00');
INSERT INTO RestaurantAreas (rname, aname, address, startTime, endTime) VALUES ('Rockyard', 'Downtown Core', '869 Florentino Road Singapore 997799', '10:00', '23:00');
INSERT INTO RestaurantAreas (rname, aname, address, startTime, endTime) VALUES ('Rockyard', 'Paya Lebar', '216 Kathy Road Singapore 775469', '9:00', '19:00');
INSERT INTO RestaurantAreas (rname, aname, address, startTime, endTime) VALUES ('Rockyard', 'Outram', '470 Rozanne Road Singapore 505989', '9:00', '18:00');
INSERT INTO RestaurantAreas (rname, aname, address, startTime, endTime) VALUES ('Rockyard', 'Southern Islands', '226 Artie Road Singapore 892865', '7:00', '20:00');
INSERT INTO RestaurantAreas (rname, aname, address, startTime, endTime) VALUES ('Flambo', 'Jurong West', '921 Daisey Road Singapore 410229', '7:00', '21:00');
INSERT INTO RestaurantAreas (rname, aname, address, startTime, endTime) VALUES ('Flambo', 'Jurong West', '89 Fausto Road Singapore 494036', '7:00', '23:00');
INSERT INTO RestaurantAreas (rname, aname, address, startTime, endTime) VALUES ('Flambo', 'Seletar', '961 Ricki Road Singapore 649416', '8:00', '23:00');
INSERT INTO RestaurantAreas (rname, aname, address, startTime, endTime) VALUES ('Flambo', 'Ang Mo Kio', '748 Joana Road Singapore 757211', '9:00', '19:00');
INSERT INTO RestaurantAreas (rname, aname, address, startTime, endTime) VALUES ('Flambo', 'Western Islands', '79 Luisa Road Singapore 853392', '8:00', '22:00');
INSERT INTO RestaurantAreas (rname, aname, address, startTime, endTime) VALUES ('Bennies Fishery', 'Mandai', '764 Jed Road Singapore 240876', '6:00', '21:00');
INSERT INTO RestaurantAreas (rname, aname, address, startTime, endTime) VALUES ('Bennies Fishery', 'Downtown Core', '150 Alton Road Singapore 785287', '7:00', '21:00');
INSERT INTO RestaurantAreas (rname, aname, address, startTime, endTime) VALUES ('Bennies Fishery', 'Bukit Timah', '333 Giovanni Road Singapore 580937', '7:00', '21:00');
INSERT INTO RestaurantAreas (rname, aname, address, startTime, endTime) VALUES ('Bennies Fishery', 'Kallang', '202 Genoveva Road Singapore 506698', '7:00', '19:00');
INSERT INTO RestaurantAreas (rname, aname, address, startTime, endTime) VALUES ('Bennies Fishery', 'Tuas', '85 Modesto Road Singapore 362196', '6:00', '22:00');
INSERT INTO RestaurantAreas (rname, aname, address, startTime, endTime) VALUES ('Shakedown', 'Marina East', '23 Tashia Road Singapore 762902', '6:00', '20:00');
INSERT INTO RestaurantAreas (rname, aname, address, startTime, endTime) VALUES ('Shakedown', 'Bukit Batok', '625 Modesto Road Singapore 994483', '7:00', '21:00');
INSERT INTO RestaurantAreas (rname, aname, address, startTime, endTime) VALUES ('Shakedown', 'Boon Lay', '234 Bernarda Road Singapore 900419', '11:00', '23:00');
INSERT INTO RestaurantAreas (rname, aname, address, startTime, endTime) VALUES ('Shakedown', 'Yishun', '28 Florentino Road Singapore 898492', '8:00', '22:00');
INSERT INTO RestaurantAreas (rname, aname, address, startTime, endTime) VALUES ('Shakedown', 'Pasir Ris', '193 Byron Road Singapore 294673', '10:00', '22:00');
INSERT INTO RestaurantAreas (rname, aname, address, startTime, endTime) VALUES ('Gorganic', 'Bishan', '104 Reena Road Singapore 567389', '11:00', '22:00');
INSERT INTO RestaurantAreas (rname, aname, address, startTime, endTime) VALUES ('Gorganic', 'Marine Parade', '142 Kimber Road Singapore 601944', '7:00', '20:00');
INSERT INTO RestaurantAreas (rname, aname, address, startTime, endTime) VALUES ('Gorganic', 'Yishun', '44 Madge Road Singapore 395670', '11:00', '18:00');
INSERT INTO RestaurantAreas (rname, aname, address, startTime, endTime) VALUES ('Gorganic', 'Sungei Kadut', '892 Karon Road Singapore 408638', '11:00', '18:00');
INSERT INTO RestaurantAreas (rname, aname, address, startTime, endTime) VALUES ('Gorganic', 'Downtown Core', '241 Stephani Road Singapore 380748', '9:00', '21:00');
INSERT INTO RestaurantAreas (rname, aname, address, startTime, endTime) VALUES ('AstroCoffee', 'Pasir Ris', '830 Cory Road Singapore 620779', '8:00', '19:00');
INSERT INTO RestaurantAreas (rname, aname, address, startTime, endTime) VALUES ('AstroCoffee', 'River Valley', '288 Raven Road Singapore 293744', '8:00', '18:00');
INSERT INTO RestaurantAreas (rname, aname, address, startTime, endTime) VALUES ('AstroCoffee', 'Boon Lay', '565 Madlyn Road Singapore 491428', '6:00', '18:00');
INSERT INTO RestaurantAreas (rname, aname, address, startTime, endTime) VALUES ('AstroCoffee', 'Museum', '32 Florentino Road Singapore 614880', '6:00', '21:00');
INSERT INTO RestaurantAreas (rname, aname, address, startTime, endTime) VALUES ('AstroCoffee', 'Pioneer', '301 Michaela Road Singapore 895208', '9:00', '22:00');
INSERT INTO RestaurantAreas (rname, aname, address, startTime, endTime) VALUES ('Pizza Experience', 'Singapore River', '332 Michaela Road Singapore 229724', '7:00', '21:00');
INSERT INTO RestaurantAreas (rname, aname, address, startTime, endTime) VALUES ('Pizza Experience', 'Singapore River', '658 Jay Road Singapore 190838', '11:00', '22:00');
INSERT INTO RestaurantAreas (rname, aname, address, startTime, endTime) VALUES ('Pizza Experience', 'Outram', '368 Mika Road Singapore 761989', '6:00', '19:00');
INSERT INTO RestaurantAreas (rname, aname, address, startTime, endTime) VALUES ('Pizza Experience', 'Ang Mo Kio', '723 Giovanni Road Singapore 379538', '6:00', '19:00');
INSERT INTO RestaurantAreas (rname, aname, address, startTime, endTime) VALUES ('Pizza Experience', 'Jurong West', '729 Faith Road Singapore 668496', '7:00', '19:00');
INSERT INTO RestaurantAreas (rname, aname, address, startTime, endTime) VALUES ('Banjo Pancake', 'Changi Bay', '41 Daisey Road Singapore 781960', '11:00', '21:00');
INSERT INTO RestaurantAreas (rname, aname, address, startTime, endTime) VALUES ('Banjo Pancake', 'Seletar', '17 Debby Road Singapore 895040', '6:00', '22:00');
INSERT INTO RestaurantAreas (rname, aname, address, startTime, endTime) VALUES ('Banjo Pancake', 'Straits View', '128 Fausto Road Singapore 892241', '9:00', '18:00');
INSERT INTO RestaurantAreas (rname, aname, address, startTime, endTime) VALUES ('Banjo Pancake', 'Bukit Batok', '26 Raphael Road Singapore 668049', '9:00', '23:00');
INSERT INTO RestaurantAreas (rname, aname, address, startTime, endTime) VALUES ('Banjo Pancake', 'Mandai', '497 Krystle Road Singapore 937479', '11:00', '20:00');
INSERT INTO RestaurantAreas (rname, aname, address, startTime, endTime) VALUES ('Atomic Coffee', 'Marina South', '646 Susanne Road Singapore 309305', '11:00', '20:00');
INSERT INTO RestaurantAreas (rname, aname, address, startTime, endTime) VALUES ('Atomic Coffee', 'Marine Parade', '298 Veola Road Singapore 500469', '11:00', '18:00');
INSERT INTO RestaurantAreas (rname, aname, address, startTime, endTime) VALUES ('Atomic Coffee', 'Marine Parade', '784 Madlyn Road Singapore 865294', '7:00', '18:00');
INSERT INTO RestaurantAreas (rname, aname, address, startTime, endTime) VALUES ('Atomic Coffee', 'Southern Islands', '398 Tamela Road Singapore 799649', '6:00', '21:00');
INSERT INTO RestaurantAreas (rname, aname, address, startTime, endTime) VALUES ('Atomic Coffee', 'Sembawang', '620 Krystle Road Singapore 591222', '11:00', '21:00');
INSERT INTO RestaurantAreas (rname, aname, address, startTime, endTime) VALUES ('Coffee Lodge', 'Bedok', '657 Penny Road Singapore 313822', '10:00', '20:00');
INSERT INTO RestaurantAreas (rname, aname, address, startTime, endTime) VALUES ('Coffee Lodge', 'Hougang', '74 Lakeesha Road Singapore 529662', '6:00', '19:00');
INSERT INTO RestaurantAreas (rname, aname, address, startTime, endTime) VALUES ('Coffee Lodge', 'Tengah', '689 Marya Road Singapore 505515', '7:00', '22:00');
INSERT INTO RestaurantAreas (rname, aname, address, startTime, endTime) VALUES ('Coffee Lodge', 'Orchard', '770 Gwen Road Singapore 431928', '11:00', '23:00');
INSERT INTO RestaurantAreas (rname, aname, address, startTime, endTime) VALUES ('Coffee Lodge', 'Museum', '686 Everett Road Singapore 498693', '11:00', '22:00');
INSERT INTO RestaurantAreas (rname, aname, address, startTime, endTime) VALUES ('Friendly Fire', 'Museum', '74 Bradly Road Singapore 587348', '6:00', '20:00');
INSERT INTO RestaurantAreas (rname, aname, address, startTime, endTime) VALUES ('Friendly Fire', 'Queenstown', '218 Aurea Road Singapore 488571', '10:00', '22:00');
INSERT INTO RestaurantAreas (rname, aname, address, startTime, endTime) VALUES ('Friendly Fire', 'Paya Lebar', '790 Barney Road Singapore 618927', '8:00', '20:00');
INSERT INTO RestaurantAreas (rname, aname, address, startTime, endTime) VALUES ('Friendly Fire', 'Central Water Catchment', '104 Raven Road Singapore 860468', '10:00', '20:00');
INSERT INTO RestaurantAreas (rname, aname, address, startTime, endTime) VALUES ('Friendly Fire', 'River Valley', '716 Karima Road Singapore 206699', '6:00', '18:00');
INSERT INTO RestaurantAreas (rname, aname, address, startTime, endTime) VALUES ('Tandoori Vittles', 'Jurong West', '43 Gwen Road Singapore 621474', '9:00', '22:00');
INSERT INTO RestaurantAreas (rname, aname, address, startTime, endTime) VALUES ('Tandoori Vittles', 'Simpang', '486 Blair Road Singapore 920693', '10:00', '22:00');
INSERT INTO RestaurantAreas (rname, aname, address, startTime, endTime) VALUES ('Tandoori Vittles', 'Marine Parade', '35 Zenia Road Singapore 818831', '6:00', '22:00');
INSERT INTO RestaurantAreas (rname, aname, address, startTime, endTime) VALUES ('Tandoori Vittles', 'Sengkang', '134 Karon Road Singapore 357148', '10:00', '23:00');
INSERT INTO RestaurantAreas (rname, aname, address, startTime, endTime) VALUES ('Tandoori Vittles', 'Downtown Core', '944 Madge Road Singapore 524770', '8:00', '21:00');
INSERT INTO RestaurantAreas (rname, aname, address, startTime, endTime) VALUES ('Sasskatchy!', 'Downtown Core', '266 Jay Road Singapore 725982', '9:00', '19:00');
INSERT INTO RestaurantAreas (rname, aname, address, startTime, endTime) VALUES ('Sasskatchy!', 'Bedok', '963 Fredda Road Singapore 623396', '7:00', '22:00');
INSERT INTO RestaurantAreas (rname, aname, address, startTime, endTime) VALUES ('Sasskatchy!', 'Newton', '549 Ofelia Road Singapore 281543', '9:00', '20:00');
INSERT INTO RestaurantAreas (rname, aname, address, startTime, endTime) VALUES ('Sasskatchy!', 'Marine Parade', '79 Faith Road Singapore 594440', '11:00', '23:00');
INSERT INTO RestaurantAreas (rname, aname, address, startTime, endTime) VALUES ('Sasskatchy!', 'Ang Mo Kio', '168 Tamela Road Singapore 241406', '10:00', '18:00');
INSERT INTO RestaurantAreas (rname, aname, address, startTime, endTime) VALUES ('Tarmac', 'Bukit Panjang', '153 Elanor Road Singapore 174216', '7:00', '23:00');
INSERT INTO RestaurantAreas (rname, aname, address, startTime, endTime) VALUES ('Tarmac', 'Lim Chu Kang', '241 Magdalena Road Singapore 418111', '11:00', '21:00');
INSERT INTO RestaurantAreas (rname, aname, address, startTime, endTime) VALUES ('Tarmac', 'Marina South', '345 Adriane Road Singapore 485893', '6:00', '23:00');
INSERT INTO RestaurantAreas (rname, aname, address, startTime, endTime) VALUES ('Tarmac', 'Marine Parade', '425 Alton Road Singapore 187669', '8:00', '23:00');
INSERT INTO RestaurantAreas (rname, aname, address, startTime, endTime) VALUES ('Tarmac', 'Paya Lebar', '906 Giovanni Road Singapore 613538', '7:00', '23:00');
INSERT INTO RestaurantAreas (rname, aname, address, startTime, endTime) VALUES ('Slow & Pulpy', 'Outram', '829 Donya Road Singapore 805856', '7:00', '21:00');
INSERT INTO RestaurantAreas (rname, aname, address, startTime, endTime) VALUES ('Slow & Pulpy', 'Simpang', '683 Tena Road Singapore 602905', '8:00', '21:00');
INSERT INTO RestaurantAreas (rname, aname, address, startTime, endTime) VALUES ('Slow & Pulpy', 'Yishun', '771 Carman Road Singapore 294538', '10:00', '19:00');
INSERT INTO RestaurantAreas (rname, aname, address, startTime, endTime) VALUES ('Slow & Pulpy', 'Choa Chu Kang', '122 Mayme Road Singapore 372716', '8:00', '22:00');
INSERT INTO RestaurantAreas (rname, aname, address, startTime, endTime) VALUES ('Slow & Pulpy', 'Bukit Panjang', '610 Merna Road Singapore 969301', '8:00', '23:00');
INSERT INTO RestaurantAreas (rname, aname, address, startTime, endTime) VALUES ('Lambastica', 'Bedok', '747 Jay Road Singapore 643286', '6:00', '21:00');
INSERT INTO RestaurantAreas (rname, aname, address, startTime, endTime) VALUES ('Lambastica', 'River Valley', '126 Trevor Road Singapore 487917', '11:00', '18:00');
INSERT INTO RestaurantAreas (rname, aname, address, startTime, endTime) VALUES ('Lambastica', 'Sengkang', '97 Deandrea Road Singapore 253217', '10:00', '18:00');
INSERT INTO RestaurantAreas (rname, aname, address, startTime, endTime) VALUES ('Lambastica', 'Pasir Ris', '418 Bernarda Road Singapore 768303', '6:00', '22:00');
INSERT INTO RestaurantAreas (rname, aname, address, startTime, endTime) VALUES ('Lambastica', 'Boon Lay', '445 Azzie Road Singapore 362587', '6:00', '18:00');
INSERT INTO RestaurantAreas (rname, aname, address, startTime, endTime) VALUES ('The Lunchroom', 'Rochor', '709 Ricki Road Singapore 212227', '9:00', '23:00');
INSERT INTO RestaurantAreas (rname, aname, address, startTime, endTime) VALUES ('The Lunchroom', 'Changi Bay', '859 Scotty Road Singapore 465076', '11:00', '22:00');
INSERT INTO RestaurantAreas (rname, aname, address, startTime, endTime) VALUES ('The Lunchroom', 'Museum', '555 Krystle Road Singapore 376837', '9:00', '22:00');
INSERT INTO RestaurantAreas (rname, aname, address, startTime, endTime) VALUES ('The Lunchroom', 'Woodlands', '214 Fausto Road Singapore 985076', '8:00', '22:00');
INSERT INTO RestaurantAreas (rname, aname, address, startTime, endTime) VALUES ('The Lunchroom', 'Bedok', '878 Artie Road Singapore 301633', '10:00', '21:00');
INSERT INTO RestaurantAreas (rname, aname, address, startTime, endTime) VALUES ('Jackie Diamonds', 'Serangoon', '870 Elanor Road Singapore 965880', '9:00', '21:00');
INSERT INTO RestaurantAreas (rname, aname, address, startTime, endTime) VALUES ('Jackie Diamonds', 'Novena', '191 Barney Road Singapore 851424', '8:00', '18:00');
INSERT INTO RestaurantAreas (rname, aname, address, startTime, endTime) VALUES ('Jackie Diamonds', 'Tuas', '684 Tashia Road Singapore 288754', '7:00', '22:00');
INSERT INTO RestaurantAreas (rname, aname, address, startTime, endTime) VALUES ('Jackie Diamonds', 'Tuas', '608 Oma Road Singapore 769933', '11:00', '18:00');
INSERT INTO RestaurantAreas (rname, aname, address, startTime, endTime) VALUES ('Jackie Diamonds', 'Mandai', '494 Gregg Road Singapore 255293', '7:00', '19:00');
INSERT INTO RestaurantAreas (rname, aname, address, startTime, endTime) VALUES ('Phat Kettle O Prawns', 'Bukit Batok', '844 Tammie Road Singapore 575682', '7:00', '18:00');
INSERT INTO RestaurantAreas (rname, aname, address, startTime, endTime) VALUES ('Phat Kettle O Prawns', 'Marine Parade', '314 Bernarda Road Singapore 482746', '6:00', '19:00');
INSERT INTO RestaurantAreas (rname, aname, address, startTime, endTime) VALUES ('Phat Kettle O Prawns', 'Bukit Panjang', '112 Kenny Road Singapore 133375', '10:00', '21:00');
INSERT INTO RestaurantAreas (rname, aname, address, startTime, endTime) VALUES ('Phat Kettle O Prawns', 'Bedok', '531 Eleanora Road Singapore 341964', '8:00', '21:00');
INSERT INTO RestaurantAreas (rname, aname, address, startTime, endTime) VALUES ('Phat Kettle O Prawns', 'Queenstown', '765 Scotty Road Singapore 379497', '8:00', '21:00');
INSERT INTO RestaurantAreas (rname, aname, address, startTime, endTime) VALUES ('ExoPlanet', 'Singapore River', '366 Sherryl Road Singapore 127185', '6:00', '21:00');
INSERT INTO RestaurantAreas (rname, aname, address, startTime, endTime) VALUES ('ExoPlanet', 'Seletar', '826 Kenny Road Singapore 400221', '11:00', '21:00');
INSERT INTO RestaurantAreas (rname, aname, address, startTime, endTime) VALUES ('ExoPlanet', 'Bukit Timah', '522 Oma Road Singapore 126011', '10:00', '22:00');
INSERT INTO RestaurantAreas (rname, aname, address, startTime, endTime) VALUES ('ExoPlanet', 'North-Eastern Islands', '632 Luisa Road Singapore 447575', '11:00', '20:00');
INSERT INTO RestaurantAreas (rname, aname, address, startTime, endTime) VALUES ('ExoPlanet', 'Bishan', '395 Penny Road Singapore 876652', '11:00', '20:00');
INSERT INTO RestaurantAreas (rname, aname, address, startTime, endTime) VALUES ('Food Haus', 'Western Water Catchment', '376 Stephani Road Singapore 261913', '9:00', '18:00');
INSERT INTO RestaurantAreas (rname, aname, address, startTime, endTime) VALUES ('Food Haus', 'Newton', '594 Devon Road Singapore 994056', '7:00', '20:00');
INSERT INTO RestaurantAreas (rname, aname, address, startTime, endTime) VALUES ('Food Haus', 'Sembawang', '289 Tena Road Singapore 143427', '11:00', '23:00');
INSERT INTO RestaurantAreas (rname, aname, address, startTime, endTime) VALUES ('Food Haus', 'Changi Bay', '917 Ken Road Singapore 332744', '7:00', '18:00');
INSERT INTO RestaurantAreas (rname, aname, address, startTime, endTime) VALUES ('Food Haus', 'Bukit Timah', '391 Zenia Road Singapore 122512', '10:00', '18:00');
INSERT INTO RestaurantAreas (rname, aname, address, startTime, endTime) VALUES ('Snark Bite', 'Woodlands', '222 Gregg Road Singapore 340418', '8:00', '18:00');
INSERT INTO RestaurantAreas (rname, aname, address, startTime, endTime) VALUES ('Snark Bite', 'Jurong East', '690 Kenny Road Singapore 940001', '7:00', '22:00');
INSERT INTO RestaurantAreas (rname, aname, address, startTime, endTime) VALUES ('Snark Bite', 'Southern Islands', '366 Scotty Road Singapore 129471', '9:00', '18:00');
INSERT INTO RestaurantAreas (rname, aname, address, startTime, endTime) VALUES ('Snark Bite', 'Downtown Core', '337 Faith Road Singapore 782700', '6:00', '22:00');
INSERT INTO RestaurantAreas (rname, aname, address, startTime, endTime) VALUES ('Snark Bite', 'Southern Islands', '590 Artie Road Singapore 793851', '9:00', '21:00');
INSERT INTO RestaurantAreas (rname, aname, address, startTime, endTime) VALUES ('Que', 'Choa Chu Kang', '655 Fredda Road Singapore 121016', '9:00', '21:00');
INSERT INTO RestaurantAreas (rname, aname, address, startTime, endTime) VALUES ('Que', 'Paya Lebar', '406 Carlotta Road Singapore 567599', '7:00', '20:00');
INSERT INTO RestaurantAreas (rname, aname, address, startTime, endTime) VALUES ('Que', 'Jurong East', '806 Laurena Road Singapore 997165', '8:00', '19:00');
INSERT INTO RestaurantAreas (rname, aname, address, startTime, endTime) VALUES ('Que', 'Yishun', '877 Raphael Road Singapore 746383', '6:00', '22:00');
INSERT INTO RestaurantAreas (rname, aname, address, startTime, endTime) VALUES ('Que', 'Marina East', '596 Gregg Road Singapore 383921', '6:00', '23:00');
INSERT INTO RestaurantAreas (rname, aname, address, startTime, endTime) VALUES ('Meow Meow', 'Museum', '35 Genoveva Road Singapore 732588', '10:00', '22:00');
INSERT INTO RestaurantAreas (rname, aname, address, startTime, endTime) VALUES ('Meow Meow', 'Bukit Timah', '884 Sherryl Road Singapore 756471', '9:00', '23:00');
INSERT INTO RestaurantAreas (rname, aname, address, startTime, endTime) VALUES ('Meow Meow', 'Mandai', '895 Lakeesha Road Singapore 782867', '6:00', '18:00');
INSERT INTO RestaurantAreas (rname, aname, address, startTime, endTime) VALUES ('Meow Meow', 'Boon Lay', '188 Zenia Road Singapore 960050', '9:00', '18:00');
INSERT INTO RestaurantAreas (rname, aname, address, startTime, endTime) VALUES ('Meow Meow', 'Mandai', '346 Ricki Road Singapore 691898', '7:00', '20:00');
INSERT INTO RestaurantAreas (rname, aname, address, startTime, endTime) VALUES ('Plastique', 'Newton', '163 Krystle Road Singapore 276739', '8:00', '22:00');
INSERT INTO RestaurantAreas (rname, aname, address, startTime, endTime) VALUES ('Plastique', 'Lim Chu Kang', '175 Maria Road Singapore 848744', '8:00', '20:00');
INSERT INTO RestaurantAreas (rname, aname, address, startTime, endTime) VALUES ('Plastique', 'Southern Islands', '242 Kimberley Road Singapore 164478', '7:00', '21:00');
INSERT INTO RestaurantAreas (rname, aname, address, startTime, endTime) VALUES ('Plastique', 'North-Eastern Islands', '522 Donya Road Singapore 172704', '9:00', '23:00');
INSERT INTO RestaurantAreas (rname, aname, address, startTime, endTime) VALUES ('Plastique', 'Ang Mo Kio', '861 Rodrigo Road Singapore 920546', '6:00', '18:00');
INSERT INTO RestaurantAreas (rname, aname, address, startTime, endTime) VALUES ('Lotus Boogie', 'Sungei Kadut', '868 Barney Road Singapore 574872', '8:00', '20:00');
INSERT INTO RestaurantAreas (rname, aname, address, startTime, endTime) VALUES ('Lotus Boogie', 'Rochor', '657 Scotty Road Singapore 869370', '9:00', '18:00');
INSERT INTO RestaurantAreas (rname, aname, address, startTime, endTime) VALUES ('Lotus Boogie', 'Marine Parade', '593 Debby Road Singapore 639143', '9:00', '19:00');
INSERT INTO RestaurantAreas (rname, aname, address, startTime, endTime) VALUES ('Lotus Boogie', 'Tuas', '136 Laurena Road Singapore 529204', '11:00', '22:00');
INSERT INTO RestaurantAreas (rname, aname, address, startTime, endTime) VALUES ('Lotus Boogie', 'Sungei Kadut', '779 Lakeesha Road Singapore 769200', '7:00', '22:00');
INSERT INTO RestaurantAreas (rname, aname, address, startTime, endTime) VALUES ('Taste Tease', 'Marina South', '838 Penny Road Singapore 464101', '7:00', '18:00');
INSERT INTO RestaurantAreas (rname, aname, address, startTime, endTime) VALUES ('Taste Tease', 'Woodlands', '991 Rozanne Road Singapore 510053', '11:00', '22:00');
INSERT INTO RestaurantAreas (rname, aname, address, startTime, endTime) VALUES ('Taste Tease', 'Changi', '13 Rosalee Road Singapore 909074', '10:00', '19:00');
INSERT INTO RestaurantAreas (rname, aname, address, startTime, endTime) VALUES ('Taste Tease', 'Jurong East', '229 Jed Road Singapore 999567', '10:00', '22:00');
INSERT INTO RestaurantAreas (rname, aname, address, startTime, endTime) VALUES ('Taste Tease', 'Western Water Catchment', '487 Madlyn Road Singapore 160923', '11:00', '23:00');
INSERT INTO RestaurantAreas (rname, aname, address, startTime, endTime) VALUES ('Aroma Borealis', 'Mandai', '31 Veola Road Singapore 981101', '8:00', '21:00');
INSERT INTO RestaurantAreas (rname, aname, address, startTime, endTime) VALUES ('Aroma Borealis', 'Bishan', '749 Artie Road Singapore 422393', '6:00', '18:00');
INSERT INTO RestaurantAreas (rname, aname, address, startTime, endTime) VALUES ('Aroma Borealis', 'Paya Lebar', '87 Tammie Road Singapore 384982', '11:00', '23:00');
INSERT INTO RestaurantAreas (rname, aname, address, startTime, endTime) VALUES ('Aroma Borealis', 'Geylang', '262 Artie Road Singapore 307063', '11:00', '23:00');
INSERT INTO RestaurantAreas (rname, aname, address, startTime, endTime) VALUES ('Aroma Borealis', 'Downtown Core', '60 Magdalena Road Singapore 864181', '8:00', '23:00');
INSERT INTO RestaurantAreas (rname, aname, address, startTime, endTime) VALUES ('Tersanki', 'Marina East', '26 Stewart Road Singapore 162536', '9:00', '23:00');
INSERT INTO RestaurantAreas (rname, aname, address, startTime, endTime) VALUES ('Tersanki', 'Bukit Batok', '491 Carlotta Road Singapore 608412', '7:00', '21:00');
INSERT INTO RestaurantAreas (rname, aname, address, startTime, endTime) VALUES ('Tersanki', 'Hougang', '408 Argelia Road Singapore 644862', '9:00', '20:00');
INSERT INTO RestaurantAreas (rname, aname, address, startTime, endTime) VALUES ('Tersanki', 'Changi Bay', '652 Stewart Road Singapore 723553', '6:00', '20:00');
INSERT INTO RestaurantAreas (rname, aname, address, startTime, endTime) VALUES ('Tersanki', 'Marina East', '322 Karina Road Singapore 565962', '10:00', '21:00');
INSERT INTO RestaurantAreas (rname, aname, address, startTime, endTime) VALUES ('Coffee Cat', 'Bedok', '344 Mika Road Singapore 152827', '6:00', '18:00');
INSERT INTO RestaurantAreas (rname, aname, address, startTime, endTime) VALUES ('Coffee Cat', 'Downtown Core', '496 Rozanne Road Singapore 814623', '11:00', '21:00');
INSERT INTO RestaurantAreas (rname, aname, address, startTime, endTime) VALUES ('Coffee Cat', 'Central Water Catchment', '330 Althea Road Singapore 593091', '11:00', '21:00');
INSERT INTO RestaurantAreas (rname, aname, address, startTime, endTime) VALUES ('Coffee Cat', 'Singapore River', '20 Janine Road Singapore 952122', '9:00', '23:00');
INSERT INTO RestaurantAreas (rname, aname, address, startTime, endTime) VALUES ('Coffee Cat', 'Tampines', '503 Luisa Road Singapore 561468', '7:00', '21:00');
INSERT INTO RestaurantAreas (rname, aname, address, startTime, endTime) VALUES ('Quick Licks', 'Bishan', '40 Scotty Road Singapore 478330', '7:00', '19:00');
INSERT INTO RestaurantAreas (rname, aname, address, startTime, endTime) VALUES ('Quick Licks', 'Changi', '634 Bernarda Road Singapore 818046', '9:00', '21:00');
INSERT INTO RestaurantAreas (rname, aname, address, startTime, endTime) VALUES ('Quick Licks', 'Rochor', '173 Mayme Road Singapore 169574', '11:00', '19:00');
INSERT INTO RestaurantAreas (rname, aname, address, startTime, endTime) VALUES ('Quick Licks', 'Serangoon', '28 Jay Road Singapore 131460', '9:00', '18:00');
INSERT INTO RestaurantAreas (rname, aname, address, startTime, endTime) VALUES ('Quick Licks', 'Queenstown', '115 Madelaine Road Singapore 409407', '8:00', '22:00');
INSERT INTO RestaurantAreas (rname, aname, address, startTime, endTime) VALUES ('Crustatia', 'Ang Mo Kio', '305 Flo Road Singapore 629378', '9:00', '18:00');
INSERT INTO RestaurantAreas (rname, aname, address, startTime, endTime) VALUES ('Crustatia', 'Geylang', '571 Karon Road Singapore 236079', '7:00', '18:00');
INSERT INTO RestaurantAreas (rname, aname, address, startTime, endTime) VALUES ('Crustatia', 'Tampines', '558 Modesto Road Singapore 562359', '7:00', '21:00');
INSERT INTO RestaurantAreas (rname, aname, address, startTime, endTime) VALUES ('Crustatia', 'Novena', '760 Kimber Road Singapore 888784', '6:00', '23:00');
INSERT INTO RestaurantAreas (rname, aname, address, startTime, endTime) VALUES ('Crustatia', 'Jurong West', '496 Denyse Road Singapore 845189', '6:00', '23:00');
INSERT INTO RestaurantAreas (rname, aname, address, startTime, endTime) VALUES ('The Running Monk', 'Lim Chu Kang', '124 Janetta Road Singapore 887541', '6:00', '23:00');
INSERT INTO RestaurantAreas (rname, aname, address, startTime, endTime) VALUES ('The Running Monk', 'Jurong East', '270 Toni Road Singapore 444931', '11:00', '21:00');
INSERT INTO RestaurantAreas (rname, aname, address, startTime, endTime) VALUES ('The Running Monk', 'Rochor', '939 Reena Road Singapore 290097', '11:00', '18:00');
INSERT INTO RestaurantAreas (rname, aname, address, startTime, endTime) VALUES ('The Running Monk', 'Toa Payoh', '11 Cindie Road Singapore 520858', '9:00', '23:00');
INSERT INTO RestaurantAreas (rname, aname, address, startTime, endTime) VALUES ('The Running Monk', 'Western Islands', '732 Carman Road Singapore 875273', '9:00', '18:00');
INSERT INTO RestaurantAreas (rname, aname, address, startTime, endTime) VALUES ('The Glassy Eye', 'Bukit Panjang', '335 Gregg Road Singapore 260926', '10:00', '21:00');
INSERT INTO RestaurantAreas (rname, aname, address, startTime, endTime) VALUES ('The Glassy Eye', 'Tampines', '740 Cory Road Singapore 989477', '10:00', '22:00');
INSERT INTO RestaurantAreas (rname, aname, address, startTime, endTime) VALUES ('The Glassy Eye', 'Tampines', '41 Brigid Road Singapore 708666', '11:00', '19:00');
INSERT INTO RestaurantAreas (rname, aname, address, startTime, endTime) VALUES ('The Glassy Eye', 'Rochor', '767 Tashia Road Singapore 872376', '8:00', '23:00');
INSERT INTO RestaurantAreas (rname, aname, address, startTime, endTime) VALUES ('The Glassy Eye', 'Singapore River', '482 Ofelia Road Singapore 295214', '6:00', '19:00');
INSERT INTO RestaurantAreas (rname, aname, address, startTime, endTime) VALUES ('The Spigot', 'Orchard', '858 Azzie Road Singapore 757115', '6:00', '21:00');
INSERT INTO RestaurantAreas (rname, aname, address, startTime, endTime) VALUES ('The Spigot', 'Newton', '409 Marya Road Singapore 447447', '6:00', '20:00');
INSERT INTO RestaurantAreas (rname, aname, address, startTime, endTime) VALUES ('The Spigot', 'Marina East', '642 Cory Road Singapore 439938', '9:00', '19:00');
INSERT INTO RestaurantAreas (rname, aname, address, startTime, endTime) VALUES ('The Spigot', 'Tanglin', '384 Karon Road Singapore 960325', '7:00', '20:00');
INSERT INTO RestaurantAreas (rname, aname, address, startTime, endTime) VALUES ('The Spigot', 'Newton', '202 Karima Road Singapore 545002', '9:00', '22:00');
INSERT INTO RestaurantAreas (rname, aname, address, startTime, endTime) VALUES ('Passion Pork', 'Novena', '747 Alton Road Singapore 652488', '8:00', '19:00');
INSERT INTO RestaurantAreas (rname, aname, address, startTime, endTime) VALUES ('Passion Pork', 'Changi Bay', '454 Florentino Road Singapore 536220', '7:00', '20:00');
INSERT INTO RestaurantAreas (rname, aname, address, startTime, endTime) VALUES ('Passion Pork', 'Hougang', '846 Marya Road Singapore 776782', '7:00', '21:00');
INSERT INTO RestaurantAreas (rname, aname, address, startTime, endTime) VALUES ('Passion Pork', 'Choa Chu Kang', '850 Oma Road Singapore 223851', '6:00', '20:00');
INSERT INTO RestaurantAreas (rname, aname, address, startTime, endTime) VALUES ('Passion Pork', 'Southern Islands', '113 Flo Road Singapore 560594', '6:00', '20:00');
INSERT INTO Food (fname, cname) VALUES ('Pizza', 'Italian');
INSERT INTO Food (fname, cname) VALUES ('Pasta', 'Italian');
INSERT INTO Food (fname, cname) VALUES ('Penne', 'Italian');
INSERT INTO Food (fname, cname) VALUES ('Carne', 'Italian');
INSERT INTO Food (fname, cname) VALUES ('Verdura', 'Italian');
INSERT INTO Food (fname, cname) VALUES ('Formaggi', 'Italian');
INSERT INTO Food (fname, cname) VALUES ('Biscotti', 'Italian');
INSERT INTO Food (fname, cname) VALUES ('Ravioli', 'Italian');
INSERT INTO Food (fname, cname) VALUES ('Lasagne', 'Italian');
INSERT INTO Food (fname, cname) VALUES ('Tortellini', 'Italian');
INSERT INTO Food (fname, cname) VALUES ('Burrito', 'Mexican');
INSERT INTO Food (fname, cname) VALUES ('Chalupa', 'Mexican');
INSERT INTO Food (fname, cname) VALUES ('Enchilada', 'Mexican');
INSERT INTO Food (fname, cname) VALUES ('Fajitas', 'Mexican');
INSERT INTO Food (fname, cname) VALUES ('Quesadillas', 'Mexican');
INSERT INTO Food (fname, cname) VALUES ('Salsa', 'Mexican');
INSERT INTO Food (fname, cname) VALUES ('Barbacoa', 'Mexican');
INSERT INTO Food (fname, cname) VALUES ('Frijoles', 'Mexican');
INSERT INTO Food (fname, cname) VALUES ('Churros', 'Mexican');
INSERT INTO Food (fname, cname) VALUES ('Taco', 'Mexican');
INSERT INTO Food (fname, cname) VALUES ('Fried noodles', 'Chinese');
INSERT INTO Food (fname, cname) VALUES ('Fried rice', 'Chinese');
INSERT INTO Food (fname, cname) VALUES ('Braised pork', 'Chinese');
INSERT INTO Food (fname, cname) VALUES ('Char siu', 'Chinese');
INSERT INTO Food (fname, cname) VALUES ('Peking duck', 'Chinese');
INSERT INTO Food (fname, cname) VALUES ('Mongolian lamb', 'Chinese');
INSERT INTO Food (fname, cname) VALUES ('Dim sum', 'Chinese');
INSERT INTO Food (fname, cname) VALUES ('Wonton', 'Chinese');
INSERT INTO Food (fname, cname) VALUES ('Mooncake', 'Chinese');
INSERT INTO Food (fname, cname) VALUES ('Congee', 'Chinese');
INSERT INTO Food (fname, cname) VALUES ('Biryani', 'Indian');
INSERT INTO Food (fname, cname) VALUES ('Chapati', 'Indian');
INSERT INTO Food (fname, cname) VALUES ('Chicken tikka', 'Indian');
INSERT INTO Food (fname, cname) VALUES ('Dal', 'Indian');
INSERT INTO Food (fname, cname) VALUES ('Appam', 'Indian');
INSERT INTO Food (fname, cname) VALUES ('Disa', 'Indian');
INSERT INTO Food (fname, cname) VALUES ('Puttu', 'Indian');
INSERT INTO Food (fname, cname) VALUES ('Chaat', 'Indian');
INSERT INTO Food (fname, cname) VALUES ('Prata', 'Indian');
INSERT INTO Food (fname, cname) VALUES ('Butter chicken', 'Indian');
INSERT INTO Food (fname, cname) VALUES ('Sushi', 'Japanese');
INSERT INTO Food (fname, cname) VALUES ('Sashimi', 'Japanese');
INSERT INTO Food (fname, cname) VALUES ('Miso soup', 'Japanese');
INSERT INTO Food (fname, cname) VALUES ('Mochi', 'Japanese');
INSERT INTO Food (fname, cname) VALUES ('Onigiri', 'Japanese');
INSERT INTO Food (fname, cname) VALUES ('Oyakodon', 'Japanese');
INSERT INTO Food (fname, cname) VALUES ('Ramen', 'Japanese');
INSERT INTO Food (fname, cname) VALUES ('Udon', 'Japanese');
INSERT INTO Food (fname, cname) VALUES ('Soba', 'Japanese');
INSERT INTO Food (fname, cname) VALUES ('Gyoza', 'Japanese');
INSERT INTO Food (fname, cname) VALUES ('Greek salad', 'Greek');
INSERT INTO Food (fname, cname) VALUES ('Dakos', 'Greek');
INSERT INTO Food (fname, cname) VALUES ('Pita', 'Greek');
INSERT INTO Food (fname, cname) VALUES ('GGyros', 'Greek');
INSERT INTO Food (fname, cname) VALUES ('Mydia', 'Greek');
INSERT INTO Food (fname, cname) VALUES ('Pastitsio', 'Greek');
INSERT INTO Food (fname, cname) VALUES ('Bougatsa', 'Greek');
INSERT INTO Food (fname, cname) VALUES ('Diples', 'Greek');
INSERT INTO Food (fname, cname) VALUES ('Finikia', 'Greek');
INSERT INTO Food (fname, cname) VALUES ('Lazarakia', 'Greek');
INSERT INTO Food (fname, cname) VALUES ('Paella', 'Spanish');
INSERT INTO Food (fname, cname) VALUES ('Coca', 'Spanish');
INSERT INTO Food (fname, cname) VALUES ('Pincho', 'Spanish');
INSERT INTO Food (fname, cname) VALUES ('Polvoron', 'Spanish');
INSERT INTO Food (fname, cname) VALUES ('Cocido', 'Spanish');
INSERT INTO Food (fname, cname) VALUES ('Escudella', 'Spanish');
INSERT INTO Food (fname, cname) VALUES ('Gazpacho', 'Spanish');
INSERT INTO Food (fname, cname) VALUES ('Pisto', 'Spanish');
INSERT INTO Food (fname, cname) VALUES ('Paprika', 'Spanish');
INSERT INTO Food (fname, cname) VALUES ('Churrosi', 'Spanish');
INSERT INTO Food (fname, cname) VALUES ('Baguette', 'French');
INSERT INTO Food (fname, cname) VALUES ('Croissant', 'French');
INSERT INTO Food (fname, cname) VALUES ('Eclair', 'French');
INSERT INTO Food (fname, cname) VALUES ('Macarons', 'French');
INSERT INTO Food (fname, cname) VALUES ('Souffle', 'French');
INSERT INTO Food (fname, cname) VALUES ('Escargot', 'French');
INSERT INTO Food (fname, cname) VALUES ('Tripoux', 'French');
INSERT INTO Food (fname, cname) VALUES ('Brandade', 'French');
INSERT INTO Food (fname, cname) VALUES ('Callisson', 'French');
INSERT INTO Food (fname, cname) VALUES ('Panisses', 'French');
INSERT INTO Food (fname, cname) VALUES ('Khao kha mu', 'Thai');
INSERT INTO Food (fname, cname) VALUES ('Khao man gai', 'Thai');
INSERT INTO Food (fname, cname) VALUES ('Bami haeng pet', 'Thai');
INSERT INTO Food (fname, cname) VALUES ('Khanom jeen nam yaa', 'Thai');
INSERT INTO Food (fname, cname) VALUES ('Khao soi Mae Sai', 'Thai');
INSERT INTO Food (fname, cname) VALUES ('Kuaichap', 'Thai');
INSERT INTO Food (fname, cname) VALUES ('Mi krop', 'Thai');
INSERT INTO Food (fname, cname) VALUES ('Tom yam boran', 'Thai');
INSERT INTO Food (fname, cname) VALUES ('Chim chum', 'Thai');
INSERT INTO Food (fname, cname) VALUES ('Chin hum', 'Thai');
INSERT INTO Food (fname, cname) VALUES ('Banh canh', 'Vietnamese');
INSERT INTO Food (fname, cname) VALUES ('Pho', 'Vietnamese');
INSERT INTO Food (fname, cname) VALUES ('Cao lau', 'Vietnamese');
INSERT INTO Food (fname, cname) VALUES ('Mi Quang', 'Vietnamese');
INSERT INTO Food (fname, cname) VALUES ('Banh bao', 'Vietnamese');
INSERT INTO Food (fname, cname) VALUES ('Banh phu the', 'Vietnamese');
INSERT INTO Food (fname, cname) VALUES ('Banh beo', 'Vietnamese');
INSERT INTO Food (fname, cname) VALUES ('Goi cuon', 'Vietnamese');
INSERT INTO Food (fname, cname) VALUES ('Thit Kho Tau', 'Vietnamese');
INSERT INTO Food (fname, cname) VALUES ('Gio lua', 'Vietnamese');
INSERT INTO Food (fname, cname) VALUES ('Bulgogi', 'Korean');
INSERT INTO Food (fname, cname) VALUES ('Dak galbi', 'Korean');
INSERT INTO Food (fname, cname) VALUES ('Bossam', 'Korean');
INSERT INTO Food (fname, cname) VALUES ('Makchang', 'Korean');
INSERT INTO Food (fname, cname) VALUES ('Namul', 'Korean');
INSERT INTO Food (fname, cname) VALUES ('Kimchi', 'Korean');
INSERT INTO Food (fname, cname) VALUES ('Jjigae', 'Korean');
INSERT INTO Food (fname, cname) VALUES ('Bibimbap', 'Korean');
INSERT INTO Food (fname, cname) VALUES ('Burungji', 'Korean');
INSERT INTO Food (fname, cname) VALUES ('Samgyeopsal', 'Korean');
INSERT INTO Food (fname, cname) VALUES ('Arab salad', 'Vegetarian');
INSERT INTO Food (fname, cname) VALUES ('Caesar salad', 'Vegetarian');
INSERT INTO Food (fname, cname) VALUES ('Carrot salad', 'Vegetarian');
INSERT INTO Food (fname, cname) VALUES ('Cucumber soup', 'Vegetarian');
INSERT INTO Food (fname, cname) VALUES ('Spinach salad', 'Vegetarian');
INSERT INTO Food (fname, cname) VALUES ('Potato salad', 'Vegetarian');
INSERT INTO Food (fname, cname) VALUES ('Israeli salad', 'Vegetarian');
INSERT INTO Food (fname, cname) VALUES ('Vegetable chips', 'Vegetarian');
INSERT INTO Food (fname, cname) VALUES ('Vegetable soup', 'Vegetarian');
INSERT INTO Food (fname, cname) VALUES ('Vegetable sandwich', 'Vegetarian');
INSERT INTO Food (fname, cname) VALUES ('Burger', 'American');
INSERT INTO Food (fname, cname) VALUES ('Fries', 'American');
INSERT INTO Food (fname, cname) VALUES ('Fried chicken', 'American');
INSERT INTO Food (fname, cname) VALUES ('Waffles', 'American');
INSERT INTO Food (fname, cname) VALUES ('Steak', 'American');
INSERT INTO Food (fname, cname) VALUES ('Fried ice cream', 'American');
INSERT INTO Food (fname, cname) VALUES ('Peanut butter and jelly sandwiches', 'American');
INSERT INTO Food (fname, cname) VALUES ('Cola', 'American');
INSERT INTO Food (fname, cname) VALUES ('Cereal', 'American');
INSERT INTO Food (fname, cname) VALUES ('Pancakes', 'American');
INSERT INTO Food (fname, cname) VALUES ('Apfelkuchen', 'German');
INSERT INTO Food (fname, cname) VALUES ('Bratwurst', 'German');
INSERT INTO Food (fname, cname) VALUES ('Hasenpfeffer', 'German');
INSERT INTO Food (fname, cname) VALUES ('Kohlroulade', 'German');
INSERT INTO Food (fname, cname) VALUES ('Sauerkraut', 'German');
INSERT INTO Food (fname, cname) VALUES ('Maultaschen', 'German');
INSERT INTO Food (fname, cname) VALUES ('Schupfnudel', 'German');
INSERT INTO Food (fname, cname) VALUES ('Wibele', 'German');
INSERT INTO Food (fname, cname) VALUES ('Bierwurst', 'German');
INSERT INTO Food (fname, cname) VALUES ('Bayrisch Kraut', 'German');
INSERT INTO Food (fname, cname) VALUES ('Sushi buritto', 'Fusion');
INSERT INTO Food (fname, cname) VALUES ('Sushi pizza', 'Fusion');
INSERT INTO Food (fname, cname) VALUES ('Pineapple pizza', 'Fusion');
INSERT INTO Food (fname, cname) VALUES ('Noodle samosa', 'Fusion');
INSERT INTO Food (fname, cname) VALUES ('Chocolate Nachos', 'Fusion');
INSERT INTO Food (fname, cname) VALUES ('Salsa cheese doughnuts', 'Fusion');
INSERT INTO Food (fname, cname) VALUES ('Caviar burger', 'Fusion');
INSERT INTO Food (fname, cname) VALUES ('Chinese pizza', 'Fusion');
INSERT INTO Food (fname, cname) VALUES ('Ras malai cake', 'Fusion');
INSERT INTO Food (fname, cname) VALUES ('Avocado kalakkand', 'Fusion');
INSERT INTO Food (fname, cname) VALUES ('Beef Stroganoff', 'Russian');
INSERT INTO Food (fname, cname) VALUES ('Chicken Kiev', 'Russian');
INSERT INTO Food (fname, cname) VALUES ('Caviar', 'Russian');
INSERT INTO Food (fname, cname) VALUES ('Dressed herring', 'Russian');
INSERT INTO Food (fname, cname) VALUES ('Guriev porridge', 'Russian');
INSERT INTO Food (fname, cname) VALUES ('Kholodets', 'Russian');
INSERT INTO Food (fname, cname) VALUES ('Pelmeni', 'Russian');
INSERT INTO Food (fname, cname) VALUES ('Pozharsky cutlet', 'Russian');
INSERT INTO Food (fname, cname) VALUES ('Solyanka', 'Russian');
INSERT INTO Food (fname, cname) VALUES ('Vatrushka', 'Russian');
INSERT INTO Food (fname, cname) VALUES ('Brownies', 'Desert');
INSERT INTO Food (fname, cname) VALUES ('Cake', 'Desert');
INSERT INTO Food (fname, cname) VALUES ('Cheesecake', 'Desert');
INSERT INTO Food (fname, cname) VALUES ('Chocolate', 'Desert');
INSERT INTO Food (fname, cname) VALUES ('Doughnuts', 'Desert');
INSERT INTO Food (fname, cname) VALUES ('Cookies', 'Desert');
INSERT INTO Food (fname, cname) VALUES ('Biscuits', 'Desert');
INSERT INTO Food (fname, cname) VALUES ('Muffin', 'Desert');
INSERT INTO Food (fname, cname) VALUES ('Cupcake', 'Desert');
INSERT INTO Food (fname, cname) VALUES ('Apple pie', 'Desert');
INSERT INTO Food (fname, cname) VALUES ('Chicken rice', 'Singaporean');
INSERT INTO Food (fname, cname) VALUES ('Bak chor mee', 'Singaporean');
INSERT INTO Food (fname, cname) VALUES ('Mee pok', 'Singaporean');
INSERT INTO Food (fname, cname) VALUES ('Mee siam', 'Singaporean');
INSERT INTO Food (fname, cname) VALUES ('Ban mian', 'Singaporean');
INSERT INTO Food (fname, cname) VALUES ('Bak kut teh', 'Singaporean');
INSERT INTO Food (fname, cname) VALUES ('Satay', 'Singaporean');
INSERT INTO Food (fname, cname) VALUES ('Fish head curry', 'Singaporean');
INSERT INTO Food (fname, cname) VALUES ('Chilli crab', 'Singaporean');
INSERT INTO Food (fname, cname) VALUES ('Kaya toast', 'Singaporean');
INSERT INTO Food (fname, cname) VALUES ('Ayam bakar', 'Indonesian');
INSERT INTO Food (fname, cname) VALUES ('Ayam Penyet', 'Indonesian');
INSERT INTO Food (fname, cname) VALUES ('Babi panggang', 'Indonesian');
INSERT INTO Food (fname, cname) VALUES ('Bubur ayam', 'Indonesian');
INSERT INTO Food (fname, cname) VALUES ('Gado-gado', 'Indonesian');
INSERT INTO Food (fname, cname) VALUES ('Gulai', 'Indonesian');
INSERT INTO Food (fname, cname) VALUES ('Ikan goreng', 'Indonesian');
INSERT INTO Food (fname, cname) VALUES ('Ketupat', 'Indonesian');
INSERT INTO Food (fname, cname) VALUES ('Lontong', 'Indonesian');
INSERT INTO Food (fname, cname) VALUES ('Rendang', 'Indonesian');
INSERT INTO Food (fname, cname) VALUES ('Sinigang', 'Filipino');
INSERT INTO Food (fname, cname) VALUES ('Humba', 'Filipino');
INSERT INTO Food (fname, cname) VALUES ('Inun-unan', 'Filipino');
INSERT INTO Food (fname, cname) VALUES ('Limpia', 'Filipino');
INSERT INTO Food (fname, cname) VALUES ('Morcon', 'Filipino');
INSERT INTO Food (fname, cname) VALUES ('Pinangat', 'Filipino');
INSERT INTO Food (fname, cname) VALUES ('Sisig', 'Filipino');
INSERT INTO Food (fname, cname) VALUES ('Torta', 'Filipino');
INSERT INTO Food (fname, cname) VALUES ('Balut', 'Filipino');
INSERT INTO Food (fname, cname) VALUES ('Pancit palabok', 'Filipino');
INSERT INTO Sells (rname, fname, price) VALUES ('Peace Meal', 'Formaggi', '17.23');
INSERT INTO Sells (rname, fname, price) VALUES ('Peace Meal', 'Verdura', '14.01');
INSERT INTO Sells (rname, fname, price) VALUES ('Peace Meal', 'Lasagne', '41.89');
INSERT INTO Sells (rname, fname, price) VALUES ('Peace Meal', 'Penne', '2.98');
INSERT INTO Sells (rname, fname, price) VALUES ('Peace Meal', 'Biscotti', '46.44');
INSERT INTO Sells (rname, fname, price) VALUES ('Peace Meal', 'Tortellini', '22.13');
INSERT INTO Sells (rname, fname, price) VALUES ('Peace Meal', 'Pizza', '17.89');
INSERT INTO Sells (rname, fname, price) VALUES ('Waffle Stomper', 'Char siu', '2.87');
INSERT INTO Sells (rname, fname, price) VALUES ('Waffle Stomper', 'Mongolian lamb', '10.54');
INSERT INTO Sells (rname, fname, price) VALUES ('Waffle Stomper', 'Dim sum', '15.2');
INSERT INTO Sells (rname, fname, price) VALUES ('Waffle Stomper', 'Peking duck', '25.84');
INSERT INTO Sells (rname, fname, price) VALUES ('Waffle Stomper', 'Wonton', '35.52');
INSERT INTO Sells (rname, fname, price) VALUES ('Waffle Stomper', 'Mooncake', '41.89');
INSERT INTO Sells (rname, fname, price) VALUES ('Waffle Stomper', 'Congee', '44.18');
INSERT INTO Sells (rname, fname, price) VALUES ('Zuke', 'Avocado kalakkand', '32.44');
INSERT INTO Sells (rname, fname, price) VALUES ('Zuke', 'Noodle samosa', '49.0');
INSERT INTO Sells (rname, fname, price) VALUES ('Zuke', 'Pineapple pizza', '2.96');
INSERT INTO Sells (rname, fname, price) VALUES ('Zuke', 'Ras malai cake', '10.87');
INSERT INTO Sells (rname, fname, price) VALUES ('Zuke', 'Sushi buritto', '2.69');
INSERT INTO Sells (rname, fname, price) VALUES ('Zuke', 'Chocolate Nachos', '17.41');
INSERT INTO Sells (rname, fname, price) VALUES ('Zuke', 'Salsa cheese doughnuts', '15.72');
INSERT INTO Sells (rname, fname, price) VALUES ('Bob Mutton', 'Pincho', '25.53');
INSERT INTO Sells (rname, fname, price) VALUES ('Bob Mutton', 'Escudella', '2.18');
INSERT INTO Sells (rname, fname, price) VALUES ('Bob Mutton', 'Polvoron', '49.27');
INSERT INTO Sells (rname, fname, price) VALUES ('Bob Mutton', 'Paella', '30.29');
INSERT INTO Sells (rname, fname, price) VALUES ('Bob Mutton', 'Pisto', '40.58');
INSERT INTO Sells (rname, fname, price) VALUES ('Bob Mutton', 'Coca', '25.87');
INSERT INTO Sells (rname, fname, price) VALUES ('Bob Mutton', 'Cocido', '2.91');
INSERT INTO Sells (rname, fname, price) VALUES ('Food Frolic', 'Congee', '37.83');
INSERT INTO Sells (rname, fname, price) VALUES ('Food Frolic', 'Peking duck', '46.16');
INSERT INTO Sells (rname, fname, price) VALUES ('Food Frolic', 'Fried rice', '9.63');
INSERT INTO Sells (rname, fname, price) VALUES ('Food Frolic', 'Mongolian lamb', '13.46');
INSERT INTO Sells (rname, fname, price) VALUES ('Food Frolic', 'Wonton', '32.04');
INSERT INTO Sells (rname, fname, price) VALUES ('Food Frolic', 'Fried noodles', '5.24');
INSERT INTO Sells (rname, fname, price) VALUES ('Food Frolic', 'Braised pork', '7.34');
INSERT INTO Sells (rname, fname, price) VALUES ('Minga', 'Pasta', '4.73');
INSERT INTO Sells (rname, fname, price) VALUES ('Minga', 'Ravioli', '38.2');
INSERT INTO Sells (rname, fname, price) VALUES ('Minga', 'Formaggi', '7.93');
INSERT INTO Sells (rname, fname, price) VALUES ('Minga', 'Penne', '22.81');
INSERT INTO Sells (rname, fname, price) VALUES ('Minga', 'Carne', '26.3');
INSERT INTO Sells (rname, fname, price) VALUES ('Minga', 'Verdura', '2.36');
INSERT INTO Sells (rname, fname, price) VALUES ('Minga', 'Biscotti', '1.1');
INSERT INTO Sells (rname, fname, price) VALUES ('The Raspy Magpie', 'Dak galbi', '41.77');
INSERT INTO Sells (rname, fname, price) VALUES ('The Raspy Magpie', 'Bulgogi', '40.66');
INSERT INTO Sells (rname, fname, price) VALUES ('The Raspy Magpie', 'Burungji', '24.52');
INSERT INTO Sells (rname, fname, price) VALUES ('The Raspy Magpie', 'Namul', '31.91');
INSERT INTO Sells (rname, fname, price) VALUES ('The Raspy Magpie', 'Kimchi', '9.31');
INSERT INTO Sells (rname, fname, price) VALUES ('The Raspy Magpie', 'Makchang', '46.39');
INSERT INTO Sells (rname, fname, price) VALUES ('The Raspy Magpie', 'Bibimbap', '5.52');
INSERT INTO Sells (rname, fname, price) VALUES ('Unit Socrates', 'Verdura', '41.05');
INSERT INTO Sells (rname, fname, price) VALUES ('Unit Socrates', 'Ravioli', '24.32');
INSERT INTO Sells (rname, fname, price) VALUES ('Unit Socrates', 'Penne', '35.97');
INSERT INTO Sells (rname, fname, price) VALUES ('Unit Socrates', 'Formaggi', '13.55');
INSERT INTO Sells (rname, fname, price) VALUES ('Unit Socrates', 'Carne', '48.14');
INSERT INTO Sells (rname, fname, price) VALUES ('Unit Socrates', 'Tortellini', '4.5');
INSERT INTO Sells (rname, fname, price) VALUES ('Unit Socrates', 'Pasta', '24.52');
INSERT INTO Sells (rname, fname, price) VALUES ('Ozean', 'Pinangat', '18.96');
INSERT INTO Sells (rname, fname, price) VALUES ('Ozean', 'Sisig', '1.56');
INSERT INTO Sells (rname, fname, price) VALUES ('Ozean', 'Humba', '42.3');
INSERT INTO Sells (rname, fname, price) VALUES ('Ozean', 'Inun-unan', '14.45');
INSERT INTO Sells (rname, fname, price) VALUES ('Ozean', 'Torta', '14.32');
INSERT INTO Sells (rname, fname, price) VALUES ('Ozean', 'Morcon', '23.92');
INSERT INTO Sells (rname, fname, price) VALUES ('Ozean', 'Sinigang', '5.31');
INSERT INTO Sells (rname, fname, price) VALUES ('The Crazy Crawfish', 'Apfelkuchen', '40.97');
INSERT INTO Sells (rname, fname, price) VALUES ('The Crazy Crawfish', 'Maultaschen', '10.21');
INSERT INTO Sells (rname, fname, price) VALUES ('The Crazy Crawfish', 'Schupfnudel', '3.7');
INSERT INTO Sells (rname, fname, price) VALUES ('The Crazy Crawfish', 'Bayrisch Kraut', '20.09');
INSERT INTO Sells (rname, fname, price) VALUES ('The Crazy Crawfish', 'Bierwurst', '11.45');
INSERT INTO Sells (rname, fname, price) VALUES ('The Crazy Crawfish', 'Bratwurst', '49.88');
INSERT INTO Sells (rname, fname, price) VALUES ('The Crazy Crawfish', 'Hasenpfeffer', '5.98');
INSERT INTO Sells (rname, fname, price) VALUES ('Cornpone Castle', 'Paella', '4.69');
INSERT INTO Sells (rname, fname, price) VALUES ('Cornpone Castle', 'Pincho', '22.3');
INSERT INTO Sells (rname, fname, price) VALUES ('Cornpone Castle', 'Polvoron', '9.34');
INSERT INTO Sells (rname, fname, price) VALUES ('Cornpone Castle', 'Gazpacho', '41.27');
INSERT INTO Sells (rname, fname, price) VALUES ('Cornpone Castle', 'Churrosi', '12.15');
INSERT INTO Sells (rname, fname, price) VALUES ('Cornpone Castle', 'Cocido', '2.52');
INSERT INTO Sells (rname, fname, price) VALUES ('Cornpone Castle', 'Coca', '36.17');
INSERT INTO Sells (rname, fname, price) VALUES ('Lyricalia', 'Mi krop', '38.96');
INSERT INTO Sells (rname, fname, price) VALUES ('Lyricalia', 'Kuaichap', '17.64');
INSERT INTO Sells (rname, fname, price) VALUES ('Lyricalia', 'Tom yam boran', '49.08');
INSERT INTO Sells (rname, fname, price) VALUES ('Lyricalia', 'Chin hum', '30.36');
INSERT INTO Sells (rname, fname, price) VALUES ('Lyricalia', 'Khao man gai', '6.15');
INSERT INTO Sells (rname, fname, price) VALUES ('Lyricalia', 'Khanom jeen nam yaa', '13.14');
INSERT INTO Sells (rname, fname, price) VALUES ('Lyricalia', 'Bami haeng pet', '10.57');
INSERT INTO Sells (rname, fname, price) VALUES ('Quickie Lickie', 'Chin hum', '36.1');
INSERT INTO Sells (rname, fname, price) VALUES ('Quickie Lickie', 'Chim chum', '2.29');
INSERT INTO Sells (rname, fname, price) VALUES ('Quickie Lickie', 'Tom yam boran', '29.22');
INSERT INTO Sells (rname, fname, price) VALUES ('Quickie Lickie', 'Khanom jeen nam yaa', '30.81');
INSERT INTO Sells (rname, fname, price) VALUES ('Quickie Lickie', 'Bami haeng pet', '27.32');
INSERT INTO Sells (rname, fname, price) VALUES ('Quickie Lickie', 'Khao kha mu', '16.49');
INSERT INTO Sells (rname, fname, price) VALUES ('Quickie Lickie', 'Khao soi Mae Sai', '43.39');
INSERT INTO Sells (rname, fname, price) VALUES ('Prawn Phreak', 'Biscotti', '26.96');
INSERT INTO Sells (rname, fname, price) VALUES ('Prawn Phreak', 'Verdura', '45.87');
INSERT INTO Sells (rname, fname, price) VALUES ('Prawn Phreak', 'Formaggi', '31.22');
INSERT INTO Sells (rname, fname, price) VALUES ('Prawn Phreak', 'Pasta', '42.41');
INSERT INTO Sells (rname, fname, price) VALUES ('Prawn Phreak', 'Pizza', '4.44');
INSERT INTO Sells (rname, fname, price) VALUES ('Prawn Phreak', 'Ravioli', '22.69');
INSERT INTO Sells (rname, fname, price) VALUES ('Prawn Phreak', 'Lasagne', '38.86');
INSERT INTO Sells (rname, fname, price) VALUES ('Rockyard', 'Carne', '41.01');
INSERT INTO Sells (rname, fname, price) VALUES ('Rockyard', 'Formaggi', '47.22');
INSERT INTO Sells (rname, fname, price) VALUES ('Rockyard', 'Verdura', '20.71');
INSERT INTO Sells (rname, fname, price) VALUES ('Rockyard', 'Pasta', '16.15');
INSERT INTO Sells (rname, fname, price) VALUES ('Rockyard', 'Penne', '3.07');
INSERT INTO Sells (rname, fname, price) VALUES ('Rockyard', 'Biscotti', '4.52');
INSERT INTO Sells (rname, fname, price) VALUES ('Rockyard', 'Pizza', '27.36');
INSERT INTO Sells (rname, fname, price) VALUES ('Flambo', 'Ayam bakar', '21.99');
INSERT INTO Sells (rname, fname, price) VALUES ('Flambo', 'Gado-gado', '19.95');
INSERT INTO Sells (rname, fname, price) VALUES ('Flambo', 'Ketupat', '3.7');
INSERT INTO Sells (rname, fname, price) VALUES ('Flambo', 'Rendang', '31.44');
INSERT INTO Sells (rname, fname, price) VALUES ('Flambo', 'Babi panggang', '37.29');
INSERT INTO Sells (rname, fname, price) VALUES ('Flambo', 'Gulai', '42.48');
INSERT INTO Sells (rname, fname, price) VALUES ('Flambo', 'Lontong', '34.37');
INSERT INTO Sells (rname, fname, price) VALUES ('Bennies Fishery', 'Vegetable soup', '18.88');
INSERT INTO Sells (rname, fname, price) VALUES ('Bennies Fishery', 'Caesar salad', '16.26');
INSERT INTO Sells (rname, fname, price) VALUES ('Bennies Fishery', 'Cucumber soup', '43.78');
INSERT INTO Sells (rname, fname, price) VALUES ('Bennies Fishery', 'Carrot salad', '24.72');
INSERT INTO Sells (rname, fname, price) VALUES ('Bennies Fishery', 'Spinach salad', '16.7');
INSERT INTO Sells (rname, fname, price) VALUES ('Bennies Fishery', 'Israeli salad', '29.56');
INSERT INTO Sells (rname, fname, price) VALUES ('Bennies Fishery', 'Vegetable chips', '7.97');
INSERT INTO Sells (rname, fname, price) VALUES ('Shakedown', 'Ikan goreng', '2.04');
INSERT INTO Sells (rname, fname, price) VALUES ('Shakedown', 'Gado-gado', '29.07');
INSERT INTO Sells (rname, fname, price) VALUES ('Shakedown', 'Babi panggang', '17.79');
INSERT INTO Sells (rname, fname, price) VALUES ('Shakedown', 'Bubur ayam', '16.55');
INSERT INTO Sells (rname, fname, price) VALUES ('Shakedown', 'Lontong', '41.56');
INSERT INTO Sells (rname, fname, price) VALUES ('Shakedown', 'Ayam Penyet', '34.76');
INSERT INTO Sells (rname, fname, price) VALUES ('Shakedown', 'Gulai', '37.07');
INSERT INTO Sells (rname, fname, price) VALUES ('Gorganic', 'Polvoron', '25.85');
INSERT INTO Sells (rname, fname, price) VALUES ('Gorganic', 'Escudella', '19.29');
INSERT INTO Sells (rname, fname, price) VALUES ('Gorganic', 'Paella', '40.9');
INSERT INTO Sells (rname, fname, price) VALUES ('Gorganic', 'Pincho', '19.47');
INSERT INTO Sells (rname, fname, price) VALUES ('Gorganic', 'Churrosi', '41.2');
INSERT INTO Sells (rname, fname, price) VALUES ('Gorganic', 'Gazpacho', '41.88');
INSERT INTO Sells (rname, fname, price) VALUES ('Gorganic', 'Cocido', '0.03');
INSERT INTO Sells (rname, fname, price) VALUES ('AstroCoffee', 'Kaya toast', '31.94');
INSERT INTO Sells (rname, fname, price) VALUES ('AstroCoffee', 'Bak chor mee', '22.26');
INSERT INTO Sells (rname, fname, price) VALUES ('AstroCoffee', 'Chicken rice', '34.09');
INSERT INTO Sells (rname, fname, price) VALUES ('AstroCoffee', 'Satay', '2.03');
INSERT INTO Sells (rname, fname, price) VALUES ('AstroCoffee', 'Mee siam', '5.61');
INSERT INTO Sells (rname, fname, price) VALUES ('AstroCoffee', 'Fish head curry', '2.8');
INSERT INTO Sells (rname, fname, price) VALUES ('AstroCoffee', 'Mee pok', '6.12');
INSERT INTO Sells (rname, fname, price) VALUES ('Pizza Experience', 'Cake', '47.32');
INSERT INTO Sells (rname, fname, price) VALUES ('Pizza Experience', 'Doughnuts', '41.94');
INSERT INTO Sells (rname, fname, price) VALUES ('Pizza Experience', 'Cupcake', '44.34');
INSERT INTO Sells (rname, fname, price) VALUES ('Pizza Experience', 'Chocolate', '37.15');
INSERT INTO Sells (rname, fname, price) VALUES ('Pizza Experience', 'Brownies', '28.44');
INSERT INTO Sells (rname, fname, price) VALUES ('Pizza Experience', 'Muffin', '0.92');
INSERT INTO Sells (rname, fname, price) VALUES ('Pizza Experience', 'Cheesecake', '26.48');
INSERT INTO Sells (rname, fname, price) VALUES ('Banjo Pancake', 'Cookies', '22.39');
INSERT INTO Sells (rname, fname, price) VALUES ('Banjo Pancake', 'Brownies', '33.81');
INSERT INTO Sells (rname, fname, price) VALUES ('Banjo Pancake', 'Cupcake', '28.44');
INSERT INTO Sells (rname, fname, price) VALUES ('Banjo Pancake', 'Cheesecake', '49.9');
INSERT INTO Sells (rname, fname, price) VALUES ('Banjo Pancake', 'Apple pie', '33.2');
INSERT INTO Sells (rname, fname, price) VALUES ('Banjo Pancake', 'Chocolate', '47.61');
INSERT INTO Sells (rname, fname, price) VALUES ('Banjo Pancake', 'Doughnuts', '34.32');
INSERT INTO Sells (rname, fname, price) VALUES ('Atomic Coffee', 'Bratwurst', '4.69');
INSERT INTO Sells (rname, fname, price) VALUES ('Atomic Coffee', 'Bierwurst', '38.13');
INSERT INTO Sells (rname, fname, price) VALUES ('Atomic Coffee', 'Bayrisch Kraut', '2.34');
INSERT INTO Sells (rname, fname, price) VALUES ('Atomic Coffee', 'Sauerkraut', '35.01');
INSERT INTO Sells (rname, fname, price) VALUES ('Atomic Coffee', 'Apfelkuchen', '44.21');
INSERT INTO Sells (rname, fname, price) VALUES ('Atomic Coffee', 'Schupfnudel', '38.95');
INSERT INTO Sells (rname, fname, price) VALUES ('Atomic Coffee', 'Wibele', '27.86');
INSERT INTO Sells (rname, fname, price) VALUES ('Coffee Lodge', 'Barbacoa', '40.67');
INSERT INTO Sells (rname, fname, price) VALUES ('Coffee Lodge', 'Enchilada', '11.2');
INSERT INTO Sells (rname, fname, price) VALUES ('Coffee Lodge', 'Quesadillas', '38.97');
INSERT INTO Sells (rname, fname, price) VALUES ('Coffee Lodge', 'Churros', '24.16');
INSERT INTO Sells (rname, fname, price) VALUES ('Coffee Lodge', 'Fajitas', '33.26');
INSERT INTO Sells (rname, fname, price) VALUES ('Coffee Lodge', 'Salsa', '21.84');
INSERT INTO Sells (rname, fname, price) VALUES ('Coffee Lodge', 'Frijoles', '42.99');
INSERT INTO Sells (rname, fname, price) VALUES ('Friendly Fire', 'Butter chicken', '11.83');
INSERT INTO Sells (rname, fname, price) VALUES ('Friendly Fire', 'Dal', '27.82');
INSERT INTO Sells (rname, fname, price) VALUES ('Friendly Fire', 'Appam', '22.82');
INSERT INTO Sells (rname, fname, price) VALUES ('Friendly Fire', 'Puttu', '43.43');
INSERT INTO Sells (rname, fname, price) VALUES ('Friendly Fire', 'Disa', '17.18');
INSERT INTO Sells (rname, fname, price) VALUES ('Friendly Fire', 'Chapati', '36.38');
INSERT INTO Sells (rname, fname, price) VALUES ('Friendly Fire', 'Prata', '30.62');
INSERT INTO Sells (rname, fname, price) VALUES ('Tandoori Vittles', 'Kohlroulade', '12.49');
INSERT INTO Sells (rname, fname, price) VALUES ('Tandoori Vittles', 'Hasenpfeffer', '11.81');
INSERT INTO Sells (rname, fname, price) VALUES ('Tandoori Vittles', 'Bratwurst', '19.83');
INSERT INTO Sells (rname, fname, price) VALUES ('Tandoori Vittles', 'Apfelkuchen', '30.34');
INSERT INTO Sells (rname, fname, price) VALUES ('Tandoori Vittles', 'Schupfnudel', '17.38');
INSERT INTO Sells (rname, fname, price) VALUES ('Tandoori Vittles', 'Wibele', '13.98');
INSERT INTO Sells (rname, fname, price) VALUES ('Tandoori Vittles', 'Maultaschen', '19.24');
INSERT INTO Sells (rname, fname, price) VALUES ('Sasskatchy!', 'Pastitsio', '48.45');
INSERT INTO Sells (rname, fname, price) VALUES ('Sasskatchy!', 'GGyros', '48.8');
INSERT INTO Sells (rname, fname, price) VALUES ('Sasskatchy!', 'Greek salad', '14.73');
INSERT INTO Sells (rname, fname, price) VALUES ('Sasskatchy!', 'Dakos', '15.89');
INSERT INTO Sells (rname, fname, price) VALUES ('Sasskatchy!', 'Finikia', '41.99');
INSERT INTO Sells (rname, fname, price) VALUES ('Sasskatchy!', 'Diples', '1.73');
INSERT INTO Sells (rname, fname, price) VALUES ('Sasskatchy!', 'Lazarakia', '12.12');
INSERT INTO Sells (rname, fname, price) VALUES ('Tarmac', 'Chin hum', '16.9');
INSERT INTO Sells (rname, fname, price) VALUES ('Tarmac', 'Khao soi Mae Sai', '15.08');
INSERT INTO Sells (rname, fname, price) VALUES ('Tarmac', 'Kuaichap', '22.83');
INSERT INTO Sells (rname, fname, price) VALUES ('Tarmac', 'Chim chum', '9.25');
INSERT INTO Sells (rname, fname, price) VALUES ('Tarmac', 'Mi krop', '29.25');
INSERT INTO Sells (rname, fname, price) VALUES ('Tarmac', 'Khanom jeen nam yaa', '19.45');
INSERT INTO Sells (rname, fname, price) VALUES ('Tarmac', 'Bami haeng pet', '43.28');
INSERT INTO Sells (rname, fname, price) VALUES ('Slow & Pulpy', 'Steak', '22.4');
INSERT INTO Sells (rname, fname, price) VALUES ('Slow & Pulpy', 'Waffles', '5.45');
INSERT INTO Sells (rname, fname, price) VALUES ('Slow & Pulpy', 'Burger', '18.11');
INSERT INTO Sells (rname, fname, price) VALUES ('Slow & Pulpy', 'Cola', '15.82');
INSERT INTO Sells (rname, fname, price) VALUES ('Slow & Pulpy', 'Cereal', '48.03');
INSERT INTO Sells (rname, fname, price) VALUES ('Slow & Pulpy', 'Peanut butter and jelly sandwiches', '42.44');
INSERT INTO Sells (rname, fname, price) VALUES ('Slow & Pulpy', 'Fried chicken', '18.84');
INSERT INTO Sells (rname, fname, price) VALUES ('Lambastica', 'Baguette', '16.28');
INSERT INTO Sells (rname, fname, price) VALUES ('Lambastica', 'Eclair', '0.0');
INSERT INTO Sells (rname, fname, price) VALUES ('Lambastica', 'Souffle', '26.07');
INSERT INTO Sells (rname, fname, price) VALUES ('Lambastica', 'Escargot', '20.25');
INSERT INTO Sells (rname, fname, price) VALUES ('Lambastica', 'Croissant', '13.68');
INSERT INTO Sells (rname, fname, price) VALUES ('Lambastica', 'Panisses', '42.06');
INSERT INTO Sells (rname, fname, price) VALUES ('Lambastica', 'Brandade', '45.39');
INSERT INTO Sells (rname, fname, price) VALUES ('The Lunchroom', 'Dressed herring', '2.13');
INSERT INTO Sells (rname, fname, price) VALUES ('The Lunchroom', 'Pozharsky cutlet', '6.73');
INSERT INTO Sells (rname, fname, price) VALUES ('The Lunchroom', 'Chicken Kiev', '3.13');
INSERT INTO Sells (rname, fname, price) VALUES ('The Lunchroom', 'Solyanka', '14.0');
INSERT INTO Sells (rname, fname, price) VALUES ('The Lunchroom', 'Beef Stroganoff', '0.97');
INSERT INTO Sells (rname, fname, price) VALUES ('The Lunchroom', 'Pelmeni', '18.39');
INSERT INTO Sells (rname, fname, price) VALUES ('The Lunchroom', 'Vatrushka', '10.45');
INSERT INTO Sells (rname, fname, price) VALUES ('Jackie Diamonds', 'Miso soup', '29.78');
INSERT INTO Sells (rname, fname, price) VALUES ('Jackie Diamonds', 'Sushi', '35.63');
INSERT INTO Sells (rname, fname, price) VALUES ('Jackie Diamonds', 'Ramen', '30.73');
INSERT INTO Sells (rname, fname, price) VALUES ('Jackie Diamonds', 'Sashimi', '48.05');
INSERT INTO Sells (rname, fname, price) VALUES ('Jackie Diamonds', 'Soba', '21.35');
INSERT INTO Sells (rname, fname, price) VALUES ('Jackie Diamonds', 'Oyakodon', '2.4');
INSERT INTO Sells (rname, fname, price) VALUES ('Jackie Diamonds', 'Mochi', '46.62');
INSERT INTO Sells (rname, fname, price) VALUES ('Phat Kettle O Prawns', 'Caesar salad', '35.69');
INSERT INTO Sells (rname, fname, price) VALUES ('Phat Kettle O Prawns', 'Vegetable soup', '25.18');
INSERT INTO Sells (rname, fname, price) VALUES ('Phat Kettle O Prawns', 'Vegetable sandwich', '1.99');
INSERT INTO Sells (rname, fname, price) VALUES ('Phat Kettle O Prawns', 'Israeli salad', '38.58');
INSERT INTO Sells (rname, fname, price) VALUES ('Phat Kettle O Prawns', 'Potato salad', '6.13');
INSERT INTO Sells (rname, fname, price) VALUES ('Phat Kettle O Prawns', 'Spinach salad', '45.96');
INSERT INTO Sells (rname, fname, price) VALUES ('Phat Kettle O Prawns', 'Carrot salad', '9.57');
INSERT INTO Sells (rname, fname, price) VALUES ('ExoPlanet', 'Dakos', '2.39');
INSERT INTO Sells (rname, fname, price) VALUES ('ExoPlanet', 'Diples', '36.55');
INSERT INTO Sells (rname, fname, price) VALUES ('ExoPlanet', 'Pastitsio', '41.9');
INSERT INTO Sells (rname, fname, price) VALUES ('ExoPlanet', 'Finikia', '20.98');
INSERT INTO Sells (rname, fname, price) VALUES ('ExoPlanet', 'Mydia', '21.89');
INSERT INTO Sells (rname, fname, price) VALUES ('ExoPlanet', 'Bougatsa', '7.55');
INSERT INTO Sells (rname, fname, price) VALUES ('ExoPlanet', 'Lazarakia', '49.06');
INSERT INTO Sells (rname, fname, price) VALUES ('Food Haus', 'Bierwurst', '45.06');
INSERT INTO Sells (rname, fname, price) VALUES ('Food Haus', 'Hasenpfeffer', '48.82');
INSERT INTO Sells (rname, fname, price) VALUES ('Food Haus', 'Kohlroulade', '43.16');
INSERT INTO Sells (rname, fname, price) VALUES ('Food Haus', 'Bayrisch Kraut', '25.29');
INSERT INTO Sells (rname, fname, price) VALUES ('Food Haus', 'Sauerkraut', '16.28');
INSERT INTO Sells (rname, fname, price) VALUES ('Food Haus', 'Wibele', '10.07');
INSERT INTO Sells (rname, fname, price) VALUES ('Food Haus', 'Maultaschen', '45.36');
INSERT INTO Sells (rname, fname, price) VALUES ('Snark Bite', 'Arab salad', '35.36');
INSERT INTO Sells (rname, fname, price) VALUES ('Snark Bite', 'Vegetable sandwich', '9.07');
INSERT INTO Sells (rname, fname, price) VALUES ('Snark Bite', 'Spinach salad', '37.21');
INSERT INTO Sells (rname, fname, price) VALUES ('Snark Bite', 'Carrot salad', '20.41');
INSERT INTO Sells (rname, fname, price) VALUES ('Snark Bite', 'Vegetable chips', '16.47');
INSERT INTO Sells (rname, fname, price) VALUES ('Snark Bite', 'Potato salad', '44.03');
INSERT INTO Sells (rname, fname, price) VALUES ('Snark Bite', 'Caesar salad', '16.38');
INSERT INTO Sells (rname, fname, price) VALUES ('Que', 'Cheesecake', '22.42');
INSERT INTO Sells (rname, fname, price) VALUES ('Que', 'Cake', '2.76');
INSERT INTO Sells (rname, fname, price) VALUES ('Que', 'Cookies', '33.8');
INSERT INTO Sells (rname, fname, price) VALUES ('Que', 'Doughnuts', '9.48');
INSERT INTO Sells (rname, fname, price) VALUES ('Que', 'Apple pie', '27.7');
INSERT INTO Sells (rname, fname, price) VALUES ('Que', 'Chocolate', '1.17');
INSERT INTO Sells (rname, fname, price) VALUES ('Que', 'Biscuits', '35.51');
INSERT INTO Sells (rname, fname, price) VALUES ('Meow Meow', 'Mee pok', '41.77');
INSERT INTO Sells (rname, fname, price) VALUES ('Meow Meow', 'Chicken rice', '32.26');
INSERT INTO Sells (rname, fname, price) VALUES ('Meow Meow', 'Kaya toast', '28.14');
INSERT INTO Sells (rname, fname, price) VALUES ('Meow Meow', 'Mee siam', '17.63');
INSERT INTO Sells (rname, fname, price) VALUES ('Meow Meow', 'Satay', '11.38');
INSERT INTO Sells (rname, fname, price) VALUES ('Meow Meow', 'Ban mian', '30.37');
INSERT INTO Sells (rname, fname, price) VALUES ('Meow Meow', 'Chilli crab', '23.76');
INSERT INTO Sells (rname, fname, price) VALUES ('Plastique', 'Appam', '0.25');
INSERT INTO Sells (rname, fname, price) VALUES ('Plastique', 'Chapati', '26.8');
INSERT INTO Sells (rname, fname, price) VALUES ('Plastique', 'Disa', '16.93');
INSERT INTO Sells (rname, fname, price) VALUES ('Plastique', 'Dal', '41.06');
INSERT INTO Sells (rname, fname, price) VALUES ('Plastique', 'Chicken tikka', '41.16');
INSERT INTO Sells (rname, fname, price) VALUES ('Plastique', 'Puttu', '34.81');
INSERT INTO Sells (rname, fname, price) VALUES ('Plastique', 'Butter chicken', '39.33');
INSERT INTO Sells (rname, fname, price) VALUES ('Lotus Boogie', 'Mochi', '37.63');
INSERT INTO Sells (rname, fname, price) VALUES ('Lotus Boogie', 'Ramen', '0.36');
INSERT INTO Sells (rname, fname, price) VALUES ('Lotus Boogie', 'Udon', '22.8');
INSERT INTO Sells (rname, fname, price) VALUES ('Lotus Boogie', 'Miso soup', '24.85');
INSERT INTO Sells (rname, fname, price) VALUES ('Lotus Boogie', 'Oyakodon', '9.85');
INSERT INTO Sells (rname, fname, price) VALUES ('Lotus Boogie', 'Gyoza', '40.26');
INSERT INTO Sells (rname, fname, price) VALUES ('Lotus Boogie', 'Sushi', '26.11');
INSERT INTO Sells (rname, fname, price) VALUES ('Taste Tease', 'Salsa cheese doughnuts', '15.73');
INSERT INTO Sells (rname, fname, price) VALUES ('Taste Tease', 'Caviar burger', '9.29');
INSERT INTO Sells (rname, fname, price) VALUES ('Taste Tease', 'Chocolate Nachos', '22.4');
INSERT INTO Sells (rname, fname, price) VALUES ('Taste Tease', 'Ras malai cake', '28.89');
INSERT INTO Sells (rname, fname, price) VALUES ('Taste Tease', 'Sushi pizza', '21.13');
INSERT INTO Sells (rname, fname, price) VALUES ('Taste Tease', 'Chinese pizza', '17.3');
INSERT INTO Sells (rname, fname, price) VALUES ('Taste Tease', 'Sushi buritto', '32.95');
INSERT INTO Sells (rname, fname, price) VALUES ('Aroma Borealis', 'Brandade', '25.23');
INSERT INTO Sells (rname, fname, price) VALUES ('Aroma Borealis', 'Croissant', '46.6');
INSERT INTO Sells (rname, fname, price) VALUES ('Aroma Borealis', 'Callisson', '23.25');
INSERT INTO Sells (rname, fname, price) VALUES ('Aroma Borealis', 'Souffle', '48.78');
INSERT INTO Sells (rname, fname, price) VALUES ('Aroma Borealis', 'Panisses', '10.99');
INSERT INTO Sells (rname, fname, price) VALUES ('Aroma Borealis', 'Macarons', '15.68');
INSERT INTO Sells (rname, fname, price) VALUES ('Aroma Borealis', 'Tripoux', '18.54');
INSERT INTO Sells (rname, fname, price) VALUES ('Tersanki', 'Greek salad', '31.4');
INSERT INTO Sells (rname, fname, price) VALUES ('Tersanki', 'Lazarakia', '4.28');
INSERT INTO Sells (rname, fname, price) VALUES ('Tersanki', 'Pastitsio', '39.8');
INSERT INTO Sells (rname, fname, price) VALUES ('Tersanki', 'Dakos', '10.27');
INSERT INTO Sells (rname, fname, price) VALUES ('Tersanki', 'Bougatsa', '35.79');
INSERT INTO Sells (rname, fname, price) VALUES ('Tersanki', 'GGyros', '2.28');
INSERT INTO Sells (rname, fname, price) VALUES ('Tersanki', 'Pita', '43.32');
INSERT INTO Sells (rname, fname, price) VALUES ('Coffee Cat', 'Braised pork', '45.85');
INSERT INTO Sells (rname, fname, price) VALUES ('Coffee Cat', 'Fried rice', '26.9');
INSERT INTO Sells (rname, fname, price) VALUES ('Coffee Cat', 'Congee', '43.61');
INSERT INTO Sells (rname, fname, price) VALUES ('Coffee Cat', 'Dim sum', '1.36');
INSERT INTO Sells (rname, fname, price) VALUES ('Coffee Cat', 'Wonton', '12.43');
INSERT INTO Sells (rname, fname, price) VALUES ('Coffee Cat', 'Fried noodles', '44.12');
INSERT INTO Sells (rname, fname, price) VALUES ('Coffee Cat', 'Char siu', '34.06');
INSERT INTO Sells (rname, fname, price) VALUES ('Quick Licks', 'Verdura', '40.93');
INSERT INTO Sells (rname, fname, price) VALUES ('Quick Licks', 'Ravioli', '36.15');
INSERT INTO Sells (rname, fname, price) VALUES ('Quick Licks', 'Formaggi', '13.95');
INSERT INTO Sells (rname, fname, price) VALUES ('Quick Licks', 'Tortellini', '41.38');
INSERT INTO Sells (rname, fname, price) VALUES ('Quick Licks', 'Pasta', '29.82');
INSERT INTO Sells (rname, fname, price) VALUES ('Quick Licks', 'Carne', '28.33');
INSERT INTO Sells (rname, fname, price) VALUES ('Quick Licks', 'Lasagne', '45.09');
INSERT INTO Sells (rname, fname, price) VALUES ('Crustatia', 'Puttu', '19.42');
INSERT INTO Sells (rname, fname, price) VALUES ('Crustatia', 'Chaat', '29.16');
INSERT INTO Sells (rname, fname, price) VALUES ('Crustatia', 'Chicken tikka', '24.76');
INSERT INTO Sells (rname, fname, price) VALUES ('Crustatia', 'Disa', '49.84');
INSERT INTO Sells (rname, fname, price) VALUES ('Crustatia', 'Chapati', '42.3');
INSERT INTO Sells (rname, fname, price) VALUES ('Crustatia', 'Biryani', '17.44');
INSERT INTO Sells (rname, fname, price) VALUES ('Crustatia', 'Appam', '29.85');
INSERT INTO Sells (rname, fname, price) VALUES ('The Running Monk', 'Chim chum', '42.51');
INSERT INTO Sells (rname, fname, price) VALUES ('The Running Monk', 'Khao kha mu', '30.38');
INSERT INTO Sells (rname, fname, price) VALUES ('The Running Monk', 'Khanom jeen nam yaa', '49.53');
INSERT INTO Sells (rname, fname, price) VALUES ('The Running Monk', 'Tom yam boran', '12.25');
INSERT INTO Sells (rname, fname, price) VALUES ('The Running Monk', 'Khao man gai', '34.3');
INSERT INTO Sells (rname, fname, price) VALUES ('The Running Monk', 'Bami haeng pet', '3.15');
INSERT INTO Sells (rname, fname, price) VALUES ('The Running Monk', 'Chin hum', '22.46');
INSERT INTO Sells (rname, fname, price) VALUES ('The Glassy Eye', 'Salsa cheese doughnuts', '33.34');
INSERT INTO Sells (rname, fname, price) VALUES ('The Glassy Eye', 'Sushi buritto', '46.68');
INSERT INTO Sells (rname, fname, price) VALUES ('The Glassy Eye', 'Chinese pizza', '33.88');
INSERT INTO Sells (rname, fname, price) VALUES ('The Glassy Eye', 'Noodle samosa', '38.61');
INSERT INTO Sells (rname, fname, price) VALUES ('The Glassy Eye', 'Pineapple pizza', '34.08');
INSERT INTO Sells (rname, fname, price) VALUES ('The Glassy Eye', 'Ras malai cake', '41.7');
INSERT INTO Sells (rname, fname, price) VALUES ('The Glassy Eye', 'Sushi pizza', '34.59');
INSERT INTO Sells (rname, fname, price) VALUES ('The Spigot', 'Fried noodles', '30.21');
INSERT INTO Sells (rname, fname, price) VALUES ('The Spigot', 'Mooncake', '32.91');
INSERT INTO Sells (rname, fname, price) VALUES ('The Spigot', 'Braised pork', '12.25');
INSERT INTO Sells (rname, fname, price) VALUES ('The Spigot', 'Peking duck', '26.31');
INSERT INTO Sells (rname, fname, price) VALUES ('The Spigot', 'Dim sum', '22.8');
INSERT INTO Sells (rname, fname, price) VALUES ('The Spigot', 'Fried rice', '14.37');
INSERT INTO Sells (rname, fname, price) VALUES ('The Spigot', 'Mongolian lamb', '18.46');
INSERT INTO Sells (rname, fname, price) VALUES ('Passion Pork', 'Limpia', '27.12');
INSERT INTO Sells (rname, fname, price) VALUES ('Passion Pork', 'Sinigang', '5.25');
INSERT INTO Sells (rname, fname, price) VALUES ('Passion Pork', 'Humba', '17.97');
INSERT INTO Sells (rname, fname, price) VALUES ('Passion Pork', 'Inun-unan', '22.87');
INSERT INTO Sells (rname, fname, price) VALUES ('Passion Pork', 'Torta', '44.37');
INSERT INTO Sells (rname, fname, price) VALUES ('Passion Pork', 'Pinangat', '4.11');
INSERT INTO Sells (rname, fname, price) VALUES ('Passion Pork', 'Balut', '3.89');
INSERT INTO Reserves (reid, rname, aname, address, username, numPax, confirmed, amount, dateTime) VALUES (0, 'Ozean', 'Downtown Core', '504 Kimberley Road Singapore 168773', 'Mika', '4', true, 0.00, '2019-05-11 12:42:4');
INSERT INTO Rates (raid, rname, aname, address, username, comment, score, dateTime) VALUES (0, 'Ozean', 'Downtown Core', '504 Kimberley Road Singapore 168773', 'Mika', 'KSkTsTMkIKtAKUyOXjnagOZfUyLUGKPARSWRstsFtJPFraNQgsSfwNQCfQXhBaPwSFyPgWQopTLHnwoQnnnJseLkHPylZKuwzMVK', 9, '2019-05-20 12:42:4');
INSERT INTO Reserves (reid, rname, aname, address, username, numPax, confirmed, amount, dateTime) VALUES (1, 'Bob Mutton', 'Bukit Merah', '372 Everett Road Singapore 384840', 'Byron', '6', true, 0.00, '2019-05-11 15:32:55');
INSERT INTO Rates (raid, rname, aname, address, username, comment, score, dateTime) VALUES (1, 'Bob Mutton', 'Bukit Merah', '372 Everett Road Singapore 384840', 'Byron', 'RMRfvgmzrgzaooQLsxcgqgCCbgsTDRVxbSJaEJazhjzaWgLDAcroToMAhggMeTZlozYkLPxcZorjwEqfORPuPbQvTYyauEUSBsTq', 4, '2019-05-20 15:32:55');
INSERT INTO Reserves (reid, rname, aname, address, username, numPax, confirmed, amount, dateTime) VALUES (2, 'Pizza Experience', 'Ang Mo Kio', '723 Giovanni Road Singapore 379538', 'Florentino', '1', true, 0.00, '2019-05-11 12:21:29');
INSERT INTO Rates (raid, rname, aname, address, username, comment, score, dateTime) VALUES (2, 'Pizza Experience', 'Ang Mo Kio', '723 Giovanni Road Singapore 379538', 'Florentino', 'lUZRKVmEyXpmBpDbgfmObedyHpeGVYYevwNVFvUAbsccAtkBamHbsMGfcrIbFMtrilFhyryoruihLgxBXSCzpZpLSMveCvyYMNQG', 1, '2019-05-20 12:21:29');
INSERT INTO Reserves (reid, rname, aname, address, username, numPax, confirmed, amount, dateTime) VALUES (3, 'Aroma Borealis', 'Mandai', '31 Veola Road Singapore 981101', 'Maria', '1', true, 0.00, '2019-05-11 14:49:35');
INSERT INTO Rates (raid, rname, aname, address, username, comment, score, dateTime) VALUES (3, 'Aroma Borealis', 'Mandai', '31 Veola Road Singapore 981101', 'Maria', 'ZSziOYzWKhEqVGFZIVSNkFNejEdCSPuLYcLQqcCzCiNCuXgHwMHokWpJHnaYdqXaXHdCjaAPaLTBheWYDlmOaFySaAJIWQvVGXaT', 6, '2019-05-20 14:49:35');
INSERT INTO Reserves (reid, rname, aname, address, username, numPax, confirmed, amount, dateTime) VALUES (4, 'Snark Bite', 'Downtown Core', '337 Faith Road Singapore 782700', 'Kathy', '2', true, 0.00, '2019-05-11 15:48:8');
INSERT INTO Rates (raid, rname, aname, address, username, comment, score, dateTime) VALUES (4, 'Snark Bite', 'Downtown Core', '337 Faith Road Singapore 782700', 'Kathy', 'JjAWYwNyhXbIAaeJKdcwBXdjstsrPUbVpdHUgjScgIJHRsvlzTGilKwKZYDLECJiyMxYBMlZaRcelFhsCkLabFRVpVJGLMaOmBIs', 3, '2019-05-20 15:48:8');
INSERT INTO Reserves (reid, rname, aname, address, username, numPax, confirmed, amount, dateTime) VALUES (5, 'Bennies Fishery', 'Downtown Core', '150 Alton Road Singapore 785287', 'Bernarda', '4', true, 0.00, '2019-05-11 15:50:30');
INSERT INTO Rates (raid, rname, aname, address, username, comment, score, dateTime) VALUES (5, 'Bennies Fishery', 'Downtown Core', '150 Alton Road Singapore 785287', 'Bernarda', 'exBczDfFofLyAoCJTmYnsqKgrXzaTeLyJYiZVzlGmMAhdlbzpwXtRbMHwxQeDjSTygsYUGrxucNysJCZjjiiaobULOtrWYvNnlpV', 10, '2019-05-20 15:50:30');
INSERT INTO Reserves (reid, rname, aname, address, username, numPax, confirmed, amount, dateTime) VALUES (6, 'Flambo', 'Ang Mo Kio', '748 Joana Road Singapore 757211', 'Michaela', '2', true, 0.00, '2019-05-11 14:16:29');
INSERT INTO Rates (raid, rname, aname, address, username, comment, score, dateTime) VALUES (6, 'Flambo', 'Ang Mo Kio', '748 Joana Road Singapore 757211', 'Michaela', 'cRRjGxcDvPykAgvogMRbdaQpqlCasoikLxnJPRWqVpGdpisvLdYgAWeusHFxhWladKbvYgiagtnVhFCwOICdvcqVRWZcGaqFqlwf', 0, '2019-05-20 14:16:29');
INSERT INTO Reserves (reid, rname, aname, address, username, numPax, confirmed, amount, dateTime) VALUES (7, 'Peace Meal', 'Changi Bay', '369 Kathy Road Singapore 178607', 'Kimber', '9', true, 0.00, '2019-05-11 15:46:17');
INSERT INTO Rates (raid, rname, aname, address, username, comment, score, dateTime) VALUES (7, 'Peace Meal', 'Changi Bay', '369 Kathy Road Singapore 178607', 'Kimber', 'hAmcoAzDYYkoPwrJyDUmQrmeobKyEfdMrhfgjXMcBvXnASfJYfZgivCJwaMvIenzIKyBGtqSGaRERniRgsELFfOfGJRkVICVYkjL', 4, '2019-05-20 15:46:17');
INSERT INTO Reserves (reid, rname, aname, address, username, numPax, confirmed, amount, dateTime) VALUES (8, 'Coffee Lodge', 'Museum', '686 Everett Road Singapore 498693', 'Isabell', '6', true, 0.00, '2019-05-11 13:25:8');
INSERT INTO Rates (raid, rname, aname, address, username, comment, score, dateTime) VALUES (8, 'Coffee Lodge', 'Museum', '686 Everett Road Singapore 498693', 'Isabell', 'oJxTnhMyjndfzmxVxDGusrgAGyycFdUlXgtXXnwBJMJKEdkvQmMRABbiLGMzoiYQvMYUUnwpMzDHgbQOLUpuLOGVLWNQiOWInnfW', 10, '2019-05-20 13:25:8');
INSERT INTO Reserves (reid, rname, aname, address, username, numPax, confirmed, amount, dateTime) VALUES (9, 'Atomic Coffee', 'Sembawang', '620 Krystle Road Singapore 591222', 'Toni', '1', true, 0.00, '2019-05-11 15:33:46');
INSERT INTO Rates (raid, rname, aname, address, username, comment, score, dateTime) VALUES (9, 'Atomic Coffee', 'Sembawang', '620 Krystle Road Singapore 591222', 'Toni', 'EsPXLduUusbIrcoaGiMVoRLcXllRIVvQJmADcgjNJXKJRnRVWNVeklKFiuaecrXLOZJPbPTmcwTFdSDEyEtmkoQVZhJYFAGqPXgd', 10, '2019-05-20 15:33:46');
INSERT INTO Reserves (reid, rname, aname, address, username, numPax, confirmed, amount, dateTime) VALUES (10, 'Lotus Boogie', 'Marine Parade', '593 Debby Road Singapore 639143', 'Luisa', '8', true, 0.00, '2019-05-11 13:38:59');
INSERT INTO Rates (raid, rname, aname, address, username, comment, score, dateTime) VALUES (10, 'Lotus Boogie', 'Marine Parade', '593 Debby Road Singapore 639143', 'Luisa', 'yMNFfzowAAoryYAnNjEuZtJhUBMqtTkyiDkVSzzIshmtSPAThscniByerOVsqtSpYWPLLFNtploILhAbTgGUtoaBhgeuUnqWcrsv', 4, '2019-05-20 13:38:59');
INSERT INTO Reserves (reid, rname, aname, address, username, numPax, confirmed, amount, dateTime) VALUES (11, 'Peace Meal', 'Orchard', '554 Stephane Road Singapore 106325', 'Raphael', '9', true, 0.00, '2019-05-11 15:29:22');
INSERT INTO Rates (raid, rname, aname, address, username, comment, score, dateTime) VALUES (11, 'Peace Meal', 'Orchard', '554 Stephane Road Singapore 106325', 'Raphael', 'tuMAOsJezMyvCEtpVNIdCEVyKZoDTFcuxcCijuRTMdnQYZjRePhtiJBvglceTUqntuZbwHbVkqTxnEkeFrUyHSlqwnKOyVumqAeh', 0, '2019-05-20 15:29:22');
INSERT INTO Reserves (reid, rname, aname, address, username, numPax, confirmed, amount, dateTime) VALUES (12, 'Ozean', 'Sengkang', '305 Barney Road Singapore 554100', 'Magdalena', '0', true, 0.00, '2019-05-11 14:1:57');
INSERT INTO Rates (raid, rname, aname, address, username, comment, score, dateTime) VALUES (12, 'Ozean', 'Sengkang', '305 Barney Road Singapore 554100', 'Magdalena', 'fHKpJUepHJdjbMToBaOjISpvocttBDMxDeiPBvNToYEtrhQzkZplqQYaVLAstSRThCnzAmKLwRcYscnLxMjVpjhNIyslhrfPcbcz', 10, '2019-05-20 14:1:57');
INSERT INTO Reserves (reid, rname, aname, address, username, numPax, confirmed, amount, dateTime) VALUES (13, 'Prawn Phreak', 'Western Water Catchment', '513 Laurena Road Singapore 287267', 'Azzie', '0', true, 0.00, '2019-05-11 15:36:55');
INSERT INTO Rates (raid, rname, aname, address, username, comment, score, dateTime) VALUES (13, 'Prawn Phreak', 'Western Water Catchment', '513 Laurena Road Singapore 287267', 'Azzie', 'LWHmoyCYRXYEyZyEVSUoHGkGpdGnUWgRzjKONcumTEPegtXEhkTUVMILkVqpvWmJPdPUFACIkfvXHLLXyaCDRIYqgFBMbWKdCUBu', 3, '2019-05-20 15:36:55');
INSERT INTO Reserves (reid, rname, aname, address, username, numPax, confirmed, amount, dateTime) VALUES (14, 'Banjo Pancake', 'Bukit Batok', '26 Raphael Road Singapore 668049', 'Charolette', '2', true, 0.00, '2019-05-11 13:1:51');
INSERT INTO Rates (raid, rname, aname, address, username, comment, score, dateTime) VALUES (14, 'Banjo Pancake', 'Bukit Batok', '26 Raphael Road Singapore 668049', 'Charolette', 'ivsgWQGDBQseTNfunEkUUjfXaSyvKsnaIGuEqdiLPqABrmcwjEZlySsJYhsCmcMakdwlKZbyPawbpWERUFQJibxnoZuZzBiKBYiJ', 4, '2019-05-20 13:1:51');
INSERT INTO Reserves (reid, rname, aname, address, username, numPax, confirmed, amount, dateTime) VALUES (15, 'Tarmac', 'Paya Lebar', '906 Giovanni Road Singapore 613538', 'Karima', '1', true, 0.00, '2019-05-11 12:29:41');
INSERT INTO Rates (raid, rname, aname, address, username, comment, score, dateTime) VALUES (15, 'Tarmac', 'Paya Lebar', '906 Giovanni Road Singapore 613538', 'Karima', 'vaktxSDWnLwdoydHZnZGcLoqXvLfgVhcJeYQzPLEdRWbtmzlUcoaerjiOoxBWQuOLYQLZFYkNvQXivZrxaSvYtYNpeKWtnEYsVRe', 0, '2019-05-20 12:29:41');
INSERT INTO Reserves (reid, rname, aname, address, username, numPax, confirmed, amount, dateTime) VALUES (16, 'Taste Tease', 'Marina South', '838 Penny Road Singapore 464101', 'Janine', '6', true, 0.00, '2019-05-11 12:57:21');
INSERT INTO Rates (raid, rname, aname, address, username, comment, score, dateTime) VALUES (16, 'Taste Tease', 'Marina South', '838 Penny Road Singapore 464101', 'Janine', 'UDTkXFWHgsnQmclJpXyAyDBeKfaDGwPAMWgPWRxpzjOdFbTOmhtHENycSrPSCNzCVYcgbyXuMuDFlmZnGWckUyyIKmvuTcsMvURu', 2, '2019-05-20 12:57:21');
INSERT INTO Reserves (reid, rname, aname, address, username, numPax, confirmed, amount, dateTime) VALUES (17, 'The Running Monk', 'Lim Chu Kang', '124 Janetta Road Singapore 887541', 'Rosalee', '2', true, 0.00, '2019-05-11 15:30:26');
INSERT INTO Rates (raid, rname, aname, address, username, comment, score, dateTime) VALUES (17, 'The Running Monk', 'Lim Chu Kang', '124 Janetta Road Singapore 887541', 'Rosalee', 'NynrVASSYUUldnvxCxbYYVzVoLXGWkWPfviqelUhXvKsxcDuSDGCLwqoccYNRmPhCUdNRrFxRGslHZKeAowspgbHaNwcgrxcVhIp', 4, '2019-05-20 15:30:26');
INSERT INTO Reserves (reid, rname, aname, address, username, numPax, confirmed, amount, dateTime) VALUES (18, 'Quick Licks', 'Queenstown', '115 Madelaine Road Singapore 409407', 'Eleanora', '2', true, 0.00, '2019-05-11 15:29:34');
INSERT INTO Rates (raid, rname, aname, address, username, comment, score, dateTime) VALUES (18, 'Quick Licks', 'Queenstown', '115 Madelaine Road Singapore 409407', 'Eleanora', 'xCgTpnlbJatKmUhEDpqALqhgJemhEFVStrRbsqLcFRTTpWoNiORecpwaJgliGqLWCBsTVqPNbSiUvEOoHhHaJqMlonDLBiGKywKA', 5, '2019-05-20 15:29:34');
INSERT INTO Reserves (reid, rname, aname, address, username, numPax, confirmed, amount, dateTime) VALUES (19, 'Ozean', 'Jurong West', '472 Raphael Road Singapore 733462', 'Stephani', '5', true, 0.00, '2019-05-11 14:54:29');
INSERT INTO Rates (raid, rname, aname, address, username, comment, score, dateTime) VALUES (19, 'Ozean', 'Jurong West', '472 Raphael Road Singapore 733462', 'Stephani', 'LPOEzESTYaCxYIlUdzFdMydpVYmFczFwIWArFEtpgmsqLnASwKDTSjwSQRzhOAjdqFEMfHJVqhoIGRKHXyobNieMWIynMWbAIBVz', 4, '2019-05-20 14:54:29');
INSERT INTO Reserves (reid, rname, aname, address, username, numPax, confirmed, amount, dateTime) VALUES (20, 'Crustatia', 'Novena', '760 Kimber Road Singapore 888784', 'Tammie', '1', true, 0.00, '2019-05-11 14:25:7');
INSERT INTO Rates (raid, rname, aname, address, username, comment, score, dateTime) VALUES (20, 'Crustatia', 'Novena', '760 Kimber Road Singapore 888784', 'Tammie', 'BCGWbOAQXXqDRPniiPUCHuDtnEDcptlmBnluMXrHErvhyLPUgxMYVEcbOaXdSixSLoFUFGPoCxBDuWvkbocXPfZivXjdcyOouMsP', 6, '2019-05-20 14:25:7');
INSERT INTO Reserves (reid, rname, aname, address, username, numPax, confirmed, amount, dateTime) VALUES (21, 'Passion Pork', 'Choa Chu Kang', '850 Oma Road Singapore 223851', 'Flo', '1', true, 0.00, '2019-05-11 14:15:44');
INSERT INTO Rates (raid, rname, aname, address, username, comment, score, dateTime) VALUES (21, 'Passion Pork', 'Choa Chu Kang', '850 Oma Road Singapore 223851', 'Flo', 'zlEGcyRpRistGhryyEjkesjbzleyTwPtwKpkQrFEgBisPQIWmlQEbSjkETsDFozfDpEQJFNRPhxheRtSwDJmbArMUyYiBJtWIBfh', 9, '2019-05-20 14:15:44');
INSERT INTO Reserves (reid, rname, aname, address, username, numPax, confirmed, amount, dateTime) VALUES (22, 'Minga', 'Choa Chu Kang', '103 Kimberley Road Singapore 237146', 'Verna', '7', true, 0.00, '2019-05-11 12:15:56');
INSERT INTO Rates (raid, rname, aname, address, username, comment, score, dateTime) VALUES (22, 'Minga', 'Choa Chu Kang', '103 Kimberley Road Singapore 237146', 'Verna', 'upJQANKpOPgfWMbTdZnIdjSyCwyLRGkzvvmupODgwADxavbwARDbcuQqgAHZJdTxXQcxhMFXAJzqsOnqyqjmshuYjWZznmCeLWpq', 2, '2019-05-20 12:15:56');
INSERT INTO Reserves (reid, rname, aname, address, username, numPax, confirmed, amount, dateTime) VALUES (23, 'Passion Pork', 'Choa Chu Kang', '850 Oma Road Singapore 223851', 'Sunni', '2', true, 0.00, '2019-05-11 12:30:10');
INSERT INTO Rates (raid, rname, aname, address, username, comment, score, dateTime) VALUES (23, 'Passion Pork', 'Choa Chu Kang', '850 Oma Road Singapore 223851', 'Sunni', 'GScJcHqZkKxCKoxsngxtLySXXTDjXyDQkzOmObngOYHLsZMjHpfTeAgoUkuKRLHjIkHTumPdfMBoTRbydstWTUoBMPHonqTprCLo', 9, '2019-05-20 12:30:10');
INSERT INTO Reserves (reid, rname, aname, address, username, numPax, confirmed, amount, dateTime) VALUES (24, 'Shakedown', 'Marina East', '23 Tashia Road Singapore 762902', 'Rodrigo', '1', true, 0.00, '2019-05-11 14:50:37');
INSERT INTO Rates (raid, rname, aname, address, username, comment, score, dateTime) VALUES (24, 'Shakedown', 'Marina East', '23 Tashia Road Singapore 762902', 'Rodrigo', 'ScoAZNagWOqZECNKOUGOcywNLzLqgdHRbSXoLwnVxYKgqRLhEFrToqVdFkTypBxvOFYAdqNPDiZjvfWJKKQPEDTuvzsvFKPLcWKK', 5, '2019-05-20 14:50:37');
INSERT INTO Reserves (reid, rname, aname, address, username, numPax, confirmed, amount, dateTime) VALUES (25, 'Lambastica', 'Bedok', '747 Jay Road Singapore 643286', 'Janetta', '0', true, 0.00, '2019-05-11 14:26:56');
INSERT INTO Rates (raid, rname, aname, address, username, comment, score, dateTime) VALUES (25, 'Lambastica', 'Bedok', '747 Jay Road Singapore 643286', 'Janetta', 'LvoBNsTRnSOvmoASPATZBHVeqAmEyGAgMxHyHecFpgPwEFBqkSxglunAvPGKgCTaOaGyHhawUbZQqLzFwvNqrbekedabObACzKZt', 9, '2019-05-20 14:26:56');
INSERT INTO Reserves (reid, rname, aname, address, username, numPax, confirmed, amount, dateTime) VALUES (26, 'Plastique', 'Lim Chu Kang', '175 Maria Road Singapore 848744', 'Scotty', '6', true, 0.00, '2019-05-11 15:49:53');
INSERT INTO Rates (raid, rname, aname, address, username, comment, score, dateTime) VALUES (26, 'Plastique', 'Lim Chu Kang', '175 Maria Road Singapore 848744', 'Scotty', 'MwKkSmmvMqzGxrZBBKBlVXpxzanVpLPIBeiyZMhOqPdEQwAXTUDDPHhPQmmzIGackKEJkirTqIlvJOkjwaFaByLXjiwgSKZVZwsk', 3, '2019-05-20 15:49:53');
INSERT INTO Reserves (reid, rname, aname, address, username, numPax, confirmed, amount, dateTime) VALUES (27, 'Aroma Borealis', 'Paya Lebar', '87 Tammie Road Singapore 384982', 'Mayme', '8', true, 0.00, '2019-05-11 13:28:27');
INSERT INTO Rates (raid, rname, aname, address, username, comment, score, dateTime) VALUES (27, 'Aroma Borealis', 'Paya Lebar', '87 Tammie Road Singapore 384982', 'Mayme', 'qkRQMDmyDrWTGlWLQBVcjoqAuLajeIWWgROZXGLWguloVabdrRyUhXgOEfVjHiZBmUtbfCWBqrIhzGgBPNHvtLXimPNwvSSeEhDK', 0, '2019-05-20 13:28:27');
INSERT INTO Reserves (reid, rname, aname, address, username, numPax, confirmed, amount, dateTime) VALUES (28, 'Peace Meal', 'Changi Bay', '369 Kathy Road Singapore 178607', 'Madelaine', '2', true, 0.00, '2019-05-11 12:27:52');
INSERT INTO Rates (raid, rname, aname, address, username, comment, score, dateTime) VALUES (28, 'Peace Meal', 'Changi Bay', '369 Kathy Road Singapore 178607', 'Madelaine', 'ykgxpCFcyfQCePdqcOTMXLAaAoyqNnLAsrAFfKWlanSagwCgFNbEedhgnoDkodQWEqDOotfSougjdBxiLxdJzXMdwTZtFHTOZnDN', 3, '2019-05-20 12:27:52');
INSERT INTO Reserves (reid, rname, aname, address, username, numPax, confirmed, amount, dateTime) VALUES (29, 'Peace Meal', 'Western Water Catchment', '74 Toni Road Singapore 850505', 'Daisey', '6', true, 0.00, '2019-05-11 13:57:30');
INSERT INTO Rates (raid, rname, aname, address, username, comment, score, dateTime) VALUES (29, 'Peace Meal', 'Western Water Catchment', '74 Toni Road Singapore 850505', 'Daisey', 'LwapzgOtdAeRTAxTpuUcTPOGPyMXoDjdPcPKPFgOsaOQLlLjhYSWnbOAIrhVxuuSMbKevxMAaKJsvPHITXTKiDNVhGVwSHWHbHwE', 6, '2019-05-20 13:57:30');
INSERT INTO Reserves (reid, rname, aname, address, username, numPax, confirmed, amount, dateTime) VALUES (30, 'The Raspy Magpie', 'Yishun', '270 Staci Road Singapore 852185', 'Marya', '4', true, 0.00, '2019-05-11 14:48:15');
INSERT INTO Rates (raid, rname, aname, address, username, comment, score, dateTime) VALUES (30, 'The Raspy Magpie', 'Yishun', '270 Staci Road Singapore 852185', 'Marya', 'WvynXwbmJofGAtMKQVVcbzWqfWGHQWNBYRRNwARUbqxICMaWZMuEybtvZjzIiatExEuHWFHFHgDoMTwTyxwnaisBvpowLyMLYmrK', 3, '2019-05-20 14:48:15');
INSERT INTO Reserves (reid, rname, aname, address, username, numPax, confirmed, amount, dateTime) VALUES (31, 'Passion Pork', 'Novena', '747 Alton Road Singapore 652488', 'Gwen', '0', true, 0.00, '2019-05-11 14:14:40');
INSERT INTO Rates (raid, rname, aname, address, username, comment, score, dateTime) VALUES (31, 'Passion Pork', 'Novena', '747 Alton Road Singapore 652488', 'Gwen', 'gwzxhWVheGqDnyqRtSssaomTfTrgGHyGthGpiZVcysGmZobokYHlrZPFexJodIQxQkCEhWqOvAcIiAFihXCBZRSSpWxKqFYJJpRE', 5, '2019-05-20 14:14:40');
INSERT INTO Reserves (reid, rname, aname, address, username, numPax, confirmed, amount, dateTime) VALUES (32, 'Prawn Phreak', 'Boon Lay', '168 Oma Road Singapore 105359', 'Debby', '4', true, 0.00, '2019-05-11 13:13:55');
INSERT INTO Rates (raid, rname, aname, address, username, comment, score, dateTime) VALUES (32, 'Prawn Phreak', 'Boon Lay', '168 Oma Road Singapore 105359', 'Debby', 'oAdyghzRSRDryJDNXyyIlYvMXCIEsQVATqNOnJztaMZFEkyAreOBzlkzeZJFRLYgeCdShImtPhHcfTMKtEBDwsEtGCiXLlTNwazA', 5, '2019-05-20 13:13:55');
INSERT INTO Reserves (reid, rname, aname, address, username, numPax, confirmed, amount, dateTime) VALUES (33, 'Pizza Experience', 'Singapore River', '658 Jay Road Singapore 190838', 'Ricki', '4', true, 0.00, '2019-05-11 14:56:19');
INSERT INTO Rates (raid, rname, aname, address, username, comment, score, dateTime) VALUES (33, 'Pizza Experience', 'Singapore River', '658 Jay Road Singapore 190838', 'Ricki', 'fyayMrBosDdhiwGNsDbQBIRPlBVxrzvfBtvOvhVmtxlOKIYpERLBkecIdCwTdnRNBoEzktZWWmqqxAfGQLJOOHfUZVaTGUVNLIcs', 8, '2019-05-20 14:56:19');
INSERT INTO Reserves (reid, rname, aname, address, username, numPax, confirmed, amount, dateTime) VALUES (34, 'Waffle Stomper', 'Punggol', '243 Savanna Road Singapore 533830', 'Barney', '0', true, 0.00, '2019-05-11 13:23:57');
INSERT INTO Rates (raid, rname, aname, address, username, comment, score, dateTime) VALUES (34, 'Waffle Stomper', 'Punggol', '243 Savanna Road Singapore 533830', 'Barney', 'xSGBNtLJLEFLZBlcDToFrZTnqgjrVEQyIUkrPUXyjZrjLEOOXWQuuGPShdVUnltZlfmvCoIfXyADoKmVxLPNNZwlpSgEgzbdOTNu', 7, '2019-05-20 13:23:57');
INSERT INTO Reserves (reid, rname, aname, address, username, numPax, confirmed, amount, dateTime) VALUES (35, 'Sasskatchy!', 'Ang Mo Kio', '168 Tamela Road Singapore 241406', 'Donya', '6', true, 0.00, '2019-05-11 13:16:43');
INSERT INTO Rates (raid, rname, aname, address, username, comment, score, dateTime) VALUES (35, 'Sasskatchy!', 'Ang Mo Kio', '168 Tamela Road Singapore 241406', 'Donya', 'NxEcCCqKUdCMUlFkJMEYPWnhGvXuAdGQqhkbJUexODWiJNIcjaxpqabhshIIWWMOGuztyZXxzEBJNgQJCVuMcROUZevGobzIPrOI', 0, '2019-05-20 13:16:43');
INSERT INTO Reserves (reid, rname, aname, address, username, numPax, confirmed, amount, dateTime) VALUES (36, 'Shakedown', 'Marina East', '23 Tashia Road Singapore 762902', 'Faith', '0', true, 0.00, '2019-05-11 14:20:24');
INSERT INTO Rates (raid, rname, aname, address, username, comment, score, dateTime) VALUES (36, 'Shakedown', 'Marina East', '23 Tashia Road Singapore 762902', 'Faith', 'qEifoDPloiiBFbXSaRTzzwyZxSrRPQyVzkopTCLPgoETNghLxwdGKkoROyUwPjErbRJCRpdtivGCyobNmslcRigKLEOnxaZSwwXv', 6, '2019-05-20 14:20:24');
INSERT INTO Reserves (reid, rname, aname, address, username, numPax, confirmed, amount, dateTime) VALUES (37, 'Meow Meow', 'Mandai', '895 Lakeesha Road Singapore 782867', 'Kallie', '1', true, 0.00, '2019-05-11 12:31:13');
INSERT INTO Rates (raid, rname, aname, address, username, comment, score, dateTime) VALUES (37, 'Meow Meow', 'Mandai', '895 Lakeesha Road Singapore 782867', 'Kallie', 'ZXWwsOWrHdrIHhTxaRitaWFCGageqbxcrPnyJHARvDpCvTKxZBXTwPjzvFCGAOHoIrrikxcoCyolJmKcduouECzGiNpZrytrfWOU', 6, '2019-05-20 12:31:13');
INSERT INTO Reserves (reid, rname, aname, address, username, numPax, confirmed, amount, dateTime) VALUES (38, 'Pizza Experience', 'Outram', '368 Mika Road Singapore 761989', 'Bradly', '1', true, 0.00, '2019-05-11 15:54:21');
INSERT INTO Rates (raid, rname, aname, address, username, comment, score, dateTime) VALUES (38, 'Pizza Experience', 'Outram', '368 Mika Road Singapore 761989', 'Bradly', 'fskUYoiVzlZNPIQarOQyzlUButQKtFkBwBBdLNkuIPjaDvHEFwGRlKSQhVYXjOnqvGhUwsIpIdeLdLRLlfTUppDxLyfuOwcGNYre', 7, '2019-05-20 15:54:21');
INSERT INTO Reserves (reid, rname, aname, address, username, numPax, confirmed, amount, dateTime) VALUES (39, 'The Crazy Crawfish', 'Jurong East', '812 Penny Road Singapore 384920', 'Christiana', '5', true, 0.00, '2019-05-11 15:34:44');
INSERT INTO Rates (raid, rname, aname, address, username, comment, score, dateTime) VALUES (39, 'The Crazy Crawfish', 'Jurong East', '812 Penny Road Singapore 384920', 'Christiana', 'atytUiPSqGoFNivGOkAZJZGHiubMAJrNQRRCUHRVwBTGLTxzxmElcZDUUOVDaGOTUCtoepenmILuwEvEZeePPwXnIxSWnsNIcNow', 1, '2019-05-20 15:34:44');
INSERT INTO Reserves (reid, rname, aname, address, username, numPax, confirmed, amount, dateTime) VALUES (40, 'Plastique', 'North-Eastern Islands', '522 Donya Road Singapore 172704', 'Penny', '2', true, 0.00, '2019-05-11 15:12:11');
INSERT INTO Rates (raid, rname, aname, address, username, comment, score, dateTime) VALUES (40, 'Plastique', 'North-Eastern Islands', '522 Donya Road Singapore 172704', 'Penny', 'YJHmHInkrDNwCYIrFCeoWDjBVYrgnLBZiHzmFMiOboPQEjIcFlXQZyEYMyLMLeIpjCXOUANWdlFeMXdnPFMLjZqkhUNNDkUdjeyl', 1, '2019-05-20 15:12:11');
INSERT INTO Reserves (reid, rname, aname, address, username, numPax, confirmed, amount, dateTime) VALUES (41, 'Peace Meal', 'Orchard', '554 Stephane Road Singapore 106325', 'Alton', '5', true, 0.00, '2019-05-11 14:18:52');
INSERT INTO Rates (raid, rname, aname, address, username, comment, score, dateTime) VALUES (41, 'Peace Meal', 'Orchard', '554 Stephane Road Singapore 106325', 'Alton', 'tQixRFxVWLLxOjDBADexOyVXGBuWguqlpRfQStXydFoLExQZYijCzzeZGIMLdBWCnUEzwWWAhuQFXcdgxdYJNGdmagMfWNBIEmfZ', 2, '2019-05-20 14:18:52');
INSERT INTO Reserves (reid, rname, aname, address, username, numPax, confirmed, amount, dateTime) VALUES (42, 'Lyricalia', 'Marina East', '702 Denyse Road Singapore 273812', 'Tashia', '7', true, 0.00, '2019-05-11 15:16:5');
INSERT INTO Rates (raid, rname, aname, address, username, comment, score, dateTime) VALUES (42, 'Lyricalia', 'Marina East', '702 Denyse Road Singapore 273812', 'Tashia', 'uWlRJTVhhDMkALOAqhxUsFWnOKyItxRzrhcKUqFdbybCfFncxqXWpjOSlXMEDdWfFZhoSEHngSqlgUKXGMOQhILKuTzrcPyygJPv', 10, '2019-05-20 15:16:5');
INSERT INTO Reserves (reid, rname, aname, address, username, numPax, confirmed, amount, dateTime) VALUES (43, 'Flambo', 'Jurong West', '921 Daisey Road Singapore 410229', 'Madlyn', '9', true, 0.00, '2019-05-11 15:16:33');
INSERT INTO Rates (raid, rname, aname, address, username, comment, score, dateTime) VALUES (43, 'Flambo', 'Jurong West', '921 Daisey Road Singapore 410229', 'Madlyn', 'qWAEZxrKSeMkOAzrPbjuEWikPkYgxBpRUMLXDuTMHcQgYUtmPCYThyuJmoUbduTFNKmAqrOadsECfmYWDAfDsgApYdNdYwYwfLje', 9, '2019-05-20 15:16:33');
INSERT INTO Reserves (reid, rname, aname, address, username, numPax, confirmed, amount, dateTime) VALUES (44, 'Crustatia', 'Jurong West', '496 Denyse Road Singapore 845189', 'Conception', '4', true, 0.00, '2019-05-11 15:27:29');
INSERT INTO Rates (raid, rname, aname, address, username, comment, score, dateTime) VALUES (44, 'Crustatia', 'Jurong West', '496 Denyse Road Singapore 845189', 'Conception', 'ArYyJfwvnjcBluESwGlAEjtRHMeTotqoblOeTLVhuAtuXIPkIrLjQXSKkCSNrQnOGsOmKEuHMmjttDKdfmMYXPvzNBSBQXkNaWEg', 4, '2019-05-20 15:27:29');
INSERT INTO Reserves (reid, rname, aname, address, username, numPax, confirmed, amount, dateTime) VALUES (45, 'Plastique', 'Ang Mo Kio', '861 Rodrigo Road Singapore 920546', 'Rodger', '3', true, 0.00, '2019-05-11 15:41:51');
INSERT INTO Rates (raid, rname, aname, address, username, comment, score, dateTime) VALUES (45, 'Plastique', 'Ang Mo Kio', '861 Rodrigo Road Singapore 920546', 'Rodger', 'tMkJxLnQIEqYNQHixwxlHAhyuJOLyIebsOQxqciMDEBBiKHrxNcJduOjgcnLmqiLDAvFWkbkuyuqdcnLeVRrFpSNknSZuWhbgEoo', 3, '2019-05-20 15:41:51');
INSERT INTO Reserves (reid, rname, aname, address, username, numPax, confirmed, amount, dateTime) VALUES (46, 'Cornpone Castle', 'Novena', '750 Deandrea Road Singapore 787790', 'Merna', '4', true, 0.00, '2019-05-11 15:45:1');
INSERT INTO Rates (raid, rname, aname, address, username, comment, score, dateTime) VALUES (46, 'Cornpone Castle', 'Novena', '750 Deandrea Road Singapore 787790', 'Merna', 'rjCdXgEWMnOjlwUyGlECVrRlhBJTWgLoniaGvGsYIAWbeXZzsXVfBzghpKKeRGYbCTSUXLXfdSWrnqEofMyxQnyEGQGpaKEkHdAd', 2, '2019-05-20 15:45:1');
INSERT INTO Reserves (reid, rname, aname, address, username, numPax, confirmed, amount, dateTime) VALUES (47, 'Prawn Phreak', 'Boon Lay', '168 Oma Road Singapore 105359', 'Blair', '0', true, 0.00, '2019-05-11 15:37:38');
INSERT INTO Rates (raid, rname, aname, address, username, comment, score, dateTime) VALUES (47, 'Prawn Phreak', 'Boon Lay', '168 Oma Road Singapore 105359', 'Blair', 'XrzlGwaDmqHXFHacGQGRnrWHTkYjRoKvyXjhkxdnHOrbLbXCPoWVgFKCfkApRKvgbgUhvLBDRikxkabmOTdIPIQPMpnoPQGQVUkj', 5, '2019-05-20 15:37:38');
INSERT INTO Reserves (reid, rname, aname, address, username, numPax, confirmed, amount, dateTime) VALUES (48, 'Cornpone Castle', 'Simpang', '669 Deetta Road Singapore 483894', 'Fredda', '1', true, 0.00, '2019-05-11 13:33:16');
INSERT INTO Rates (raid, rname, aname, address, username, comment, score, dateTime) VALUES (48, 'Cornpone Castle', 'Simpang', '669 Deetta Road Singapore 483894', 'Fredda', 'GFwVHbhzIRIpoJbQvlWRVQgqArKjOQwVqcSculszwpJdxfjRIzciqkttpyALEjMkpRWDdYYvvjAgVJPNJnTXmqIQgFlFcpCgTFDS', 7, '2019-05-20 13:33:16');
INSERT INTO Reserves (reid, rname, aname, address, username, numPax, confirmed, amount, dateTime) VALUES (49, 'Cornpone Castle', 'Mandai', '194 Debby Road Singapore 763560', 'Kenny', '9', true, 0.00, '2019-05-11 12:23:28');
INSERT INTO Rates (raid, rname, aname, address, username, comment, score, dateTime) VALUES (49, 'Cornpone Castle', 'Mandai', '194 Debby Road Singapore 763560', 'Kenny', 'mkRvsDCqjwJtjPXVVagtGNzzjxewjosgWCcnJaGZuPPWZfUBWbJQzZGVoqKWkZFKGMQPLYIoZTMytwNETQfHPFDpMSarJBWSPKAp', 9, '2019-05-20 12:23:28');
INSERT INTO RestaurantPromos (rname, discount, startDate, endDate) VALUES ('Sasskatchy!', 16, '2019-7-1', '2019-8-1');
INSERT INTO RestaurantPromos (rname, discount, startDate, endDate) VALUES ('Snark Bite', 49, '2019-4-13', '2019-5-13');
INSERT INTO RestaurantPromos (rname, discount, startDate, endDate) VALUES ('Coffee Cat', 22, '2019-3-4', '2019-4-4');
INSERT INTO RestaurantPromos (rname, discount, startDate, endDate) VALUES ('Que', 39, '2019-2-14', '2019-3-14');
INSERT INTO RestaurantPromos (rname, discount, startDate, endDate) VALUES ('Crustatia', 13, '2019-1-13', '2019-2-13');
INSERT INTO RestaurantPromos (rname, discount, startDate, endDate) VALUES ('Tersanki', 40, '2019-10-23', '2019-11-23');
INSERT INTO RestaurantPromos (rname, discount, startDate, endDate) VALUES ('Taste Tease', 32, '2019-4-2', '2019-5-2');
INSERT INTO RestaurantPromos (rname, discount, startDate, endDate) VALUES ('AstroCoffee', 43, '2019-2-22', '2019-3-22');
INSERT INTO RestaurantPromos (rname, discount, startDate, endDate) VALUES ('Pizza Experience', 3, '2019-3-11', '2019-4-11');
INSERT INTO RestaurantPromos (rname, discount, startDate, endDate) VALUES ('Quickie Lickie', 43, '2019-1-14', '2019-2-14');
